include,type,name,lat,lon,description,source,kind,osm_name,link,note
yes,base,Иссыкское Форелевое Хозяйство,43.303426,77.498863,,osm:w1317418047,leisure=resort,Иссыкское Форелевое Хозяйство,https://www.openstreetmap.org/way/1317418047,отобрано вручную
yes,base,Рыбацкая деревня,43.946919,77.327669,,osm:n2386392831,leisure=resort,Рыбацкая деревня,https://www.openstreetmap.org/node/2386392831,отобрано вручную
yes,campsite,Beach camping,43.905786,77.254327,Часы работы: 7:00 - 23:00.,osm:n6755425449,tourism=camp_site,Beach camping,https://www.openstreetmap.org/node/6755425449,отобрано вручную
yes,campsite,Eco-Park Charyn Canyon Tourist Complex,43.350497,79.081198,,osm:w437956305,tourism=camp_site,Eco-Park Charyn Canyon Tourist Complex,https://www.openstreetmap.org/way/437956305,отобрано вручную
yes,campsite,Волчий котел,43.149686,77.569729,Есть питьевая вода (по данным OpenStreetMap).,osm:n13121357426,tourism=camp_site,,https://www.openstreetmap.org/node/13121357426,отобрано вручную
yes,campsite,КазПИ,43.134257,77.151538,Поляна названа так в 1948 году студентами-туристами Казахского педагогического института имени Абая во главе с Зиминым В.М. Есть питьевая вода (по данным OpenStreetMap).,osm:n12172686657,tourism=camp_site,КазПИ,https://www.openstreetmap.org/node/12172686657,отобрано вручную
yes,campsite,"Кемпинг зона ""Солнечная поляна""",43.080635,77.164987,Есть питьевая вода (по данным OpenStreetMap).,osm:w1447915202,tourism=camp_site,«Солнечная поляна» кемпинг аймағы,https://www.openstreetmap.org/way/1447915202,отобрано вручную
yes,campsite,"Кемпинг зона ""Ущелье Левый Талгар""",43.039711,77.155073,Есть питьевая вода (по данным OpenStreetMap).,osm:w1435069996,tourism=camp_site,«Сол жақ Талғар шатқалы» кемпинг аймағы,https://www.openstreetmap.org/way/1435069996,отобрано вручную
yes,campsite,"Кемпинг-зона ""Казачка""",43.125929,76.971344,Есть питьевая вода (по данным OpenStreetMap).,osm:w1389747247,tourism=camp_site,"Кемпинг-зона ""Казачка""",https://www.openstreetmap.org/way/1389747247,отобрано вручную
yes,campsite,Кок-Жайляу,43.142820,77.003942,Питьевой воды нет (по данным OpenStreetMap). Часы работы: 24/7.,osm:n6638544392,tourism=camp_site,Көк Жайлау,https://www.openstreetmap.org/node/6638544392,отобрано вручную
yes,campsite,Красная поляна,43.108962,77.160753,Есть питьевая вода (по данным OpenStreetMap).,osm:w1435044806,tourism=camp_site,Красная поляна,https://www.openstreetmap.org/way/1435044806,отобрано вручную
yes,campsite,Лунная поляна,43.067368,76.999630,Часы работы: 24/7.,osm:n6638561785,tourism=camp_site,Ай төбесі,https://www.openstreetmap.org/node/6638561785,отобрано вручную
yes,campsite,Мынжилки,43.081158,77.078701,Есть питьевая вода (по данным OpenStreetMap).,osm:n11659583428,tourism=camp_site,Мыңжылқы,https://www.openstreetmap.org/node/11659583428,отобрано вручную
yes,campsite,Пирамида,43.035942,77.003134,Есть питьевая вода (по данным OpenStreetMap).,osm:n5867415386,tourism=camp_site,,https://www.openstreetmap.org/node/5867415386,отобрано вручную
yes,campsite,Поляна Горностаев,43.002688,77.120366,Есть питьевая вода (по данным OpenStreetMap).,osm:n12199154039,tourism=camp_site,Поляна Горностаев,https://www.openstreetmap.org/node/12199154039,отобрано вручную
yes,campsite,Поляна Сновидений,42.902151,76.465518,Есть питьевая вода (по данным OpenStreetMap).,osm:n13097972773,tourism=camp_site,Поляна Сновидений,https://www.openstreetmap.org/node/13097972773,отобрано вручную
yes,campsite,Поляна Терра,43.046027,76.913301,Есть питьевая вода (по данным OpenStreetMap).,osm:n6717722180,tourism=camp_site,Терра алаңқайы,https://www.openstreetmap.org/node/6717722180,отобрано вручную
yes,campsite,Поляна Энтузиастов,43.155530,77.113985,Питьевой воды нет (по данным OpenStreetMap).,osm:n9888790178,tourism=camp_site,Энтузиастардың шырағы,https://www.openstreetmap.org/node/9888790178,отобрано вручную
yes,campsite,Пятипалая ель,43.121547,76.979185,Есть питьевая вода (по данным OpenStreetMap).,osm:n12864197219,tourism=camp_site,Пятипалая ель,https://www.openstreetmap.org/node/12864197219,отобрано вручную
yes,campsite,Райская поляна,43.099031,77.407871,Есть питьевая вода (по данным OpenStreetMap).,osm:n12182467080,tourism=camp_site,Райская поляна,https://www.openstreetmap.org/node/12182467080,отобрано вручную
yes,campsite,Рафт-сервис,43.440901,78.407391,"Адрес: Алматы, кубеева, 70. Часы работы: Mo-Su 08:00-22:00. Сайт: https://raft-service.kz/ Платно.",osm:n10744085208,tourism=camp_site,Рафт-сервис,https://www.openstreetmap.org/node/10744085208,отобрано вручную
yes,campsite,Ташкентские ночёвки,43.061936,77.082370,Питьевой воды нет (по данным OpenStreetMap).,osm:n12804560090,tourism=camp_site,Ташкент түнейді,https://www.openstreetmap.org/node/12804560090,отобрано вручную
yes,campsite,рыбалка на топарских озерах,45.018625,75.148888,,osm:n11981195869,tourism=camp_site,,https://www.openstreetmap.org/node/11981195869,отобрано вручную
yes,fishing_spot,Асылколь,43.826693,77.100833,,osm:n13590819584,leisure=fishing,Асылколь,https://www.openstreetmap.org/node/13590819584,
yes,fishing_spot,переезд маканчи,45.859592,80.039865,,osm:n7935622106,leisure=fishing,переезд маканчи,https://www.openstreetmap.org/node/7935622106,
yes,fishing_spot,слияние 2 лепсы,45.852021,80.171562,,osm:n7935623223,leisure=fishing,слияние 2 лепсы,https://www.openstreetmap.org/node/7935623223,
yes,fishing_spot,слияние с маканчи,45.855371,80.041236,,osm:n7935601117,leisure=fishing,слияние с маканчи,https://www.openstreetmap.org/node/7935601117,
yes,fishing_spot,тополево,45.924295,79.888510,,osm:n7935622677,leisure=fishing,тополево,https://www.openstreetmap.org/node/7935622677,
yes,landmark,"2-ой водопад ущелья Узын-Каргалы ""Большой Шымбулак""",43.085898,76.414504,,osm:n2677311606,waterway=waterfall,Большой Шымбулак,https://www.openstreetmap.org/node/2677311606,
yes,landmark,Алатас,43.151466,77.078363,,osm:n10963583505,waterway=waterfall,Алатас,https://www.openstreetmap.org/node/10963583505,
yes,landmark,Аюсай 1,43.096230,76.943978,,osm:n5061298381,waterway=waterfall,Аюсай 1,https://www.openstreetmap.org/node/5061298381,
yes,landmark,Аюсай 2,43.095627,76.945562,,osm:n9739879536,waterway=waterfall,Аюсай 2,https://www.openstreetmap.org/node/9739879536,
yes,landmark,Аюсай 3,43.086825,76.945114,,osm:n9044108817,waterway=waterfall,Аюсай 3,https://www.openstreetmap.org/node/9044108817,
yes,landmark,Батарейка,43.140188,77.007782,,osm:n4999671223,waterway=waterfall,Батарейка,https://www.openstreetmap.org/node/4999671223,
yes,landmark,Бурхан-Булак,45.008097,79.208324,,osm:n2445583108,waterway=waterfall,Бұрхан-Бұлақ,https://www.openstreetmap.org/node/2445583108,
yes,landmark,Бутаковский водопад,43.172306,77.114007,,osm:n1843570839,waterway=waterfall,Бутаковский сарқырамасы,https://www.openstreetmap.org/node/1843570839,
yes,landmark,Верхний бутаковский водопад,43.155881,77.121444,,osm:n10951332884,waterway=waterfall,Жоғарғы Бутаковский сарқырамасы,https://www.openstreetmap.org/node/10951332884,
yes,landmark,Верхний водопад Горельника,43.120511,77.053985,,osm:n4339984191,waterway=waterfall,Куйгенсай жоғарғы сарқырамасы,https://www.openstreetmap.org/node/4339984191,
yes,landmark,Весенний,43.118125,77.013503,,osm:n12138034522,waterway=waterfall,Весенний,https://www.openstreetmap.org/node/12138034522,
yes,landmark,Водопад Хоббита,43.076564,76.983093,,osm:n1843664605,waterway=waterfall,Хоббит сарқырамасы,https://www.openstreetmap.org/node/1843664605,
yes,landmark,Девичьи слёзы,43.082262,76.907757,,osm:n1826532293,waterway=waterfall,Девичьи слёзы,https://www.openstreetmap.org/node/1826532293,
yes,landmark,Джунгар водопад,44.779345,78.943244,,osm:n11868171169,waterway=waterfall,Жунгар,https://www.openstreetmap.org/node/11868171169,
yes,landmark,Кайракский водопад,43.185682,77.733360,,osm:n2440155576,waterway=waterfall,Қайрақ сарқырамасы,https://www.openstreetmap.org/node/2440155576,
yes,landmark,Кимасар,43.158096,77.098250,,osm:n11985152042,waterway=waterfall,Кімасар,https://www.openstreetmap.org/node/11985152042,
yes,landmark,Медвежий,43.281445,77.715439,,osm:n1843530729,waterway=waterfall,Медвежий,https://www.openstreetmap.org/node/1843530729,
yes,landmark,Нижний водопад Горельника,43.121265,77.053406,,osm:n9889534511,waterway=waterfall,Төменгі Күйгенсай сарқырамасы,https://www.openstreetmap.org/node/9889534511,
yes,landmark,Скалистый,43.262148,77.705924,,osm:n12880789984,waterway=waterfall,Скалистый,https://www.openstreetmap.org/node/12880789984,
yes,landmark,Талгарский,43.118546,77.149171,,osm:n2491876922,waterway=waterfall,Талғар,https://www.openstreetmap.org/node/2491876922,
yes,landmark,Текес,42.698796,79.469488,,osm:n4922140725,waterway=waterfall,Кутырган,https://www.openstreetmap.org/node/4922140725,
yes,landmark,Черный водопад,43.104984,77.069426,,osm:n4541761389,waterway=waterfall,Қара сарқырама,https://www.openstreetmap.org/node/4541761389,
yes,landmark,Шукыр,43.060463,77.009712,,osm:n2436578672,waterway=waterfall,Шукыр,https://www.openstreetmap.org/node/2436578672,
yes,paid_pond,Рыбацкая усадьба,43.448992,76.709295,8 000 тенге сутки удочка Сетями и динамитом нету.,osm:w1144388332,leisure=fishing,Рыбацкая усадьба,https://www.openstreetmap.org/way/1144388332,
yes,paid_pond,Форелевое хозяйство,43.327263,77.626912,,osm:n10554088330,leisure=fishing,Форелевое хозяйство,https://www.openstreetmap.org/node/10554088330,
yes,spring,9 родников,44.295910,78.189579,,osm:n10828574366,natural=spring,9 родников,https://www.openstreetmap.org/node/10828574366,
yes,spring,Алма-Арасан,43.083148,76.906157,Горячий источник.,osm:w1239563809,natural=hot_spring,Алма-Арасан,https://www.openstreetmap.org/way/1239563809,
yes,spring,Аяк-Калкан,43.858376,78.421157,Горячий радоновый источник.,osm:w1446952549,natural=hot_spring,Аяқ-Қалқан,https://www.openstreetmap.org/way/1446952549,
yes,spring,Береке,43.643586,80.082267,Горячий источник.,osm:n11768420121,natural=hot_spring,Береке,https://www.openstreetmap.org/node/11768420121,
yes,spring,Живоносный источник,43.533867,77.236688,,osm:n4595831292,natural=spring,Живоносный источник,https://www.openstreetmap.org/node/4595831292,
yes,spring,Каскелен,43.222990,76.718412,Горячий источник.,osm:n13140256779,natural=hot_spring,Каскелен,https://www.openstreetmap.org/node/13140256779,
yes,spring,Кербулак,44.169595,77.329801,,osm:n10984192687,natural=spring,Кербулак,https://www.openstreetmap.org/node/10984192687,
yes,spring,Кокбастау,43.154273,77.133799,,osm:n2491877193,natural=spring,Көкбастау,https://www.openstreetmap.org/node/2491877193,
yes,spring,Кумыс Тау,43.159460,77.035656,,osm:n9924581790,natural=spring,Күміс Тау,https://www.openstreetmap.org/node/9924581790,
yes,spring,Кұрбатан бастауы,43.245199,77.763519,Вода питьевая (по данным OpenStreetMap).,osm:n12823550031,natural=spring,Кұрбатан бастауы,https://www.openstreetmap.org/node/12823550031,
yes,spring,Олень,43.113373,76.913856,,osm:n2436806554,natural=spring,Бұғы,https://www.openstreetmap.org/node/2436806554,
yes,spring,"Родник ""Ведьмин Ручей""",43.046582,76.912631,Вода не питьевая (по данным OpenStreetMap).,osm:n8977682849,natural=spring,"""Ведьмин Ручей"" көктемі",https://www.openstreetmap.org/node/8977682849,
yes,spring,Родник Тамшыбұлақ,45.128727,79.046385,Горячий источник.,osm:n8267501317,natural=hot_spring,Родник Тамшыбұлақ,https://www.openstreetmap.org/node/8267501317,
yes,spring,Родник Шокана Валиханова,43.893765,78.558202,Вода питьевая (по данным OpenStreetMap).,osm:n6755420269,natural=spring,Родник Шокана Валиханова,https://www.openstreetmap.org/node/6755420269,
yes,spring,Родоновый источник,43.922421,78.793991,Горячий источник.,osm:n6744981218,natural=hot_spring,Родоновый источник,https://www.openstreetmap.org/node/6744981218,
yes,spring,Соленый родник,44.200168,79.746879,,osm:n10996330307,natural=spring,Соленый родник,https://www.openstreetmap.org/node/10996330307,
yes,spring,Тату-Бастау,43.948528,75.980522,,osm:n11007717867,natural=spring,Тату-Бастау,https://www.openstreetmap.org/node/11007717867,
yes,spring,Термальный источник Горельник,43.141721,77.066584,Сероводородный термальный источник.,osm:w1239564555,natural=hot_spring,Gorelnık termaldy bulaǵy,https://www.openstreetmap.org/way/1239564555,
yes,spring,Уснкебулак,43.606984,79.009706,,osm:n11008630541,natural=spring,Уснкебулак,https://www.openstreetmap.org/node/11008630541,
yes,spring,Шыган,44.116223,78.702180,,osm:n12239588887,natural=spring,Шыган,https://www.openstreetmap.org/node/12239588887,
yes,spring,Шүмек Бастау,43.279983,77.690154,Вода питьевая (по данным OpenStreetMap).,osm:n9945507683,natural=spring,Шүмек Бастау,https://www.openstreetmap.org/node/9945507683,
yes,spring,святой ключ,45.826687,80.735863,,osm:n3284574738,natural=spring,святой ключ,https://www.openstreetmap.org/node/3284574738,
yes,spring,Әулие Бастау,43.275013,77.715827,Вода питьевая (по данным OpenStreetMap).,osm:n12823550040,natural=spring,Әулие Бастау,https://www.openstreetmap.org/node/12823550040,
yes,tackle_shop,Fish Dream,43.204485,76.891339,"Адрес: улица Абиша Кекилбайулы, 38a/1. Часы работы: Mo-Su 10:00-21:00. Телефон: +77073330162. Сайт: https://opt.fishdream.kz/",osm:n12056861969,shop=fishing,Fish Dream,https://www.openstreetmap.org/node/12056861969,
yes,tackle_shop,Seledkin,43.245197,76.908873,"Адрес: Алматы, Жамбыл көшесі, 180.",osm:n9782504593,shop=fishing,Seledkin,https://www.openstreetmap.org/node/9782504593,
yes,tackle_shop,Волна,45.017400,78.374296,,osm:n4335012589,shop=fishing,Волна,https://www.openstreetmap.org/node/4335012589,
yes,water_body,Айколь,42.925919,76.508398,,osm:w1064829733,natural=water,Айкөл,https://www.openstreetmap.org/way/1064829733,
yes,water_body,Акколь,43.126726,77.485838,,osm:w230078064,natural=water,Ақкөл,https://www.openstreetmap.org/way/230078064,
yes,water_body,Аксайские озера,42.993331,76.746067,,osm:r17035153,natural=water,Аксайские озера,https://www.openstreetmap.org/relation/17035153,
yes,water_body,Алаколь,46.000346,81.747559,,osm:r35889,natural=water,Алакөл,https://www.openstreetmap.org/relation/35889,
yes,water_body,Алма-Атинское водохранилище,43.487846,76.949592,,osm:r19120298,natural=water,Алматы су қоймасы,https://www.openstreetmap.org/relation/19120298,
yes,water_body,Алтын Куль,44.153743,80.210975,,osm:w268940425,natural=water,Алтын Куль,https://www.openstreetmap.org/way/268940425,
yes,water_body,Балхаш,46.470596,74.666411,,osm:r19025268,natural=water,Балқаш көлі,https://www.openstreetmap.org/relation/19025268,
yes,water_body,Бартогайское водохранилище,43.353722,78.505530,,osm:r19802418,natural=water,Бартогай су қоймасы,https://www.openstreetmap.org/relation/19802418,
yes,water_body,Бартугуль,43.129962,77.771233,,osm:w1232458078,natural=water,Бөртегүл,https://www.openstreetmap.org/way/1232458078,
yes,water_body,Бестюбинское водохранилище,43.003032,78.896095,,osm:r5191842,natural=water,Бестөбе су қоймасы,https://www.openstreetmap.org/relation/5191842,
yes,water_body,Богатырь,43.019196,77.328526,,osm:w339423133,natural=water,Богатырь,https://www.openstreetmap.org/way/339423133,
yes,water_body,Большое Алматинское озеро,43.051042,76.985389,,osm:r3427772,natural=water,Үлкен Алматы көлі,https://www.openstreetmap.org/relation/3427772,
yes,water_body,Верхнее Казачье,42.994501,76.719989,,osm:w353693549,natural=water,Верхнее Казачье,https://www.openstreetmap.org/way/353693549,
yes,water_body,Верхнее озеро Тогызак,43.012028,77.200355,,osm:w1081389140,natural=water,Жоғарғы Тоғызақ көлі,https://www.openstreetmap.org/way/1081389140,
yes,water_body,Верхний Жасылколь,45.261772,80.626827,,osm:w275956538,natural=water,Жоғарғы Жасылкөл,https://www.openstreetmap.org/way/275956538,
yes,water_body,Верхний Кольсай,42.912165,78.343311,,osm:w391771355,natural=water,Жоғарғы Көлсай,https://www.openstreetmap.org/way/391771355,
yes,water_body,Витаминка,43.920873,77.280198,,osm:w388284187,natural=water,Витаминка,https://www.openstreetmap.org/way/388284187,
yes,water_body,Дубчен Куль,44.090303,80.186592,,osm:w268940426,natural=water,Дубчен Куль,https://www.openstreetmap.org/way/268940426,
yes,water_body,Егез Коль,42.986773,78.458427,,osm:r18041175,natural=water,Егез Коль,https://www.openstreetmap.org/relation/18041175,
yes,water_body,Емеген,43.076824,76.640267,,osm:w320018180,natural=water,Емеген,https://www.openstreetmap.org/way/320018180,
yes,water_body,Жайнак,43.413264,76.821199,,osm:w625785467,natural=water,Жайнак,https://www.openstreetmap.org/way/625785467,
yes,water_body,Жаманкуль,43.593091,76.801090,,osm:w663256207,natural=water,Жаманкуль,https://www.openstreetmap.org/way/663256207,
yes,water_body,Жасылколь,43.284512,77.621993,,osm:w314808878,natural=water,Жасылкол,https://www.openstreetmap.org/way/314808878,
yes,water_body,Изумрудное сердце,42.960907,76.802684,,osm:w392307474,natural=water,Изумрудное сердце,https://www.openstreetmap.org/way/392307474,
yes,water_body,Итишпес (Алаколь),44.878796,74.264845,,osm:w464319766,natural=water,Итішпес (Алакөл),https://www.openstreetmap.org/way/464319766,
yes,water_body,Канбактыколь,46.347559,77.181367,,osm:w308639849,natural=water,Қанбақтыкөл көлі,https://www.openstreetmap.org/way/308639849,
yes,water_body,Капчагайское водохранилище,43.828654,77.608795,,osm:r146505,natural=water,Қапшағай су қоймасы,https://www.openstreetmap.org/relation/146505,
yes,water_body,Кара Чока,44.081355,77.874363,,osm:w965929677,natural=water,Кара Чока,https://www.openstreetmap.org/way/965929677,
yes,water_body,Караколь,42.519616,79.917090,,osm:w575224528,natural=water,Қаракөл,https://www.openstreetmap.org/way/575224528,
yes,water_body,Карнизное,43.020981,76.947264,,osm:w230623875,natural=water,Карнизное,https://www.openstreetmap.org/way/230623875,
yes,water_body,Кельте,46.295176,77.191960,,osm:w310023758,natural=water,Кельте,https://www.openstreetmap.org/way/310023758,
yes,water_body,Кербулак,44.194299,77.297288,,osm:w592070271,natural=water,Кербулак,https://www.openstreetmap.org/way/592070271,
yes,water_body,Кольсай №1,42.985849,78.325098,,osm:w117881869,natural=water,Көлсай №1,https://www.openstreetmap.org/way/117881869,
yes,water_body,Кольсай №2,42.932693,78.326682,,osm:w237179072,natural=water,Көлсай №2,https://www.openstreetmap.org/way/237179072,
yes,water_body,Куртинское водохранилище,43.857228,76.339048,,osm:w23716930,natural=water,Күрті су қоймасы,https://www.openstreetmap.org/way/23716930,
yes,water_body,Кызылагаш,45.292004,78.767933,,osm:w1208353744,natural=water,Қызылағаш,https://www.openstreetmap.org/way/1208353744,
yes,water_body,Кызылкайын,45.470386,79.578301,,osm:w1387961707,natural=water,Кызылкайын,https://www.openstreetmap.org/way/1387961707,
yes,water_body,Макталыколь,42.935763,76.472454,,osm:w393029327,natural=water,Мақталыкөл,https://www.openstreetmap.org/way/393029327,
yes,water_body,Мойнакское водохранилище,43.113088,78.782282,,osm:w348367107,natural=water,Мойнақ су қоймасы,https://www.openstreetmap.org/way/348367107,
yes,water_body,Музколь,43.108568,77.479928,,osm:w230078057,natural=water,Музколь,https://www.openstreetmap.org/way/230078057,
yes,water_body,Нижнее Казачье,42.998155,76.707361,,osm:w353693547,natural=water,Нижнее Казачье,https://www.openstreetmap.org/way/353693547,
yes,water_body,Нижнее озеро Тогызак,43.008907,77.176093,,osm:w229970713,natural=water,Төменгі Тоғызақ көлі,https://www.openstreetmap.org/way/229970713,
yes,water_body,Нижний Жасылколь,45.391097,80.576919,,osm:w275956539,natural=water,Төменгі Жасылкөл,https://www.openstreetmap.org/way/275956539,
yes,water_body,Нижняя Терренкара,43.517235,76.986522,,osm:w636804728,natural=water,Төменгі Тереңқара,https://www.openstreetmap.org/way/636804728,
yes,water_body,Озера Карабастау,43.198473,77.563698,,osm:r16810739,natural=water,Қарабастау көлдер,https://www.openstreetmap.org/relation/16810739,
yes,water_body,Озера Титова,43.085995,77.051514,,osm:r17217831,natural=water,Озера Титова,https://www.openstreetmap.org/relation/17217831,
yes,water_body,Озеро Маншук Маметовой,43.079176,77.100751,,osm:w229195776,natural=water,Озеро Маншук Маметовой,https://www.openstreetmap.org/way/229195776,
yes,water_body,Первомайские озера,43.380682,76.887585,,osm:w23647280,natural=water,Бірінші Май көлдері,https://www.openstreetmap.org/way/23647280,
yes,water_body,Приютские озёра,43.411705,76.901729,,osm:r19120221,natural=water,Баспана көлдері,https://www.openstreetmap.org/relation/19120221,
yes,water_body,Пятнистое,42.918967,76.314519,,osm:w397783295,natural=water,Пятнистое,https://www.openstreetmap.org/way/397783295,
yes,water_body,Райское озеро,46.031920,78.126141,,osm:w1181805809,natural=water,Райское озеро,https://www.openstreetmap.org/way/1181805809,
yes,water_body,Райхан,46.036803,78.122461,,osm:w1181805808,natural=water,Райхан,https://www.openstreetmap.org/way/1181805808,
yes,water_body,Сайран,43.243409,76.864801,,osm:w208488825,natural=water,Сайран,https://www.openstreetmap.org/way/208488825,
yes,water_body,Сарыколь,45.298613,78.365542,,osm:w1513661099,natural=water,Сарыколь,https://www.openstreetmap.org/way/1513661099,
yes,water_body,Сасыкколь,46.620169,80.927078,,osm:r1660939,natural=water,Сасықкөл,https://www.openstreetmap.org/relation/1660939,
yes,water_body,Сасыкпай,43.239101,76.281543,,osm:w409304070,natural=water,Сасыкпай,https://www.openstreetmap.org/way/409304070,
yes,water_body,Солдатское озеро,43.249345,76.706551,,osm:r19207564,natural=water,Солдатское озеро,https://www.openstreetmap.org/relation/19207564,
yes,water_body,Сфагновые озера,43.158241,77.635113,,osm:r16918875,natural=water,Сфагновые озера,https://www.openstreetmap.org/relation/16918875,
yes,water_body,Талап,43.630851,76.310077,101 километр.,osm:w22742200,natural=water,Талап,https://www.openstreetmap.org/way/22742200,
yes,water_body,Таран,43.342738,76.266666,Аксенгер Карасу.,osm:w22742196,natural=water,Таран,https://www.openstreetmap.org/way/22742196,
yes,water_body,Тимофеева,43.011202,77.064373,,osm:w1064846059,natural=water,Тимофеева,https://www.openstreetmap.org/way/1064846059,
yes,water_body,Тузколь,43.002777,79.986931,,osm:r6334199,natural=water,Тұзкөл,https://www.openstreetmap.org/relation/6334199,
yes,water_body,Усек,43.931304,80.041885,,osm:w39372327,natural=water,Усек,https://www.openstreetmap.org/way/39372327,
yes,water_body,Ушконыр,43.040950,76.490272,,osm:w182958493,natural=water,Ушконыр,https://www.openstreetmap.org/way/182958493,
yes,water_body,Центральное озера,45.791504,81.146002,,osm:w1232428643,natural=water,Центральное озера,https://www.openstreetmap.org/way/1232428643,
yes,water_body,Чаша Армакай,43.236725,77.311643,,osm:w1328188170,natural=water,Чаша Армакай,https://www.openstreetmap.org/way/1328188170,
yes,water_body,Шотландия,42.986492,76.921860,,osm:w1064801873,natural=water,Шотландия,https://www.openstreetmap.org/way/1064801873,
yes,water_body,Шукырганколь,43.120128,77.729380,,osm:w1064835941,natural=water,Шұқырғанкөл,https://www.openstreetmap.org/way/1064835941,
yes,water_body,водохранилище Ащыбулак,45.019002,78.509057,,osm:w701270097,natural=water,Ащыбұлақ су қоймасы,https://www.openstreetmap.org/way/701270097,
yes,water_body,озеро Асаубай,45.723468,74.364175,,osm:w309102666,natural=water,Асаубай көлі,https://www.openstreetmap.org/way/309102666,
yes,water_body,озеро Балакашкан,45.707096,74.263444,,osm:w309458620,natural=water,Балақашқан көлі,https://www.openstreetmap.org/way/309458620,
yes,water_body,озеро Басколь,44.799299,80.150752,,osm:w1188909700,natural=water,Баскөл,https://www.openstreetmap.org/way/1188909700,
yes,water_body,озеро Белое,45.781842,74.370865,,osm:w989792806,natural=water,Ақ көлі,https://www.openstreetmap.org/way/989792806,
yes,water_body,озеро Деревянное,43.842738,79.416750,,osm:w745195676,natural=water,озеро Деревянное,https://www.openstreetmap.org/way/745195676,
yes,water_body,озеро Жанасу,46.282776,77.225294,,osm:w1035246183,natural=water,озеро Жанасу,https://www.openstreetmap.org/way/1035246183,
yes,water_body,озеро Жасыл,45.771922,81.049888,,osm:w292269318,natural=water,Жасыл көлі,https://www.openstreetmap.org/way/292269318,
yes,water_body,озеро Иссык,43.253496,77.485601,,osm:w27106049,natural=water,Есік көлі,https://www.openstreetmap.org/way/27106049,
yes,water_body,озеро Кокколь,44.870793,79.911104,,osm:w895940519,natural=water,Көккөл,https://www.openstreetmap.org/way/895940519,
yes,water_body,озеро Коржын,45.787301,81.038972,,osm:w292269316,natural=water,Қоржын көлі,https://www.openstreetmap.org/way/292269316,
yes,water_body,озеро Майликоль,44.714565,79.731572,,osm:w896071546,natural=water,озеро Майликоль,https://www.openstreetmap.org/way/896071546,
yes,water_body,озеро Орловка,44.981796,75.170140,,osm:w812934466,natural=water,Орловка көлі,https://www.openstreetmap.org/way/812934466,
yes,water_body,озеро Саты,43.049681,78.402736,,osm:w183158003,natural=water,Саты көлі,https://www.openstreetmap.org/way/183158003,
yes,water_body,озеро Улькен-Исы,44.721790,79.893965,,osm:w896073814,natural=water,озеро Улькен-Исы,https://www.openstreetmap.org/way/896073814,
yes,water_body,озеро Ушколь 2-е,45.666963,78.087036,,osm:w781505714,natural=water,1-ші Үшкөл,https://www.openstreetmap.org/way/781505714,
yes,water_body,озеро Шораякколь,45.848633,77.894218,,osm:w781506825,natural=water,Сораяқкөл,https://www.openstreetmap.org/way/781506825,
yes,water_body,озеро Шубаркунан,45.753430,74.338907,,osm:w309863377,natural=water,Шұбарқұнан көлі,https://www.openstreetmap.org/way/309863377,
?,base,7 Холмов,43.225364,76.986852,,osm:w1318590122,leisure=resort,7 Холмов,https://www.openstreetmap.org/way/1318590122,
yes,base,Alakol Resort,45.941362,81.578899,,osm:w615316859,leisure=resort,Alakol Resort,https://www.openstreetmap.org/way/615316859,
?,base,Almaty Resort,43.174157,76.878707,"Адрес: Алматы санаторий, 1/1. Сайт: http://www.almatyresort.kz/",osm:w377735234,leisure=resort,Almaty Resort,https://www.openstreetmap.org/way/377735234,
yes,base,Armanda,45.869653,81.649821,Телефон: +7 7012210181; +7 7024896648. Сайт: https://www.instagram.com/armanda.alakol,osm:n12088602704,leisure=resort,Armanda,https://www.openstreetmap.org/node/12088602704,
yes,base,Askartau,43.038151,76.609673,,osm:r15520011,leisure=resort,Askartau,https://www.openstreetmap.org/relation/15520011,
yes,base,Baiterek Resort (Байтерек Резорт),45.957421,81.556348,,osm:w867248176,leisure=resort,Baiterek Resort (Байтерек Резорт),https://www.openstreetmap.org/way/867248176,
?,base,Country Village Resort,43.139061,76.799245,Телефон: +7 727 3123862 ;+7 701 1659912 ;+7 777 1659912 ;+7 700 1659912. Сайт: https://country-village.kz/,osm:w1186235740,leisure=resort,Country Village Resort,https://www.openstreetmap.org/way/1186235740,
yes,base,Ecohouse,43.008206,78.337531,Телефон: +7 775 18 139 12. Сайт: ecohouse.kolsay,osm:w1516167188,leisure=resort,Ecohouse,https://www.openstreetmap.org/way/1516167188,
yes,base,Fresh,43.947633,77.325736,,osm:n2386392829,leisure=resort,Fresh,https://www.openstreetmap.org/node/2386392829,
yes,base,Glamping Kolsay,43.009789,78.339651,Телефон: +7 776 008 91 34. Сайт: @glamping_kolsay,osm:w1516194695,leisure=resort,Glamping Kolsay,https://www.openstreetmap.org/way/1516194695,
yes,base,Green House,45.967636,81.544532,,osm:w496688642,leisure=resort,Green House,https://www.openstreetmap.org/way/496688642,
yes,base,Kolsay Lakes Town,42.992352,78.326832,Часы работы: 24/7.,osm:w538940424,leisure=resort,Kolsay Lakes Town,https://www.openstreetmap.org/way/538940424,
yes,base,Kolsay lakes,43.006750,78.336511,,osm:w1516167140,leisure=resort,Kolsay lakes,https://www.openstreetmap.org/way/1516167140,
yes,base,Kölsay Nomads,42.988608,78.330530,,osm:w538940211,leisure=resort,Kölsay Nomads,https://www.openstreetmap.org/way/538940211,
yes,base,La Dolce Vita,43.898379,77.205994,"Адрес: Станция Боктер, Зелёная улица, 3. Сайт: https://dolcevita-resort.kz/",osm:w1185950606,leisure=resort,La Dolce Vita,https://www.openstreetmap.org/way/1185950606,
yes,base,Picnik park,43.946476,77.339765,,osm:w1065487807,leisure=resort,Picnik park,https://www.openstreetmap.org/way/1065487807,
yes,base,Qazaq Auyl,43.162695,77.059925,,osm:w1491867083,leisure=resort,Qazaq Auyl,https://www.openstreetmap.org/way/1491867083,
yes,base,Relax,43.652421,80.151041,,osm:n8379500917,leisure=resort,Relax,https://www.openstreetmap.org/node/8379500917,
yes,base,Sakura,43.641387,80.098983,,osm:n14180194109,leisure=resort,Sakura,https://www.openstreetmap.org/node/14180194109,
?,base,Tobe Ecopark,43.228260,76.988561,,osm:w1318590121,leisure=resort,Tobe Ecopark,https://www.openstreetmap.org/way/1318590121,
yes,base,Айала,45.968269,81.544897,,osm:w496688647,leisure=resort,Айала,https://www.openstreetmap.org/way/496688647,
yes,base,Ак-Ерке,43.157411,76.390178,Сайт: http://akerke.net/,osm:w312908808,leisure=resort,Ак-Ерке,https://www.openstreetmap.org/way/312908808,
yes,base,Алаколь,45.957188,81.558998,,osm:r6526083,leisure=resort,Алаколь,https://www.openstreetmap.org/relation/6526083,
yes,base,Алаколь Sunrise,45.945093,81.576495,,osm:w615310355,leisure=resort,Алаколь Sunrise,https://www.openstreetmap.org/way/615310355,
yes,base,Аласу,45.927488,81.597801,,osm:w496688648,leisure=resort,Аласу,https://www.openstreetmap.org/way/496688648,
yes,base,Алатау,45.962885,81.546947,,osm:w496688649,leisure=resort,Алатау,https://www.openstreetmap.org/way/496688649,
yes,base,Алатениз,45.957373,81.561222,,osm:w438784864,leisure=resort,Алатениз,https://www.openstreetmap.org/way/438784864,
yes,base,Алма-Ата,45.966628,81.546993,,osm:w438789387,leisure=resort,Алма-Ата,https://www.openstreetmap.org/way/438789387,
yes,base,Алма-Ата ЭКО,43.271779,77.334537,,osm:w1306899477,leisure=resort,Алма-Ата ЭКО,https://www.openstreetmap.org/way/1306899477,
yes,base,Алмас,45.951914,81.571323,,osm:w496688650,leisure=resort,Алмас,https://www.openstreetmap.org/way/496688650,
yes,base,Алмас Бриллиант,45.950258,81.572837,,osm:w438789379,leisure=resort,Алмас Бриллиант,https://www.openstreetmap.org/way/438789379,
yes,base,Алтын Су,43.644110,80.100516,,osm:n1502644221,leisure=resort,Алтын Су,https://www.openstreetmap.org/node/1502644221,
yes,base,Алтын ебi,45.949333,81.576636,,osm:w496688651,leisure=resort,Алтын ебi,https://www.openstreetmap.org/way/496688651,
yes,base,Амина,45.952621,81.570609,,osm:w438789378,leisure=resort,Амина,https://www.openstreetmap.org/way/438789378,
yes,base,Аралтобе,45.958455,81.557262,,osm:w438789388,leisure=resort,Аралтобе,https://www.openstreetmap.org/way/438789388,
yes,base,АруАна,45.948261,81.576187,,osm:w496688652,leisure=resort,АруАна,https://www.openstreetmap.org/way/496688652,
yes,base,Африкана,45.946512,81.578546,,osm:w615312309,leisure=resort,Африкана,https://www.openstreetmap.org/way/615312309,
yes,base,"База отдыха ""Сияющий"", горячий источник",43.636746,80.051081,,osm:w404275340,leisure=resort,"База отдыха ""Сияющий"", горячий источник",https://www.openstreetmap.org/way/404275340,
yes,base,Баксы,43.190060,76.411869,,osm:w1198401825,leisure=resort,,https://www.openstreetmap.org/way/1198401825,
yes,base,Балсулу,45.968120,81.545383,,osm:w438789389,leisure=resort,Балсулу,https://www.openstreetmap.org/way/438789389,
yes,base,Батан,43.241541,77.763199,,osm:n12423617016,leisure=resort,Батан,https://www.openstreetmap.org/node/12423617016,
yes,base,Бриз Алаколь,45.931084,81.593161,,osm:w496689942,leisure=resort,Бриз Алаколь,https://www.openstreetmap.org/way/496689942,
yes,base,Горное солнце,43.170047,77.031862,,osm:w1340544031,leisure=resort,Горное солнце,https://www.openstreetmap.org/way/1340544031,
yes,base,Деревушка,43.637129,80.054908,Сайт: https://www.derevushka.kz/,osm:w503403905,leisure=resort,Деревушка,https://www.openstreetmap.org/way/503403905,
yes,base,Домашний клуб,43.898263,77.180517,,osm:w618290526,leisure=resort,Home Club,https://www.openstreetmap.org/way/618290526,
yes,base,Елик-Сай,43.192507,77.121109,,osm:n4796667717,leisure=resort,,https://www.openstreetmap.org/node/4796667717,
yes,base,Жансулу,45.868843,81.650080,,osm:n12088602703,leisure=resort,Жансулу,https://www.openstreetmap.org/node/12088602703,
yes,base,Жемчужина,43.630761,80.012118,,osm:n13235892370,leisure=resort,Жемчужина,https://www.openstreetmap.org/node/13235892370,
yes,base,Жетысу,45.967567,81.545760,Зона отдыха Жетысу. Часы работы: 24/7. Телефон: 8 (701) 756 1237. Сайт: https://www.mir3d.kz/jetysu-alakol,osm:w438789390,leisure=resort,Жетысу,https://www.openstreetmap.org/way/438789390,
yes,base,Зона Отдыха Фламинго,45.861481,81.654162,"Адрес: Коктума, улица Бектурова, 97A. Сайт: Flamingos.kz",osm:w824614332,leisure=resort,Зона Отдыха Фламинго,https://www.openstreetmap.org/way/824614332,
yes,base,Камария,45.945676,81.572634,,osm:w437466458,leisure=resort,Камария,https://www.openstreetmap.org/way/437466458,
yes,base,Каратас,43.384160,77.856448,,osm:w1217988300,leisure=resort,Каратас,https://www.openstreetmap.org/way/1217988300,
?,base,Каргалинка,43.198189,76.861855,Телефон: +7 727 250 08 26. Сайт: https://altyn-kargaly.kz/,osm:w441826766,leisure=resort,Каргалы,https://www.openstreetmap.org/way/441826766,
yes,base,Керуен,43.336749,76.284670,,osm:w1175525702,leisure=resort,Керуен,https://www.openstreetmap.org/way/1175525702,
?,base,Коктем,43.200625,76.938155,Часы работы: 24/7. Телефон: +77273803474. Сайт: https://www.koktem.info/,osm:w543213146,leisure=resort,Коктем,https://www.openstreetmap.org/way/543213146,
yes,base,Комфорт,45.944131,81.576678,,osm:w496688653,leisure=resort,Комфорт,https://www.openstreetmap.org/way/496688653,
yes,base,Люкс,43.633948,80.045575,,osm:n1326909269,leisure=resort,Люкс,https://www.openstreetmap.org/node/1326909269,
yes,base,Мандарин,45.943066,81.580341,,osm:w1000211330,leisure=resort,Мандарин,https://www.openstreetmap.org/way/1000211330,
yes,base,Маралсай,43.245274,77.192031,Сайт: https://maralsay.kz/,osm:w1086488009,leisure=resort,Маралсай,https://www.openstreetmap.org/way/1086488009,
yes,base,Мерей,43.900204,77.134607,Часы работы: Mo-Su 09:00-21:00. Телефон: +7 705 700 7071;+7 707 312 1113. Сайт: https://instagram.com/baza_merey,osm:n11007841524,leisure=resort,Мерей,https://www.openstreetmap.org/node/11007841524,
yes,base,Мерей,45.944378,81.577738,,osm:w615308799,leisure=resort,Мерей,https://www.openstreetmap.org/way/615308799,
yes,base,Меруарт,45.968586,81.545689,,osm:w438789391,leisure=resort,Меруарт,https://www.openstreetmap.org/way/438789391,
yes,base,Мираж,43.624041,80.020928,,osm:n1774814941,leisure=resort,Мираж,https://www.openstreetmap.org/node/1774814941,
yes,base,Оазис,45.951459,81.571850,,osm:w496688654,leisure=resort,Оазис,https://www.openstreetmap.org/way/496688654,
yes,base,Оазис,45.949955,81.573338,,osm:w518883959,leisure=resort,Оазис,https://www.openstreetmap.org/way/518883959,
yes,base,Омир Су,43.652261,80.153634,Телефон: +77019105270. Сайт: https://realkz.com/page.php?page_id=1440,osm:n9345941616,leisure=resort,Омир Су,https://www.openstreetmap.org/node/9345941616,
yes,base,Пеликан,45.953422,81.569887,,osm:w398183850,leisure=resort,Пеликан,https://www.openstreetmap.org/way/398183850,
yes,base,Радуга,43.630490,80.042550,,osm:n1502644230,leisure=resort,Радуга,https://www.openstreetmap.org/node/1502644230,
yes,base,Рахимджан,43.648855,80.111667,,osm:n4730163589,leisure=resort,,https://www.openstreetmap.org/node/4730163589,
yes,base,Ривьера,45.945724,81.580335,,osm:w615312310,leisure=resort,Ривьера,https://www.openstreetmap.org/way/615312310,
yes,base,Самрук,45.945325,81.573013,,osm:w437466459,leisure=resort,Самрук,https://www.openstreetmap.org/way/437466459,
?,base,Связист,43.304164,77.196612,,osm:n14081635589,leisure=resort,Связист,https://www.openstreetmap.org/node/14081635589,
?,base,Связист,43.303267,77.196572,,osm:w1548261202,leisure=resort,Связист,https://www.openstreetmap.org/way/1548261202,
yes,base,СофДарья,46.359259,78.873255,,osm:w1097474478,leisure=resort,СофДарья,https://www.openstreetmap.org/way/1097474478,
yes,base,Спутник,43.236585,77.256137,"Адрес: ​Улица Маралсай, 1/1.",osm:w1086491214,leisure=resort,Спутник,https://www.openstreetmap.org/way/1086491214,
yes,base,Сулу-султан,45.868874,81.650671,,osm:n12088602690,leisure=resort,Сулу-султан,https://www.openstreetmap.org/node/12088602690,
yes,base,Сухраб,43.629140,80.041450,,osm:n1502644232,leisure=resort,Сухраб,https://www.openstreetmap.org/node/1502644232,
yes,base,Тау-Дастархан,43.118348,76.913354,"Адрес: улица Алма-Арасан Ущелье, 1/3. Часы работы: Mo-Su 10:00-23:00. Телефон: +7 727 313 2605;+7 727 313 2609. Сайт: https://tau24.kz/",osm:r18434697,leisure=resort,Тау-Дастархан,https://www.openstreetmap.org/relation/18434697,
yes,base,Тау-Самал,43.204592,77.115251,,osm:n10065738944,leisure=resort,Тау-Самал,https://www.openstreetmap.org/node/10065738944,
yes,base,Тумар,43.643984,80.099689,,osm:n1502644233,leisure=resort,Тумар,https://www.openstreetmap.org/node/1502644233,
yes,base,Уют,45.943002,81.577472,,osm:w683483541,leisure=resort,Уют,https://www.openstreetmap.org/way/683483541,
yes,base,Черный Камень,45.929473,81.595611,,osm:w496688655,leisure=resort,Черный Камень,https://www.openstreetmap.org/way/496688655,
yes,base,Шагала,45.949699,81.571893,,osm:w518883957,leisure=resort,Шагала,https://www.openstreetmap.org/way/518883957,
yes,base,Шипалы,43.629040,80.043290,,osm:n1502644234,leisure=resort,Шипалы,https://www.openstreetmap.org/node/1502644234,
?,base,Эдельвейс,43.084443,76.971915,,osm:w1237542621,leisure=resort,Эдельвейс,https://www.openstreetmap.org/way/1237542621,
yes,base,Эко Парк,43.631652,80.046026,Телефон: +77772000320. Сайт: http://ecoparktour.kz,osm:n5124144642,leisure=resort,Эко Парк,https://www.openstreetmap.org/node/5124144642,
yes,base,Элина,45.947346,81.578140,,osm:w496688656,leisure=resort,Элина,https://www.openstreetmap.org/way/496688656,
yes,base,Этно-аул Гунны,43.273585,77.331275,,osm:w1306896621,leisure=resort,Этно-аул Гунны,https://www.openstreetmap.org/way/1306896621,
?,base,Юный Домостроитель,43.100321,76.906196,,osm:w1153250063,leisure=resort,Юный Домостроитель,https://www.openstreetmap.org/way/1153250063,
yes,base,"турбаза ""Балхаш""",46.365109,78.912269,Вместимость 400 Вход 3 000 кзт. Сайт: https://www.onyxtour.kz/content/init/311/,osm:w360098905,leisure=resort,"турбаза ""Балхаш""",https://www.openstreetmap.org/way/360098905,
yes,campsite,"""Тарелка"" поляна",43.158259,77.014940,Питьевой воды нет (по данным OpenStreetMap).,osm:n14121738849,tourism=camp_site,"""Тарелка"" поляна",https://www.openstreetmap.org/node/14121738849,
?,campsite,Alateniz,45.958058,81.561971,,osm:n6702746745,tourism=camp_site,Alateniz,https://www.openstreetmap.org/node/6702746745,
?,campsite,Bivouac,43.006356,76.974026,,osm:n14233583701,tourism=camp_site,Bivouac,https://www.openstreetmap.org/node/14233583701,
yes,campsite,Kazakh Camping,45.405326,79.967494,,osm:n4397815390,tourism=camp_site,Kazakh Camping,https://www.openstreetmap.org/node/4397815390,
?,campsite,Refuge non gardé,43.000283,76.912819,,osm:n14233583801,tourism=wilderness_hut,Refuge non gardé,https://www.openstreetmap.org/node/14233583801,приют
?,campsite,Shepherds,42.585249,79.892172,,osm:w1486206133,tourism=camp_site,Shepherds,https://www.openstreetmap.org/way/1486206133,
yes,campsite,Shepherds Camp,42.590497,79.895874,,osm:w1486206137,tourism=camp_site,Shepherds Camp,https://www.openstreetmap.org/way/1486206137,
?,campsite,Аакбота пансионат,45.869666,81.645738,Часы работы: 24/7.,osm:w507843758,leisure=resort,Аакбота пансионат,https://www.openstreetmap.org/way/507843758,
?,campsite,Айсана,45.953084,81.567806,,osm:n6745709191,tourism=camp_site,Айсана,https://www.openstreetmap.org/node/6745709191,
?,campsite,Айсана,45.952976,81.567775,,osm:w438789386,leisure=resort,Айсана,https://www.openstreetmap.org/way/438789386,
?,campsite,Ак Орда,43.108457,76.916708,Часы работы: Mo-Su 09:00-24:00.,osm:n4259268789,tourism=camp_site,Ак Орда,https://www.openstreetmap.org/node/4259268789,
?,campsite,Аквамарин,45.954750,81.567814,Адрес: Акши. Часы работы: 24/7. Телефон: +77283330037. Сайт: https://aquamarine-alakol.ru/,osm:n4319784910,tourism=camp_site,Аквамарин,https://www.openstreetmap.org/node/4319784910,
?,campsite,Аквамарин,45.954464,81.568331,"Адрес: улица 13-ый разъезд, 34. Часы работы: 24/7. Телефон: +77283330037. Сайт: https://aquamarine-alakol.ru/",osm:w496688641,leisure=resort,Аквамарин,https://www.openstreetmap.org/way/496688641,
yes,campsite,Альпинград,43.079419,77.090187,Питьевой воды нет (по данным OpenStreetMap).,osm:w1553910650,tourism=camp_site,Альпинград,https://www.openstreetmap.org/way/1553910650,
yes,campsite,"Альпинистская база ""Тау Намыс""",43.113360,77.075651,,osm:w1323202653,tourism=camp_site,"Альпинистская база ""Тау Намыс""",https://www.openstreetmap.org/way/1323202653,
?,campsite,База отдыха Jeppesen Party,44.562112,76.639059,,osm:n6369602520,tourism=camp_site,База отдыха Jeppesen Party,https://www.openstreetmap.org/node/6369602520,
?,campsite,База отдыха волна,45.171013,74.003120,Адрес: дачи.,osm:n4928537822,tourism=camp_site,,https://www.openstreetmap.org/node/4928537822,
yes,campsite,Березовая роща,44.597318,78.957180,,osm:n6744960428,tourism=camp_site,Березовая роща,https://www.openstreetmap.org/node/6744960428,
?,campsite,Бурля,46.583849,79.051322,,osm:w1182960676,tourism=camp_site,Бурля,https://www.openstreetmap.org/way/1182960676,
?,campsite,Вагончик КазСелезащиты,43.124623,77.588105,,osm:n13069407883,tourism=wilderness_hut,Вагончик КазСелезащиты,https://www.openstreetmap.org/node/13069407883,приют
?,campsite,Вагончик КазСелезащиты,43.061693,77.031603,,osm:n3153996993,tourism=wilderness_hut,Вагончик КазСелезащиты,https://www.openstreetmap.org/node/3153996993,приют
?,campsite,Вагончик КазСелезащиты,43.000971,76.745158,,osm:w1240136835,tourism=wilderness_hut,Вагончик КазСелезащиты,https://www.openstreetmap.org/way/1240136835,приют
?,campsite,Вагончик КазСелезащиты,43.049240,77.194725,,osm:w1251187447,tourism=wilderness_hut,Вагончик КазСелезащиты,https://www.openstreetmap.org/way/1251187447,приют
?,campsite,Вагончик КазСелезащиты,43.120393,77.489247,,osm:w1409779564,tourism=wilderness_hut,Вагончик КазСелезащиты,https://www.openstreetmap.org/way/1409779564,приют
?,campsite,Вагончик КазСелезащиты,43.144925,77.546668,,osm:w1409779998,tourism=wilderness_hut,Вагончик КазСелезащиты,https://www.openstreetmap.org/way/1409779998,приют
yes,campsite,Вертолётка,43.176097,77.005969,Питьевой воды нет (по данным OpenStreetMap).,osm:n7895724785,tourism=camp_site,Вертолётка,https://www.openstreetmap.org/node/7895724785,
?,campsite,"Д\о ""Радуга""",45.956355,81.562782,,osm:n6702813122,tourism=camp_site,"Д\о ""Радуга""",https://www.openstreetmap.org/node/6702813122,
yes,campsite,Династия,43.929456,77.289026,,osm:n7864383160,tourism=camp_site,Династия,https://www.openstreetmap.org/node/7864383160,
?,campsite,Жалын,45.952499,81.572539,,osm:w496688643,leisure=resort,Жалын,https://www.openstreetmap.org/way/496688643,
yes,campsite,Землянка,43.139958,77.015903,,osm:n13357181317,tourism=wilderness_hut,Землянка,https://www.openstreetmap.org/node/13357181317,приют
yes,campsite,Кресты,43.065757,77.091478,,osm:n14039010508,tourism=camp_site,Кресты,https://www.openstreetmap.org/node/14039010508,
?,campsite,Лесок с огромными листьями,46.187555,80.952229,,osm:n11768426745,tourism=camp_site,Лесок с огромными листьями,https://www.openstreetmap.org/node/11768426745,
yes,campsite,Нунатак,43.095002,77.105297,Питьевой воды нет (по данным OpenStreetMap).,osm:n12804607166,tourism=camp_site,Нунатак,https://www.openstreetmap.org/node/12804607166,
?,campsite,Пикниковая поляна,45.005469,79.207828,,osm:n6758243396,tourism=camp_site,Пикниковая поляна,https://www.openstreetmap.org/node/6758243396,
yes,campsite,Поляна Высоцкого,43.042321,76.913698,Питьевой воды нет (по данным OpenStreetMap).,osm:n11511301891,tourism=camp_site,Высоцкийдің тазарту,https://www.openstreetmap.org/node/11511301891,
?,campsite,Поляна в березовой роще с ручьём,44.598466,78.949641,,osm:n6744979852,tourism=camp_site,Поляна в березовой роще с ручьём,https://www.openstreetmap.org/node/6744979852,
yes,campsite,Синегорье,43.312190,77.636913,,osm:n2883164710,tourism=camp_site,Синегорье,https://www.openstreetmap.org/node/2883164710,
yes,campsite,Синий домик,43.111928,77.074320,,osm:w255904837,tourism=camp_site,Синий домик,https://www.openstreetmap.org/way/255904837,
yes,campsite,Солнечный,43.788887,77.145798,,osm:n7770031947,tourism=camp_site,Солнечный,https://www.openstreetmap.org/node/7770031947,
yes,campsite,Тау-Тургень,43.353895,77.611300,,osm:n2883164711,tourism=camp_site,Тау-Тургень,https://www.openstreetmap.org/node/2883164711,
yes,campsite,Текес,42.721488,79.463102,,osm:n4922140724,tourism=camp_site,,https://www.openstreetmap.org/node/4922140724,
yes,campsite,Тимерлик орта,43.257526,79.218049,,osm:n6467593885,tourism=camp_site,Тимерлик орта,https://www.openstreetmap.org/node/6467593885,
yes,campsite,Туранга,43.954303,79.588975,,osm:n6984558001,tourism=camp_site,,https://www.openstreetmap.org/node/6984558001,
yes,campsite,"Туристическая база ""Черкасай"" в ущелье Черкасай",44.775548,78.933445,,osm:n9082263917,tourism=wilderness_hut,,https://www.openstreetmap.org/node/9082263917,приют
?,campsite,У Михалыча,43.296679,77.383603,Платно.,osm:n12138527421,tourism=camp_site,У Михалыча,https://www.openstreetmap.org/node/12138527421,
?,campsite,У Петровича,45.871514,81.650077,Часы работы: 24/7.,osm:w507843801,leisure=resort,У Петровича,https://www.openstreetmap.org/way/507843801,
?,campsite,У реки,45.004070,79.205467,,osm:n6758282489,tourism=camp_site,У реки,https://www.openstreetmap.org/node/6758282489,
?,campsite,Фруктовые деревья и поляна у реки,45.154667,78.927917,,osm:n6758254884,tourism=camp_site,Фруктовые деревья и поляна у реки,https://www.openstreetmap.org/node/6758254884,
?,campsite,Хан Шатыр 777,45.870618,81.648275,Часы работы: 24/7.,osm:w507843802,leisure=resort,Хан Шатыр 777,https://www.openstreetmap.org/way/507843802,
yes,campsite,Хижина БАУ,43.002898,77.018750,Есть питьевая вода (по данным OpenStreetMap).,osm:n10016063867,tourism=wilderness_hut,ҮАК саятшылығы,https://www.openstreetmap.org/node/10016063867,приют
yes,campsite,Хижина Бозколь,43.158040,77.466895,,osm:n11533425030,tourism=wilderness_hut,Бозкөл саятшылығы,https://www.openstreetmap.org/node/11533425030,приют
yes,campsite,Хижина Букреева,43.171172,77.132430,,osm:n11180468840,tourism=wilderness_hut,Хижина Букреева,https://www.openstreetmap.org/node/11180468840,приют
yes,campsite,Хижина Верхний Горельник,43.091275,77.048940,,osm:n9892863378,tourism=wilderness_hut,Хижина Верхний Горельник,https://www.openstreetmap.org/node/9892863378,приют
yes,campsite,Хижина КазСелезащиты,43.013153,77.174042,Есть питьевая вода (по данным OpenStreetMap).,osm:n12942273789,tourism=wilderness_hut,Хижина КазСелезащиты,https://www.openstreetmap.org/node/12942273789,приют
yes,campsite,Хижина Кумбель,43.115976,77.032877,Питьевой воды нет (по данным OpenStreetMap).,osm:n10951183195,tourism=wilderness_hut,Құмбел күркесі,https://www.openstreetmap.org/node/10951183195,приют
yes,campsite,Хижина Кызылсай,43.016715,77.060437,Есть питьевая вода (по данным OpenStreetMap).,osm:n10016062231,tourism=wilderness_hut,Қызылсай саятшылығы,https://www.openstreetmap.org/node/10016062231,приют
yes,campsite,Хижина Левый Талгар,43.040573,77.155960,Есть питьевая вода (по данным OpenStreetMap).,osm:n10016058824,tourism=wilderness_hut,Хижина Левый Талгар,https://www.openstreetmap.org/node/10016058824,приют
yes,campsite,Хижина Панорама,43.147172,77.117836,Питьевой воды нет (по данным OpenStreetMap).,osm:n9860370617,tourism=wilderness_hut,Саятшылық Панорама,https://www.openstreetmap.org/node/9860370617,приют
yes,campsite,Хижина Поляна Терра,43.045541,76.913536,Есть питьевая вода (по данным OpenStreetMap).,osm:n12771600707,tourism=wilderness_hut,Терра алаңқайы күркесі,https://www.openstreetmap.org/node/12771600707,приют
yes,campsite,Хижина Проходная,43.012991,76.912896,Есть питьевая вода (по данным OpenStreetMap).,osm:n10016051515,tourism=wilderness_hut,Хижина Проходная,https://www.openstreetmap.org/node/10016051515,приют
yes,campsite,Хижина Солнечная поляна,43.082694,77.164418,Есть питьевая вода (по данным OpenStreetMap).,osm:n11471968130,tourism=wilderness_hut,Солнечная поляна саятшылық,https://www.openstreetmap.org/node/11471968130,приют
yes,campsite,Хижина Средний Талгар,43.120004,77.285277,,osm:n11533425027,tourism=wilderness_hut,Хижина Средний Талгар,https://www.openstreetmap.org/node/11533425027,приют
yes,campsite,Хижина Туйыксу,43.061149,77.082879,Питьевой воды нет (по данным OpenStreetMap).,osm:n11247553596,tourism=wilderness_hut,Тұйықсу саятшылығы,https://www.openstreetmap.org/node/11247553596,приют
yes,campsite,Хижина Тургень,43.172899,77.670783,Есть питьевая вода (по данным OpenStreetMap).,osm:n11212093347,tourism=wilderness_hut,Хижина Тургень,https://www.openstreetmap.org/node/11212093347,приют
yes,campsite,Хижина Шентургень,43.188809,77.619665,,osm:n11533425031,tourism=wilderness_hut,Хижина Шентургень,https://www.openstreetmap.org/node/11533425031,приют
yes,campsite,Хижина Шубарарша,43.009214,77.396262,,osm:w1342073243,tourism=wilderness_hut,Шұбарарша саятшылығы,https://www.openstreetmap.org/way/1342073243,приют
yes,campsite,Хижина Шукыр,43.067054,77.001162,,osm:n11149348771,tourism=wilderness_hut,Шұқыр саятшылығы,https://www.openstreetmap.org/node/11149348771,приют
yes,campsite,Хижина ледник Корженевского,43.097782,77.408816,Есть питьевая вода (по данным OpenStreetMap).,osm:n11533425029,tourism=wilderness_hut,Хижина ледник Корженевского,https://www.openstreetmap.org/node/11533425029,приют
yes,campsite,Чарын,43.350544,79.081589,,osm:n7296624786,tourism=camp_site,,https://www.openstreetmap.org/node/7296624786,
yes,campsite,Шлюзавая,42.964966,76.508362,Есть питьевая вода (по данным OpenStreetMap).,osm:n13103427748,tourism=camp_site,Шлюзавая,https://www.openstreetmap.org/node/13103427748,
?,campsite,база Эвальда,45.571983,74.234567,,osm:n1360310448,tourism=camp_site,база Эвальда,https://www.openstreetmap.org/node/1360310448,
?,campsite,индийский драйв,44.085436,76.990231,,osm:n4368857794,tourism=camp_site,индийский драйв,https://www.openstreetmap.org/node/4368857794,
yes,campsite,озеро Иссык,43.251746,77.479209,Есть питьевая вода (по данным OpenStreetMap).,osm:n4866071021,tourism=camp_site,Есік көлі,https://www.openstreetmap.org/node/4866071021,
?,campsite,Қайрат сарай,43.671106,75.417300,,osm:n6424091587,tourism=alpine_hut,Қайрат сарай,https://www.openstreetmap.org/node/6424091587,приют
?,fishing_spot,Отдых дикарём,45.916115,81.616450,,osm:n11768425976,leisure=fishing,Отдых дикарём,https://www.openstreetmap.org/node/11768425976,непонятное название
?,fishing_spot,лотки,45.920034,79.966352,,osm:n7935622331,leisure=fishing,лотки,https://www.openstreetmap.org/node/7935622331,непонятное название
?,landmark,Арасан Хорасан Бесмойнақ,43.153708,75.600672,,osm:n6635983286,waterway=waterfall,Арасан Хорасан Бесмойнақ,https://www.openstreetmap.org/node/6635983286,проверить
?,landmark,Мади,44.038602,78.071808,,osm:n7880688086,waterway=waterfall,Мади,https://www.openstreetmap.org/node/7880688086,проверить
?,landmark,Мухит,44.039091,78.071279,,osm:n7884187086,waterway=waterfall,Мухит,https://www.openstreetmap.org/node/7884187086,проверить
?,landmark,Мухтар,44.039913,78.069665,,osm:n6094727486,waterway=waterfall,Мухтар,https://www.openstreetmap.org/node/6094727486,проверить
?,spring,water,44.262481,79.471989,,osm:n4209249890,natural=spring,water,https://www.openstreetmap.org/node/4209249890,общее название
?,spring,water source,43.087894,79.212920,,osm:n6611656106,natural=spring,water source,https://www.openstreetmap.org/node/6611656106,общее название
?,spring,Бастау,43.091193,75.985292,,osm:n14136459701,natural=spring,Бастау,https://www.openstreetmap.org/node/14136459701,общее название
?,spring,Горячий источник Шанырак,43.288213,76.866590,Горячий источник.,osm:n8396543025,natural=hot_spring,Горячий источник Шанырак,https://www.openstreetmap.org/node/8396543025,платный комплекс?
?,spring,Исток,43.634983,80.047000,,osm:n1326909233,natural=spring,ыстық бұлақтар,https://www.openstreetmap.org/node/1326909233,общее название
?,spring,Источник на уровне земли,43.930567,75.971527,,osm:n11007733079,natural=spring,Источник на уровне земли,https://www.openstreetmap.org/node/11007733079,общее название
?,spring,Источник на уровне земли,43.279482,78.992616,,osm:n11010727801,natural=spring,Источник на уровне земли,https://www.openstreetmap.org/node/11010727801,общее название
?,spring,Родник,45.849754,80.601966,Вода питьевая (по данным OpenStreetMap).,osm:n9799483062,natural=spring,Родник,https://www.openstreetmap.org/node/9799483062,общее название
?,tackle_shop,Балық дүкені,43.174023,76.782967,,osm:n14142297224,shop=fishing,Балық дүкені,https://www.openstreetmap.org/node/14142297224,"возможно, рыбный магазин"
?,water_body,Аккайнар 2,43.576851,75.444627,,osm:w487479183,natural=water,Аккайнар 2,https://www.openstreetmap.org/way/487479183,ирригационное водохранилище
?,water_body,Еспе,43.650116,75.683191,,osm:w1204642033,natural=water,Еспе,https://www.openstreetmap.org/way/1204642033,пруд
?,water_body,Жаман Кум,43.637785,76.755354,,osm:w1174514625,natural=water,Жаман Кум,https://www.openstreetmap.org/way/1174514625,пруд
?,water_body,Кабанье озеро,43.206664,77.141293,,osm:w1305769258,natural=water,Кабанье озеро,https://www.openstreetmap.org/way/1305769258,пруд
?,water_body,Лужники озеро,43.289194,76.872280,,osm:w23650852,natural=water,Лужники көлі,https://www.openstreetmap.org/way/23650852,городской пруд
?,water_body,Озеро Пархач,43.295317,76.969237,,osm:w218877634,natural=water,Пархач көлі,https://www.openstreetmap.org/way/218877634,городской пруд
?,water_body,Октябрьское -1,43.340283,76.695202,,osm:w332141867,natural=water,Қазан-3,https://www.openstreetmap.org/way/332141867,ирригационное водохранилище
?,water_body,Октябрьское-3,43.354344,76.696393,,osm:w262276939,natural=water,Қазан-3,https://www.openstreetmap.org/way/262276939,ирригационное водохранилище
?,water_body,Падающих звезд,42.961416,76.811432,,osm:w1064801872,natural=water,Падающих звезд,https://www.openstreetmap.org/way/1064801872,очень маленькое
?,water_body,Пруд Малая Алматинка,43.340360,76.995653,,osm:r18050571,natural=water,Кіші Алматы Тоғаны,https://www.openstreetmap.org/relation/18050571,городской пруд
?,water_body,Худояр,44.151850,80.203240,,osm:w1236679122,natural=water,Худояр,https://www.openstreetmap.org/way/1236679122,пруд
?,water_body,ЧПХ пруд №8,43.641773,77.814155,,osm:w286241834,natural=water,ЧПХ пруд №8,https://www.openstreetmap.org/way/286241834,пруд
?,water_body,озеро Юннатское,43.207868,77.014744,,osm:w26989277,natural=water,Юннат көлі,https://www.openstreetmap.org/way/26989277,городской пруд
?,water_body,пруды Сазталгар,43.625828,77.270672,,osm:r14982797,natural=water,Сазталғар тоғандары,https://www.openstreetmap.org/relation/14982797,пруд
no,base,,44.866024,78.713710,,osm:n11078126631,leisure=resort,,https://www.openstreetmap.org/node/11078126631,без названия
no,base,,43.624647,80.022565,,osm:n4558076091,leisure=resort,,https://www.openstreetmap.org/node/4558076091,без названия
no,base,,46.358220,78.875940,,osm:r20197831,leisure=resort,,https://www.openstreetmap.org/relation/20197831,без названия
no,base,,45.816571,81.752200,,osm:w1070525747,leisure=resort,,https://www.openstreetmap.org/way/1070525747,без названия
no,base,,43.203255,77.115960,,osm:w1099479412,leisure=resort,,https://www.openstreetmap.org/way/1099479412,без названия
no,base,,43.560792,77.567850,,osm:w1190340738,leisure=resort,,https://www.openstreetmap.org/way/1190340738,без названия
no,base,,43.405081,77.872914,,osm:w1217988382,leisure=resort,,https://www.openstreetmap.org/way/1217988382,без названия
no,base,,43.405572,77.872559,,osm:w1217988706,leisure=resort,,https://www.openstreetmap.org/way/1217988706,без названия
no,base,,43.408197,77.870732,,osm:w1217989235,leisure=resort,,https://www.openstreetmap.org/way/1217989235,без названия
no,base,,43.407778,77.870461,,osm:w1217989236,leisure=resort,,https://www.openstreetmap.org/way/1217989236,без названия
no,base,,43.404595,77.868476,,osm:w1217989238,leisure=resort,,https://www.openstreetmap.org/way/1217989238,без названия
no,base,,43.404030,77.867684,,osm:w1217989239,leisure=resort,,https://www.openstreetmap.org/way/1217989239,без названия
no,base,,43.404950,77.868164,,osm:w1217989240,leisure=resort,,https://www.openstreetmap.org/way/1217989240,без названия
no,base,,43.404150,77.868974,,osm:w1217989241,leisure=resort,,https://www.openstreetmap.org/way/1217989241,без названия
no,base,,43.465471,77.828321,,osm:w1217989537,leisure=resort,,https://www.openstreetmap.org/way/1217989537,без названия
no,base,,43.465247,77.828030,,osm:w1217989538,leisure=resort,,https://www.openstreetmap.org/way/1217989538,без названия
no,base,,43.465148,77.828400,,osm:w1217989539,leisure=resort,,https://www.openstreetmap.org/way/1217989539,без названия
no,base,,43.027938,76.564686,,osm:w1299459836,leisure=resort,,https://www.openstreetmap.org/way/1299459836,без названия
no,base,,43.232127,77.018660,,osm:w1318590147,leisure=resort,,https://www.openstreetmap.org/way/1318590147,без названия
no,base,,45.972051,81.532764,,osm:w1395378526,leisure=resort,,https://www.openstreetmap.org/way/1395378526,без названия
no,base,,45.974847,81.527454,,osm:w1467737130,leisure=resort,,https://www.openstreetmap.org/way/1467737130,без названия
no,base,,45.975430,81.523837,,osm:w1467737131,leisure=resort,,https://www.openstreetmap.org/way/1467737131,без названия
no,base,,45.976425,81.521834,,osm:w1467737132,leisure=resort,,https://www.openstreetmap.org/way/1467737132,без названия
no,base,,45.977634,81.519638,,osm:w1467737133,leisure=resort,,https://www.openstreetmap.org/way/1467737133,без названия
no,base,,45.972766,81.531927,,osm:w1467737134,leisure=resort,,https://www.openstreetmap.org/way/1467737134,без названия
no,base,,45.970791,81.529977,,osm:w1467737135,leisure=resort,,https://www.openstreetmap.org/way/1467737135,без названия
no,base,,45.971871,81.530779,,osm:w1467737136,leisure=resort,,https://www.openstreetmap.org/way/1467737136,без названия
no,base,,43.116355,76.796195,,osm:w1513104377,leisure=resort,,https://www.openstreetmap.org/way/1513104377,без названия
no,base,,42.998208,78.326341,,osm:w1516167137,leisure=resort,,https://www.openstreetmap.org/way/1516167137,без названия
no,base,,43.006563,78.338085,,osm:w1516167141,leisure=resort,,https://www.openstreetmap.org/way/1516167141,без названия
no,base,,43.008318,78.336456,,osm:w1516167143,leisure=resort,,https://www.openstreetmap.org/way/1516167143,без названия
no,base,,43.008487,78.340256,,osm:w1516167181,leisure=resort,,https://www.openstreetmap.org/way/1516167181,без названия
no,base,,43.008131,78.339044,,osm:w1516167187,leisure=resort,,https://www.openstreetmap.org/way/1516167187,без названия
no,base,,43.010343,78.340281,,osm:w1516194687,leisure=resort,,https://www.openstreetmap.org/way/1516194687,без названия
no,base,,43.087386,76.609857,,osm:w1521502487,leisure=resort,,https://www.openstreetmap.org/way/1521502487,без названия
no,base,,43.126932,76.937856,,osm:w1523612917,leisure=resort,,https://www.openstreetmap.org/way/1523612917,без названия
no,base,,43.212591,76.968573,"Адрес: Алматы, Достық даңғылы, 308.",osm:w247698380,leisure=resort,,https://www.openstreetmap.org/way/247698380,без названия
no,base,,45.967970,81.545838,,osm:w496688640,leisure=resort,,https://www.openstreetmap.org/way/496688640,без названия
no,base,,43.635277,80.046911,,osm:w528773818,leisure=resort,,https://www.openstreetmap.org/way/528773818,без названия
no,base,,43.909158,77.261788,,osm:w591563330,leisure=resort,,https://www.openstreetmap.org/way/591563330,без названия
no,base,,43.643649,80.097453,,osm:w621680320,leisure=resort,,https://www.openstreetmap.org/way/621680320,без названия
no,base,,42.717703,79.466029,,osm:w825463094,leisure=resort,,https://www.openstreetmap.org/way/825463094,без названия
no,base,,42.717979,79.466522,,osm:w825463095,leisure=resort,,https://www.openstreetmap.org/way/825463095,без названия
no,base,,42.718062,79.466393,,osm:w825463096,leisure=resort,,https://www.openstreetmap.org/way/825463096,без названия
no,base,,42.717848,79.466148,,osm:w825463097,leisure=resort,,https://www.openstreetmap.org/way/825463097,без названия
no,base,,44.866062,78.713713,,osm:w986174771,leisure=resort,,https://www.openstreetmap.org/way/986174771,без названия
no,base,ASP Arena,43.844841,77.097915,Часы работы: 24/7. Сайт: https://asp-arena.kz/,osm:r19264572,leisure=resort,ASP Arena,https://www.openstreetmap.org/relation/19264572,не база отдыха
no,base,Aqua Grand,43.648203,80.116060,Часы работы: 24/7. Телефон: +7 707 180 4433;+7 777 715 3227. Сайт: https://instagram.com/hot_aquagrand,osm:n11029836207,leisure=resort,Aqua Grand,https://www.openstreetmap.org/node/11029836207,не база отдыха
no,base,AquaSpa Resort,43.641743,80.089714,,osm:n14180240321,leisure=resort,AquaSpa Resort,https://www.openstreetmap.org/node/14180240321,не база отдыха
no,base,Eco Park Aspan,43.209292,77.009569,,osm:w1318443234,leisure=resort,Eco Park Aspan,https://www.openstreetmap.org/way/1318443234,не база отдыха
no,base,Kara Dala Termal Pools and Resort,43.654186,80.160606,,osm:w1280101221,leisure=resort,Kara Dala Termal Pools and Resort,https://www.openstreetmap.org/way/1280101221,не база отдыха
no,base,Аким,42.718034,79.466027,,osm:w825463098,leisure=resort,Аким,https://www.openstreetmap.org/way/825463098,не база отдыха
no,base,Асылколь,43.826898,77.100863,,osm:w1481966504,leisure=resort,Асылколь,https://www.openstreetmap.org/way/1481966504,повтор места рыбалки
no,base,Горный курорт Пионер,43.194487,77.127686,,osm:n5401213247,leisure=resort,,https://www.openstreetmap.org/node/5401213247,не база отдыха
no,base,Городище Талгар,43.277025,77.213662,Часы работы: 24/7.,osm:n6796761009,leisure=resort,Талғар әулие,https://www.openstreetmap.org/node/6796761009,не база отдыха
no,base,ПИонерлагерь,43.602922,75.265451,,osm:w1207498207,leisure=resort,ПИонерлагерь,https://www.openstreetmap.org/way/1207498207,не база отдыха
no,base,Проезд перекрыл,43.145173,76.572249,,osm:w694449191,leisure=resort,,https://www.openstreetmap.org/way/694449191,не база отдыха
no,base,Сакские травяные бани,44.685258,78.942468,летом.,osm:n6744941670,leisure=resort,Сакские травяные бани,https://www.openstreetmap.org/node/6744941670,не база отдыха
no,base,Санаторий Ак-Кайын,43.170259,76.973964,,osm:w1236094266,leisure=resort,Санаторий Ак-Кайын,https://www.openstreetmap.org/way/1236094266,не база отдыха
no,base,Санаторий Казахстан,43.212890,76.968280,,osm:w1462762294,leisure=resort,Қазақстан Шипажайы,https://www.openstreetmap.org/way/1462762294,не база отдыха
no,base,зоны отдыха,45.959912,81.558475,,osm:r6526084,leisure=resort,зоны отдыха,https://www.openstreetmap.org/relation/6526084,нет названия
no,campsite,,43.122865,76.970541,Есть питьевая вода (по данным OpenStreetMap).,osm:n10117897317,tourism=camp_site,,https://www.openstreetmap.org/node/10117897317,без названия
no,campsite,,43.127369,76.971524,Есть питьевая вода (по данным OpenStreetMap).,osm:n10117897617,tourism=camp_site,,https://www.openstreetmap.org/node/10117897617,без названия
no,campsite,,43.118561,76.970380,Есть питьевая вода (по данным OpenStreetMap).,osm:n10150989117,tourism=camp_site,,https://www.openstreetmap.org/node/10150989117,без названия
no,campsite,,43.096230,76.958640,Питьевой воды нет (по данным OpenStreetMap).,osm:n10314102293,tourism=camp_site,,https://www.openstreetmap.org/node/10314102293,без названия
no,campsite,,43.182015,79.283109,,osm:n10763384506,tourism=camp_site,,https://www.openstreetmap.org/node/10763384506,без названия
no,campsite,,43.278165,79.207407,,osm:n10763384507,tourism=camp_site,,https://www.openstreetmap.org/node/10763384507,без названия
no,campsite,,43.172189,79.311029,,osm:n10763426305,tourism=camp_site,,https://www.openstreetmap.org/node/10763426305,без названия
no,campsite,,43.158181,77.032008,,osm:n10892460105,tourism=camp_site,,https://www.openstreetmap.org/node/10892460105,без названия
no,campsite,,43.093733,76.869883,,osm:n11005668707,tourism=camp_site,,https://www.openstreetmap.org/node/11005668707,без названия
no,campsite,,44.095964,77.936173,,osm:n11007370115,tourism=camp_site,,https://www.openstreetmap.org/node/11007370115,без названия
no,campsite,,43.017801,78.743943,,osm:n11010928997,tourism=camp_site,,https://www.openstreetmap.org/node/11010928997,без названия
no,campsite,,43.041280,78.513568,,osm:n11010982040,tourism=camp_site,,https://www.openstreetmap.org/node/11010982040,без названия
no,campsite,,43.036255,76.851538,Есть питьевая вода (по данным OpenStreetMap).,osm:n11025470636,tourism=camp_site,,https://www.openstreetmap.org/node/11025470636,без названия
no,campsite,,43.001866,76.830906,Есть питьевая вода (по данным OpenStreetMap).,osm:n11036998600,tourism=camp_site,,https://www.openstreetmap.org/node/11036998600,без названия
no,campsite,,43.134842,77.010698,Есть питьевая вода (по данным OpenStreetMap).,osm:n11054595010,tourism=camp_site,,https://www.openstreetmap.org/node/11054595010,без названия
no,campsite,,43.180484,77.687926,Есть питьевая вода (по данным OpenStreetMap).,osm:n11145987027,tourism=camp_site,,https://www.openstreetmap.org/node/11145987027,без названия
no,campsite,,43.137321,77.603836,Есть питьевая вода (по данным OpenStreetMap).,osm:n11212102435,tourism=camp_site,,https://www.openstreetmap.org/node/11212102435,без названия
no,campsite,,43.158457,77.636217,Есть питьевая вода (по данным OpenStreetMap).,osm:n11212119115,tourism=camp_site,,https://www.openstreetmap.org/node/11212119115,без названия
no,campsite,,43.126086,77.578355,Есть питьевая вода (по данным OpenStreetMap).,osm:n11212347394,tourism=camp_site,,https://www.openstreetmap.org/node/11212347394,без названия
no,campsite,,43.190088,77.713872,,osm:n11212355494,tourism=camp_site,,https://www.openstreetmap.org/node/11212355494,без названия
no,campsite,,42.975680,77.022710,Есть питьевая вода (по данным OpenStreetMap).,osm:n11215461460,tourism=camp_site,,https://www.openstreetmap.org/node/11215461460,без названия
no,campsite,,43.009602,77.005604,Есть питьевая вода (по данным OpenStreetMap).,osm:n11215700372,tourism=camp_site,,https://www.openstreetmap.org/node/11215700372,без названия
no,campsite,,43.368571,79.157460,,osm:n11293572148,tourism=camp_site,,https://www.openstreetmap.org/node/11293572148,без названия
no,campsite,,43.130148,77.543946,Питьевой воды нет (по данным OpenStreetMap).,osm:n11412912246,tourism=camp_site,,https://www.openstreetmap.org/node/11412912246,без названия
no,campsite,,43.009772,77.005189,,osm:n11481850237,tourism=camp_site,,https://www.openstreetmap.org/node/11481850237,без названия
no,campsite,,42.924889,76.507383,Есть питьевая вода (по данным OpenStreetMap).,osm:n11500425165,tourism=camp_site,,https://www.openstreetmap.org/node/11500425165,без названия
no,campsite,,43.087003,77.163785,"Вода в реке преимущественно мутная, необходимо фильтровать. Есть питьевая вода (по данным OpenStreetMap).",osm:n11521193243,tourism=camp_site,,https://www.openstreetmap.org/node/11521193243,без названия
no,campsite,,43.147430,77.539931,Есть питьевая вода (по данным OpenStreetMap).,osm:n11521271040,tourism=camp_site,,https://www.openstreetmap.org/node/11521271040,без названия
no,campsite,,42.997187,76.719801,Есть питьевая вода (по данным OpenStreetMap).,osm:n11521686943,tourism=camp_site,,https://www.openstreetmap.org/node/11521686943,без названия
no,campsite,,43.000999,76.744820,Есть питьевая вода (по данным OpenStreetMap).,osm:n11521686945,tourism=camp_site,,https://www.openstreetmap.org/node/11521686945,без названия
no,campsite,,42.999509,76.704630,Есть питьевая вода (по данным OpenStreetMap).,osm:n11521689554,tourism=camp_site,,https://www.openstreetmap.org/node/11521689554,без названия
no,campsite,,43.047534,76.867991,Есть питьевая вода (по данным OpenStreetMap).,osm:n11522080664,tourism=camp_site,,https://www.openstreetmap.org/node/11522080664,без названия
no,campsite,,43.037040,77.155790,Есть питьевая вода (по данным OpenStreetMap).,osm:n11522171444,tourism=camp_site,,https://www.openstreetmap.org/node/11522171444,без названия
no,campsite,,43.013345,77.174446,Есть питьевая вода (по данным OpenStreetMap).,osm:n11522171534,tourism=wilderness_hut,,https://www.openstreetmap.org/node/11522171534,без названия
no,campsite,,43.231972,77.018514,"Адрес: ПК Горный Гигант, 2920а. Часы работы: 24/7. Телефон: +77713585888. Сайт: https://www.instagram.com/apple_resort?igsh=MW0wZjNraDFsMW41aw==",osm:n11563639569,tourism=alpine_hut,,https://www.openstreetmap.org/node/11563639569,без названия
no,campsite,,43.110733,76.913675,Питьевой воды нет (по данным OpenStreetMap).,osm:n11966382340,tourism=camp_site,,https://www.openstreetmap.org/node/11966382340,без названия
no,campsite,,42.935890,76.539680,Есть питьевая вода (по данным OpenStreetMap).,osm:n12037286460,tourism=camp_site,,https://www.openstreetmap.org/node/12037286460,без названия
no,campsite,,43.117123,76.862194,,osm:n12039919022,tourism=wilderness_hut,,https://www.openstreetmap.org/node/12039919022,без названия
no,campsite,,42.987639,78.459982,Кемпинг у озера (есть деревянный туалет).,osm:n12089900969,tourism=camp_site,,https://www.openstreetmap.org/node/12089900969,без названия
no,campsite,,43.054286,76.991187,Питьевой воды нет (по данным OpenStreetMap).,osm:n12102766601,tourism=camp_site,,https://www.openstreetmap.org/node/12102766601,без названия
no,campsite,,42.993696,76.745092,Есть питьевая вода (по данным OpenStreetMap).,osm:n12133621564,tourism=camp_site,,https://www.openstreetmap.org/node/12133621564,без названия
no,campsite,,42.996735,76.746908,,osm:n12133621614,tourism=camp_site,,https://www.openstreetmap.org/node/12133621614,без названия
no,campsite,,42.973610,77.216940,,osm:n12142201488,tourism=camp_site,,https://www.openstreetmap.org/node/12142201488,без названия
no,campsite,,43.101340,77.339474,Есть питьевая вода (по данным OpenStreetMap).,osm:n12142268124,tourism=camp_site,,https://www.openstreetmap.org/node/12142268124,без названия
no,campsite,,43.002283,77.020124,Есть питьевая вода (по данным OpenStreetMap).,osm:n12172970515,tourism=camp_site,,https://www.openstreetmap.org/node/12172970515,без названия
no,campsite,,42.998629,77.057281,Питьевой воды нет (по данным OpenStreetMap).,osm:n12173031850,tourism=camp_site,,https://www.openstreetmap.org/node/12173031850,без названия
no,campsite,,43.037115,77.142382,Есть питьевая вода (по данным OpenStreetMap).,osm:n12199937695,tourism=camp_site,,https://www.openstreetmap.org/node/12199937695,без названия
no,campsite,,43.033008,77.124761,Может подтопить. Есть питьевая вода (по данным OpenStreetMap).,osm:n12201188726,tourism=camp_site,,https://www.openstreetmap.org/node/12201188726,без названия
no,campsite,,43.116078,77.123224,"Питьевая вода досупна до осени, потом озеро пересыхает. С другой стороны тропы есть также места под палатку. Есть питьевая вода (по данным OpenStreetMap).",osm:n12201356242,tourism=camp_site,,https://www.openstreetmap.org/node/12201356242,без названия
no,campsite,,43.120021,77.151274,Есть питьевая вода (по данным OpenStreetMap).,osm:n12201357729,tourism=camp_site,,https://www.openstreetmap.org/node/12201357729,без названия
no,campsite,,43.116428,77.155547,Есть питьевая вода (по данным OpenStreetMap).,osm:n12201360061,tourism=camp_site,,https://www.openstreetmap.org/node/12201360061,без названия
no,campsite,,43.120179,77.152174,Есть питьевая вода (по данным OpenStreetMap).,osm:n12201373782,tourism=camp_site,,https://www.openstreetmap.org/node/12201373782,без названия
no,campsite,,43.115442,77.156239,Есть питьевая вода (по данным OpenStreetMap).,osm:n12201394397,tourism=camp_site,,https://www.openstreetmap.org/node/12201394397,без названия
no,campsite,,43.076274,77.162053,Есть питьевая вода (по данным OpenStreetMap).,osm:n12202104658,tourism=camp_site,,https://www.openstreetmap.org/node/12202104658,без названия
no,campsite,,43.073844,77.164638,Питьевой воды нет (по данным OpenStreetMap).,osm:n12202125833,tourism=camp_site,,https://www.openstreetmap.org/node/12202125833,без названия
no,campsite,,43.036325,77.159731,Есть питьевая вода (по данным OpenStreetMap).,osm:n12202262746,tourism=camp_site,,https://www.openstreetmap.org/node/12202262746,без названия
no,campsite,,43.058983,77.214532,Есть питьевая вода (по данным OpenStreetMap).,osm:n12202281222,tourism=camp_site,,https://www.openstreetmap.org/node/12202281222,без названия
no,campsite,,43.048797,77.202124,,osm:n12202306555,tourism=camp_site,,https://www.openstreetmap.org/node/12202306555,без названия
no,campsite,,43.058004,77.211690,,osm:n12202323231,tourism=camp_site,,https://www.openstreetmap.org/node/12202323231,без названия
no,campsite,,43.021091,77.160495,,osm:n12202444244,tourism=camp_site,,https://www.openstreetmap.org/node/12202444244,без названия
no,campsite,,43.024131,77.070998,Есть питьевая вода (по данным OpenStreetMap).,osm:n12245763268,tourism=camp_site,,https://www.openstreetmap.org/node/12245763268,без названия
no,campsite,,43.037751,77.088878,Питьевой воды нет (по данным OpenStreetMap).,osm:n12247751428,tourism=camp_site,,https://www.openstreetmap.org/node/12247751428,без названия
no,campsite,,43.248606,77.279101,,osm:n12290024499,tourism=camp_site,,https://www.openstreetmap.org/node/12290024499,без названия
no,campsite,,43.249842,78.908995,,osm:n12290077553,tourism=camp_site,,https://www.openstreetmap.org/node/12290077553,без названия
no,campsite,,43.091225,77.048676,Есть питьевая вода (по данным OpenStreetMap).,osm:n12313929506,tourism=camp_site,,https://www.openstreetmap.org/node/12313929506,без названия
no,campsite,,43.069440,77.116930,,osm:n12421818323,tourism=camp_site,,https://www.openstreetmap.org/node/12421818323,без названия
no,campsite,,43.010399,77.186737,"Вода в ручье с песком, необходимо фильровать. Есть питьевая вода (по данным OpenStreetMap).",osm:n12421818324,tourism=camp_site,,https://www.openstreetmap.org/node/12421818324,без названия
no,campsite,,43.121400,76.991686,Есть питьевая вода (по данным OpenStreetMap).,osm:n12864167477,tourism=camp_site,,https://www.openstreetmap.org/node/12864167477,без названия
no,campsite,,43.120113,76.987435,Есть питьевая вода (по данным OpenStreetMap).,osm:n12864177133,tourism=camp_site,,https://www.openstreetmap.org/node/12864177133,без названия
no,campsite,,43.161351,77.086194,Питьевой воды нет (по данным OpenStreetMap).,osm:n12864783201,tourism=camp_site,,https://www.openstreetmap.org/node/12864783201,без названия
no,campsite,,43.022877,77.055910,Есть питьевая вода (по данным OpenStreetMap).,osm:n12894753582,tourism=camp_site,,https://www.openstreetmap.org/node/12894753582,без названия
no,campsite,,43.039299,77.022252,Есть питьевая вода (по данным OpenStreetMap).,osm:n12895113136,tourism=camp_site,,https://www.openstreetmap.org/node/12895113136,без названия
no,campsite,,43.032623,77.031363,,osm:n12895123450,tourism=camp_site,,https://www.openstreetmap.org/node/12895123450,без названия
no,campsite,,43.031946,77.030000,Питьевой воды нет (по данным OpenStreetMap).,osm:n12895123451,tourism=camp_site,,https://www.openstreetmap.org/node/12895123451,без названия
no,campsite,,43.033671,77.023881,,osm:n12895123452,tourism=camp_site,,https://www.openstreetmap.org/node/12895123452,без названия
no,campsite,,43.066028,77.007429,Есть питьевая вода (по данным OpenStreetMap).,osm:n12895377693,tourism=camp_site,,https://www.openstreetmap.org/node/12895377693,без названия
no,campsite,,43.066298,77.006634,Есть питьевая вода (по данным OpenStreetMap).,osm:n12895380301,tourism=camp_site,,https://www.openstreetmap.org/node/12895380301,без названия
no,campsite,,43.042934,77.021523,,osm:n12895387898,tourism=camp_site,,https://www.openstreetmap.org/node/12895387898,без названия
no,campsite,,43.082844,77.120196,Питьевой воды нет (по данным OpenStreetMap).,osm:n12898978287,tourism=camp_site,,https://www.openstreetmap.org/node/12898978287,без названия
no,campsite,,43.144026,77.002086,Питьевой воды нет (по данным OpenStreetMap).,osm:n12899004821,tourism=camp_site,,https://www.openstreetmap.org/node/12899004821,без названия
no,campsite,,42.985856,76.922210,Есть питьевая вода (по данным OpenStreetMap).,osm:n12899011111,tourism=camp_site,,https://www.openstreetmap.org/node/12899011111,без названия
no,campsite,,43.071147,77.102840,,osm:n12905295785,tourism=camp_site,,https://www.openstreetmap.org/node/12905295785,без названия
no,campsite,,42.935609,76.541082,Есть питьевая вода (по данным OpenStreetMap).,osm:n12912916310,tourism=camp_site,,https://www.openstreetmap.org/node/12912916310,без названия
no,campsite,,43.016617,77.169364,Питьевой воды нет (по данным OpenStreetMap).,osm:n12942199767,tourism=camp_site,,https://www.openstreetmap.org/node/12942199767,без названия
no,campsite,,43.014066,77.172337,Питьевой воды нет (по данным OpenStreetMap).,osm:n12942199793,tourism=camp_site,,https://www.openstreetmap.org/node/12942199793,без названия
no,campsite,,43.012014,77.184527,Есть питьевая вода (по данным OpenStreetMap).,osm:n12942304872,tourism=camp_site,,https://www.openstreetmap.org/node/12942304872,без названия
no,campsite,,43.013655,77.181726,Питьевой воды нет (по данным OpenStreetMap).,osm:n12942304873,tourism=camp_site,,https://www.openstreetmap.org/node/12942304873,без названия
no,campsite,,43.186441,77.733357,Есть питьевая вода (по данным OpenStreetMap).,osm:n12987580147,tourism=camp_site,,https://www.openstreetmap.org/node/12987580147,без названия
no,campsite,,43.133306,77.672142,Есть питьевая вода (по данным OpenStreetMap).,osm:n12987657477,tourism=camp_site,,https://www.openstreetmap.org/node/12987657477,без названия
no,campsite,,43.124439,77.671740,Есть питьевая вода (по данным OpenStreetMap).,osm:n12987681937,tourism=camp_site,,https://www.openstreetmap.org/node/12987681937,без названия
no,campsite,,43.163080,77.687175,Есть питьевая вода (по данным OpenStreetMap).,osm:n12987682016,tourism=camp_site,,https://www.openstreetmap.org/node/12987682016,без названия
no,campsite,,43.153349,77.681929,Есть питьевая вода (по данным OpenStreetMap).,osm:n12987682017,tourism=camp_site,,https://www.openstreetmap.org/node/12987682017,без названия
no,campsite,,43.016613,76.989231,Есть питьевая вода (по данным OpenStreetMap).,osm:n12988117727,tourism=camp_site,,https://www.openstreetmap.org/node/12988117727,без названия
no,campsite,,43.127399,77.663565,Есть питьевая вода (по данным OpenStreetMap).,osm:n12988131864,tourism=camp_site,,https://www.openstreetmap.org/node/12988131864,без названия
no,campsite,,43.014005,76.913511,,osm:n12999459999,tourism=camp_site,,https://www.openstreetmap.org/node/12999459999,без названия
no,campsite,,43.217068,77.522671,Есть питьевая вода (по данным OpenStreetMap).,osm:n13043325771,tourism=camp_site,,https://www.openstreetmap.org/node/13043325771,без названия
no,campsite,,43.215987,77.403737,Питьевой воды нет (по данным OpenStreetMap).,osm:n13043355237,tourism=camp_site,,https://www.openstreetmap.org/node/13043355237,без названия
no,campsite,,43.207106,77.400700,Хороший ручей в середине июля. Есть питьевая вода (по данным OpenStreetMap).,osm:n13043366988,tourism=camp_site,,https://www.openstreetmap.org/node/13043366988,без названия
no,campsite,,43.148535,77.064049,Питьевой воды нет (по данным OpenStreetMap).,osm:n13063490230,tourism=camp_site,,https://www.openstreetmap.org/node/13063490230,без названия
no,campsite,,43.131980,77.046564,Питьевой воды нет (по данным OpenStreetMap).,osm:n13063564129,tourism=camp_site,,https://www.openstreetmap.org/node/13063564129,без названия
no,campsite,,43.125141,77.037749,Питьевой воды нет (по данным OpenStreetMap).,osm:n13063604846,tourism=camp_site,,https://www.openstreetmap.org/node/13063604846,без названия
no,campsite,,43.057099,76.909743,"Печка, место для кэмпинга. Есть питьевая вода (по данным OpenStreetMap).",osm:n13074628602,tourism=camp_site,,https://www.openstreetmap.org/node/13074628602,без названия
no,campsite,,43.034430,77.120740,Есть питьевая вода (по данным OpenStreetMap).,osm:n13094229701,tourism=camp_site,,https://www.openstreetmap.org/node/13094229701,без названия
no,campsite,,43.027142,77.077151,Есть питьевая вода (по данным OpenStreetMap).,osm:n13094229801,tourism=camp_site,,https://www.openstreetmap.org/node/13094229801,без названия
no,campsite,,43.083817,77.007399,Есть питьевая вода (по данным OpenStreetMap).,osm:n13096133301,tourism=camp_site,,https://www.openstreetmap.org/node/13096133301,без названия
no,campsite,,42.967064,76.528386,Есть питьевая вода (по данным OpenStreetMap).,osm:n13097883635,tourism=camp_site,,https://www.openstreetmap.org/node/13097883635,без названия
no,campsite,,42.926364,76.507902,Есть питьевая вода (по данным OpenStreetMap).,osm:n13097934120,tourism=camp_site,,https://www.openstreetmap.org/node/13097934120,без названия
no,campsite,,42.936911,76.504581,Есть питьевая вода (по данным OpenStreetMap).,osm:n13097934151,tourism=camp_site,,https://www.openstreetmap.org/node/13097934151,без названия
no,campsite,,42.894067,76.428204,Есть питьевая вода (по данным OpenStreetMap).,osm:n13101004436,tourism=camp_site,,https://www.openstreetmap.org/node/13101004436,без названия
no,campsite,,42.890240,76.398458,Есть питьевая вода (по данным OpenStreetMap).,osm:n13101024659,tourism=camp_site,,https://www.openstreetmap.org/node/13101024659,без названия
no,campsite,,42.883218,76.349243,Ночью возможен сильный ветер на месте лагеря. Есть питьевая вода (по данным OpenStreetMap).,osm:n13101126098,tourism=camp_site,,https://www.openstreetmap.org/node/13101126098,без названия
no,campsite,,42.923173,76.400636,Есть питьевая вода (по данным OpenStreetMap).,osm:n13103348159,tourism=camp_site,,https://www.openstreetmap.org/node/13103348159,без названия
no,campsite,,42.935122,76.470898,Есть питьевая вода (по данным OpenStreetMap).,osm:n13103352880,tourism=camp_site,,https://www.openstreetmap.org/node/13103352880,без названия
no,campsite,,42.937207,76.471578,Есть питьевая вода (по данным OpenStreetMap).,osm:n13103434670,tourism=camp_site,,https://www.openstreetmap.org/node/13103434670,без названия
no,campsite,,42.937042,76.452402,Есть питьевая вода (по данным OpenStreetMap).,osm:n13103464499,tourism=camp_site,,https://www.openstreetmap.org/node/13103464499,без названия
no,campsite,,43.033015,76.998354,,osm:n13108138716,tourism=camp_site,,https://www.openstreetmap.org/node/13108138716,без названия
no,campsite,,43.125463,77.588483,,osm:n13120765409,tourism=camp_site,,https://www.openstreetmap.org/node/13120765409,без названия
no,campsite,,43.146771,77.554442,Есть питьевая вода (по данным OpenStreetMap).,osm:n13123249591,tourism=camp_site,,https://www.openstreetmap.org/node/13123249591,без названия
no,campsite,,42.646741,79.844926,,osm:n13123609274,tourism=camp_site,,https://www.openstreetmap.org/node/13123609274,без названия
no,campsite,,42.643797,79.844772,,osm:n13123610083,tourism=camp_site,,https://www.openstreetmap.org/node/13123610083,без названия
no,campsite,,43.014602,79.981514,,osm:n13123617733,tourism=camp_site,,https://www.openstreetmap.org/node/13123617733,без названия
no,campsite,,43.381502,80.349469,,osm:n13123619200,tourism=camp_site,,https://www.openstreetmap.org/node/13123619200,без названия
no,campsite,,42.645612,79.845274,,osm:n13123622928,tourism=camp_site,,https://www.openstreetmap.org/node/13123622928,без названия
no,campsite,,43.370441,80.349458,,osm:n13123623888,tourism=camp_site,,https://www.openstreetmap.org/node/13123623888,без названия
no,campsite,,43.379658,80.350458,,osm:n13123625620,tourism=camp_site,,https://www.openstreetmap.org/node/13123625620,без названия
no,campsite,,42.643095,79.845155,,osm:n13123627460,tourism=camp_site,,https://www.openstreetmap.org/node/13123627460,без названия
no,campsite,,43.157651,77.132023,Питьевой воды нет (по данным OpenStreetMap).,osm:n13136621939,tourism=camp_site,,https://www.openstreetmap.org/node/13136621939,без названия
no,campsite,,43.050089,77.290626,"Вода в ручьях преимущественно грязная, нужно иметь фильтр, или искать родники. Есть питьевая вода (по данным OpenStreetMap).",osm:n13141037187,tourism=camp_site,,https://www.openstreetmap.org/node/13141037187,без названия
no,campsite,,43.142683,77.484055,,osm:n13141044894,tourism=camp_site,,https://www.openstreetmap.org/node/13141044894,без названия
no,campsite,,43.014271,77.189858,Питьевой воды нет (по данным OpenStreetMap).,osm:n13190450093,tourism=camp_site,,https://www.openstreetmap.org/node/13190450093,без названия
no,campsite,,43.139903,77.012780,Питьевой воды нет (по данным OpenStreetMap).,osm:n13357181334,tourism=camp_site,,https://www.openstreetmap.org/node/13357181334,без названия
no,campsite,,42.704924,79.472328,,osm:n13396560673,tourism=camp_site,,https://www.openstreetmap.org/node/13396560673,без названия
no,campsite,,42.677472,79.457463,,osm:n13396567040,tourism=camp_site,,https://www.openstreetmap.org/node/13396567040,без названия
no,campsite,,43.037254,77.100051,Есть питьевая вода (по данным OpenStreetMap).,osm:n13907532009,tourism=camp_site,,https://www.openstreetmap.org/node/13907532009,без названия
no,campsite,,43.034075,77.111164,Питьевой воды нет (по данным OpenStreetMap).,osm:n13907532010,tourism=camp_site,,https://www.openstreetmap.org/node/13907532010,без названия
no,campsite,,43.034591,77.119828,Есть питьевая вода (по данным OpenStreetMap).,osm:n13907532011,tourism=camp_site,,https://www.openstreetmap.org/node/13907532011,без названия
no,campsite,,43.037743,77.119942,Есть питьевая вода (по данным OpenStreetMap).,osm:n13907532057,tourism=camp_site,,https://www.openstreetmap.org/node/13907532057,без названия
no,campsite,,43.024480,77.156576,,osm:n13907741154,tourism=camp_site,,https://www.openstreetmap.org/node/13907741154,без названия
no,campsite,,43.071485,77.089816,,osm:n13922478689,tourism=camp_site,,https://www.openstreetmap.org/node/13922478689,без названия
no,campsite,,43.022109,76.947139,,osm:n13946990164,tourism=wilderness_hut,,https://www.openstreetmap.org/node/13946990164,без названия
no,campsite,,43.071374,76.987101,,osm:n13948148401,tourism=camp_site,,https://www.openstreetmap.org/node/13948148401,без названия
no,campsite,,43.081463,77.165988,Есть питьевая вода (по данным OpenStreetMap).,osm:n13953936704,tourism=camp_site,,https://www.openstreetmap.org/node/13953936704,без названия
no,campsite,,43.097772,77.205454,Есть питьевая вода (по данным OpenStreetMap).,osm:n13953970704,tourism=camp_site,,https://www.openstreetmap.org/node/13953970704,без названия
no,campsite,,43.100369,77.213803,Питьевой воды нет (по данным OpenStreetMap).,osm:n13953992952,tourism=camp_site,,https://www.openstreetmap.org/node/13953992952,без названия
no,campsite,,43.101561,77.208855,Есть питьевая вода (по данным OpenStreetMap).,osm:n13954099399,tourism=camp_site,,https://www.openstreetmap.org/node/13954099399,без названия
no,campsite,,43.043271,77.296396,"Вода в ручьях преимущественно грязная, нужно иметь фильтр, или искать родники. Есть питьевая вода (по данным OpenStreetMap).",osm:n14025748018,tourism=camp_site,,https://www.openstreetmap.org/node/14025748018,без названия
no,campsite,,43.225267,77.410082,Вода в ручье только до начала июля. Питьевой воды нет (по данным OpenStreetMap).,osm:n14028180759,tourism=camp_site,,https://www.openstreetmap.org/node/14028180759,без названия
no,campsite,,43.187329,77.408541,Есть питьевая вода (по данным OpenStreetMap).,osm:n14028249579,tourism=camp_site,,https://www.openstreetmap.org/node/14028249579,без названия
no,campsite,,43.165042,77.420837,"Большая поляна, вода до начала июля есть ниже из-под камней. Есть питьевая вода (по данным OpenStreetMap).",osm:n14028364787,tourism=camp_site,,https://www.openstreetmap.org/node/14028364787,без названия
no,campsite,,43.163528,77.421344,"Ровная поляна на размыве, только вода в жару грязная. Есть питьевая вода (по данным OpenStreetMap).",osm:n14028364830,tourism=camp_site,,https://www.openstreetmap.org/node/14028364830,без названия
no,campsite,,43.155645,77.413369,"Вода из озера, бежит небольшой ручей. Есть питьевая вода (по данным OpenStreetMap).",osm:n14028680914,tourism=camp_site,,https://www.openstreetmap.org/node/14028680914,без названия
no,campsite,,42.928275,76.537710,Есть питьевая вода (по данным OpenStreetMap).,osm:n14028691753,tourism=camp_site,,https://www.openstreetmap.org/node/14028691753,без названия
no,campsite,,42.929395,76.451406,До середины июля вода в ручье есть. Есть питьевая вода (по данным OpenStreetMap).,osm:n14029006404,tourism=camp_site,,https://www.openstreetmap.org/node/14029006404,без названия
no,campsite,,42.890243,76.386384,Есть питьевая вода (по данным OpenStreetMap).,osm:n14058113077,tourism=camp_site,,https://www.openstreetmap.org/node/14058113077,без названия
no,campsite,,43.029857,76.785695,,osm:n14110431387,tourism=camp_site,,https://www.openstreetmap.org/node/14110431387,без названия
no,campsite,,43.007418,76.823715,Есть питьевая вода (по данным OpenStreetMap).,osm:n14110431388,tourism=camp_site,,https://www.openstreetmap.org/node/14110431388,без названия
no,campsite,,43.039923,76.867045,Есть питьевая вода (по данным OpenStreetMap).,osm:n14110431430,tourism=camp_site,,https://www.openstreetmap.org/node/14110431430,без названия
no,campsite,,43.054633,76.992601,Питьевой воды нет (по данным OpenStreetMap).,osm:n14110431431,tourism=camp_site,,https://www.openstreetmap.org/node/14110431431,без названия
no,campsite,,43.046114,77.036167,Есть питьевая вода (по данным OpenStreetMap).,osm:n14110431432,tourism=camp_site,,https://www.openstreetmap.org/node/14110431432,без названия
no,campsite,,43.082976,77.102321,Питьевой воды нет (по данным OpenStreetMap).,osm:n14137684159,tourism=camp_site,,https://www.openstreetmap.org/node/14137684159,без названия
no,campsite,,43.013074,77.174097,"новая хижина Казселезащиты, закрыта на замок, доступ туристам запрещен. Есть питьевая вода (по данным OpenStreetMap).",osm:n14174608780,tourism=wilderness_hut,,https://www.openstreetmap.org/node/14174608780,без названия
no,campsite,,43.032993,77.285047,Есть питьевая вода (по данным OpenStreetMap).,osm:n14174712228,tourism=camp_site,,https://www.openstreetmap.org/node/14174712228,без названия
no,campsite,,43.044520,77.296091,"Вода в ручьях преимущественно грязная, нужно иметь фильтр, или искать родники. Есть питьевая вода (по данным OpenStreetMap).",osm:n14174712423,tourism=camp_site,,https://www.openstreetmap.org/node/14174712423,без названия
no,campsite,,43.057846,77.325061,Есть питьевая вода (по данным OpenStreetMap).,osm:n14174751286,tourism=camp_site,,https://www.openstreetmap.org/node/14174751286,без названия
no,campsite,,43.036221,77.250798,"Импровизированное место под одну одноместную палатку, выложенное камнями на леднике. Есть питьевая вода (по данным OpenStreetMap).",osm:n14174817920,tourism=camp_site,,https://www.openstreetmap.org/node/14174817920,без названия
no,campsite,,43.042649,77.232831,Есть питьевая вода (по данным OpenStreetMap).,osm:n14174837197,tourism=camp_site,,https://www.openstreetmap.org/node/14174837197,без названия
no,campsite,,43.116472,77.046456,Есть питьевая вода (по данным OpenStreetMap).,osm:n14178001633,tourism=camp_site,,https://www.openstreetmap.org/node/14178001633,без названия
no,campsite,,43.235998,77.593595,Есть питьевая вода (по данным OpenStreetMap).,osm:n14190778650,tourism=camp_site,,https://www.openstreetmap.org/node/14190778650,без названия
no,campsite,,43.202075,77.569458,Есть питьевая вода (по данным OpenStreetMap).,osm:n14190778651,tourism=camp_site,,https://www.openstreetmap.org/node/14190778651,без названия
no,campsite,,43.065027,77.091884,,osm:n14211673790,tourism=camp_site,,https://www.openstreetmap.org/node/14211673790,без названия
no,campsite,,43.060195,77.107244,,osm:n14211686928,tourism=camp_site,,https://www.openstreetmap.org/node/14211686928,без названия
no,campsite,,43.060398,77.107361,,osm:n14211686933,tourism=camp_site,,https://www.openstreetmap.org/node/14211686933,без названия
no,campsite,,43.054552,77.101993,,osm:n14211686934,tourism=camp_site,,https://www.openstreetmap.org/node/14211686934,без названия
no,campsite,,43.054376,77.102045,,osm:n14211686935,tourism=camp_site,,https://www.openstreetmap.org/node/14211686935,без названия
no,campsite,,43.161260,77.102818,,osm:n3904975799,tourism=wilderness_hut,,https://www.openstreetmap.org/node/3904975799,без названия
no,campsite,,43.162084,77.102186,,osm:n3904975800,tourism=wilderness_hut,,https://www.openstreetmap.org/node/3904975800,без названия
no,campsite,,43.119698,77.052504,Питьевой воды нет (по данным OpenStreetMap).,osm:n4396410393,tourism=camp_site,,https://www.openstreetmap.org/node/4396410393,без названия
no,campsite,,43.196661,77.118896,,osm:n4746149921,tourism=alpine_hut,,https://www.openstreetmap.org/node/4746149921,без названия
no,campsite,,42.991254,78.327920,,osm:n5043328221,tourism=camp_site,,https://www.openstreetmap.org/node/5043328221,без названия
no,campsite,,44.793215,78.989508,,osm:n5062056323,tourism=camp_site,,https://www.openstreetmap.org/node/5062056323,без названия
no,campsite,,42.939036,78.326361,,osm:n5097186821,tourism=camp_site,,https://www.openstreetmap.org/node/5097186821,без названия
no,campsite,,43.070650,78.367903,Сайт: https://velotour.kz/,osm:n5499565921,tourism=camp_site,,https://www.openstreetmap.org/node/5499565921,без названия
no,campsite,,43.157481,77.102164,Есть питьевая вода (по данным OpenStreetMap).,osm:n5712780321,tourism=camp_site,,https://www.openstreetmap.org/node/5712780321,без названия
no,campsite,,44.226511,80.376418,,osm:n5865602286,tourism=camp_site,,https://www.openstreetmap.org/node/5865602286,без названия
no,campsite,,43.074193,78.430922,,osm:n5896467785,tourism=camp_site,,https://www.openstreetmap.org/node/5896467785,без названия
no,campsite,,43.079090,77.162815,Есть питьевая вода (по данным OpenStreetMap).,osm:n5905833385,tourism=camp_site,,https://www.openstreetmap.org/node/5905833385,без названия
no,campsite,,42.978891,77.350004,Хорошая ровная поляна.,osm:n5983380645,tourism=camp_site,,https://www.openstreetmap.org/node/5983380645,без названия
no,campsite,,42.976990,78.320731,,osm:n6419225386,tourism=camp_site,,https://www.openstreetmap.org/node/6419225386,без названия
no,campsite,,43.197837,75.325652,,osm:n6424091985,tourism=alpine_hut,,https://www.openstreetmap.org/node/6424091985,без названия
no,campsite,,43.512029,76.799894,,osm:n6632012687,tourism=camp_site,,https://www.openstreetmap.org/node/6632012687,без названия
no,campsite,,43.153575,77.109603,Есть питьевая вода (по данным OpenStreetMap).,osm:n6638267297,tourism=camp_site,,https://www.openstreetmap.org/node/6638267297,без названия
no,campsite,,43.102543,77.076180,Есть питьевая вода (по данным OpenStreetMap).,osm:n6726714787,tourism=camp_site,,https://www.openstreetmap.org/node/6726714787,без названия
no,campsite,,42.896946,78.849227,,osm:n6744987835,tourism=camp_site,,https://www.openstreetmap.org/node/6744987835,без названия
no,campsite,,43.940156,78.480641,,osm:n6755413951,tourism=camp_site,,https://www.openstreetmap.org/node/6755413951,без названия
no,campsite,,43.922224,78.790256,,osm:n6755417619,tourism=camp_site,,https://www.openstreetmap.org/node/6755417619,без названия
no,campsite,,44.116018,78.702521,,osm:n6755426728,tourism=camp_site,,https://www.openstreetmap.org/node/6755426728,без названия
no,campsite,,43.158947,78.272316,,osm:n6758196518,tourism=camp_site,,https://www.openstreetmap.org/node/6758196518,без названия
no,campsite,,43.033532,77.096982,Есть питьевая вода (по данным OpenStreetMap).,osm:n6798546485,tourism=camp_site,,https://www.openstreetmap.org/node/6798546485,без названия
no,campsite,,43.032224,77.134809,Есть питьевая вода (по данным OpenStreetMap).,osm:n6798546486,tourism=camp_site,,https://www.openstreetmap.org/node/6798546486,без названия
no,campsite,,43.029954,77.090722,Кемпингке тамаша орын - Good place for camping - Хорошее место для кемпинга - Dobre miejsce na kemping.,osm:n6798546487,tourism=camp_site,,https://www.openstreetmap.org/node/6798546487,без названия
no,campsite,,44.776109,78.932728,,osm:n7324781793,tourism=camp_site,,https://www.openstreetmap.org/node/7324781793,без названия
no,campsite,,43.181093,77.115075,Питьевой воды нет (по данным OpenStreetMap).,osm:n7347415328,tourism=camp_site,,https://www.openstreetmap.org/node/7347415328,без названия
no,campsite,,44.167711,79.513705,,osm:n7564556977,tourism=camp_site,,https://www.openstreetmap.org/node/7564556977,без названия
no,campsite,,44.339725,78.185996,,osm:n7564561056,tourism=camp_site,,https://www.openstreetmap.org/node/7564561056,без названия
no,campsite,,45.130302,78.872517,,osm:n7689723387,tourism=camp_site,,https://www.openstreetmap.org/node/7689723387,без названия
no,campsite,,45.004215,78.970868,,osm:n7902792285,tourism=camp_site,,https://www.openstreetmap.org/node/7902792285,без названия
no,campsite,,43.201506,77.117769,,osm:n8044440214,tourism=camp_site,,https://www.openstreetmap.org/node/8044440214,без названия
no,campsite,,43.201354,77.123943,,osm:n8044442317,tourism=camp_site,,https://www.openstreetmap.org/node/8044442317,без названия
no,campsite,,43.002902,78.843753,,osm:n8044442638,tourism=camp_site,,https://www.openstreetmap.org/node/8044442638,без названия
no,campsite,,42.877070,78.792438,,osm:n8044442840,tourism=camp_site,,https://www.openstreetmap.org/node/8044442840,без названия
no,campsite,,44.816664,78.329969,,osm:n8529185538,tourism=camp_site,,https://www.openstreetmap.org/node/8529185538,без названия
no,campsite,,43.681688,75.878020,,osm:n8721431821,tourism=alpine_hut,,https://www.openstreetmap.org/node/8721431821,без названия
no,campsite,,43.233454,77.038933,,osm:n8777773656,tourism=camp_site,,https://www.openstreetmap.org/node/8777773656,без названия
no,campsite,,44.096068,77.935373,,osm:n8932048259,tourism=camp_site,,https://www.openstreetmap.org/node/8932048259,без названия
no,campsite,,43.088161,79.655509,,osm:n9112295979,tourism=camp_site,,https://www.openstreetmap.org/node/9112295979,без названия
no,campsite,,43.183512,77.734113,Есть питьевая вода (по данным OpenStreetMap).,osm:n9112317673,tourism=camp_site,,https://www.openstreetmap.org/node/9112317673,без названия
no,campsite,,43.086391,79.659156,,osm:n9112318280,tourism=camp_site,,https://www.openstreetmap.org/node/9112318280,без названия
no,campsite,,43.116628,79.619384,,osm:n9112322189,tourism=camp_site,,https://www.openstreetmap.org/node/9112322189,без названия
no,campsite,,43.089041,79.652583,,osm:n9112323062,tourism=camp_site,,https://www.openstreetmap.org/node/9112323062,без названия
no,campsite,,44.477724,78.276271,,osm:n9112329524,tourism=camp_site,,https://www.openstreetmap.org/node/9112329524,без названия
no,campsite,,43.186725,77.735263,Питьевой воды нет (по данным OpenStreetMap).,osm:n9112329525,tourism=camp_site,,https://www.openstreetmap.org/node/9112329525,без названия
no,campsite,,43.089473,79.649655,,osm:n9112330951,tourism=camp_site,,https://www.openstreetmap.org/node/9112330951,без названия
no,campsite,,45.898842,81.646255,,osm:n9112330952,tourism=camp_site,,https://www.openstreetmap.org/node/9112330952,без названия
no,campsite,,43.173887,77.726998,Есть питьевая вода (по данным OpenStreetMap).,osm:n9112331169,tourism=camp_site,,https://www.openstreetmap.org/node/9112331169,без названия
no,campsite,,43.178294,77.739294,Есть питьевая вода (по данным OpenStreetMap).,osm:n9112334093,tourism=camp_site,,https://www.openstreetmap.org/node/9112334093,без названия
no,campsite,,44.475142,78.276774,,osm:n9112334622,tourism=camp_site,,https://www.openstreetmap.org/node/9112334622,без названия
no,campsite,,43.173019,77.726387,Есть питьевая вода (по данным OpenStreetMap).,osm:n9112334623,tourism=camp_site,,https://www.openstreetmap.org/node/9112334623,без названия
no,campsite,,43.088540,79.654526,,osm:n9112345023,tourism=camp_site,,https://www.openstreetmap.org/node/9112345023,без названия
no,campsite,,43.276705,77.059178,,osm:n9843243922,tourism=camp_site,,https://www.openstreetmap.org/node/9843243922,без названия
no,campsite,,43.138260,77.065849,Кемпинг зона.,osm:n9892882213,tourism=camp_site,,https://www.openstreetmap.org/node/9892882213,без названия
no,campsite,,43.172103,77.108362,,osm:n9922636264,tourism=wilderness_hut,,https://www.openstreetmap.org/node/9922636264,без названия
no,campsite,,43.158696,77.094833,Есть питьевая вода (по данным OpenStreetMap).,osm:n9968287117,tourism=camp_site,,https://www.openstreetmap.org/node/9968287117,без названия
no,campsite,,43.120673,77.151274,Есть питьевая вода (по данным OpenStreetMap).,osm:n9989010117,tourism=camp_site,,https://www.openstreetmap.org/node/9989010117,без названия
no,campsite,,43.439967,78.406623,,osm:w1155306999,tourism=camp_site,,https://www.openstreetmap.org/way/1155306999,без названия
no,campsite,,43.441885,78.407657,,osm:w1155307000,tourism=camp_site,,https://www.openstreetmap.org/way/1155307000,без названия
no,campsite,,42.582221,79.999043,,osm:w1158895808,tourism=camp_site,,https://www.openstreetmap.org/way/1158895808,без названия
no,campsite,,43.112167,76.790262,,osm:w1175272589,tourism=camp_site,,https://www.openstreetmap.org/way/1175272589,без названия
no,campsite,,43.670388,79.390125,,osm:w1180035870,tourism=camp_site,,https://www.openstreetmap.org/way/1180035870,без названия
no,campsite,,43.720851,79.421487,,osm:w1180037058,tourism=camp_site,,https://www.openstreetmap.org/way/1180037058,без названия
no,campsite,,43.721098,79.422196,,osm:w1180037059,tourism=camp_site,,https://www.openstreetmap.org/way/1180037059,без названия
no,campsite,,43.721033,79.422664,,osm:w1180037060,tourism=camp_site,,https://www.openstreetmap.org/way/1180037060,без названия
no,campsite,,45.702468,74.412150,,osm:w1228190307,tourism=camp_site,,https://www.openstreetmap.org/way/1228190307,без названия
no,campsite,,43.161433,76.977126,Питьевой воды нет (по данным OpenStreetMap).,osm:w1238762451,tourism=camp_site,,https://www.openstreetmap.org/way/1238762451,без названия
no,campsite,,43.028152,76.934753,,osm:w1239089630,tourism=wilderness_hut,,https://www.openstreetmap.org/way/1239089630,без названия
no,campsite,,43.296682,77.383643,,osm:w1311347784,tourism=camp_site,,https://www.openstreetmap.org/way/1311347784,без названия
no,campsite,,43.297906,77.382234,,osm:w1311347807,tourism=alpine_hut,,https://www.openstreetmap.org/way/1311347807,без названия
no,campsite,,43.298209,77.382233,,osm:w1311347808,tourism=alpine_hut,,https://www.openstreetmap.org/way/1311347808,без названия
no,campsite,,43.297692,77.382193,,osm:w1311347809,tourism=alpine_hut,,https://www.openstreetmap.org/way/1311347809,без названия
no,campsite,,43.182578,77.085285,,osm:w1349739742,tourism=camp_site,,https://www.openstreetmap.org/way/1349739742,без названия
no,campsite,,42.562586,79.992949,,osm:w1391554059,tourism=camp_site,,https://www.openstreetmap.org/way/1391554059,без названия
no,campsite,,43.070779,78.367863,,osm:w1392171850,tourism=camp_site,,https://www.openstreetmap.org/way/1392171850,без названия
no,campsite,,43.203901,77.457351,Есть питьевая вода (по данным OpenStreetMap).,osm:w1395150649,tourism=camp_site,,https://www.openstreetmap.org/way/1395150649,без названия
no,campsite,,43.358409,79.054847,,osm:w1467173785,tourism=alpine_hut,,https://www.openstreetmap.org/way/1467173785,без названия
no,campsite,,43.358329,79.054719,,osm:w1467173786,tourism=alpine_hut,,https://www.openstreetmap.org/way/1467173786,без названия
no,campsite,,43.358483,79.055034,,osm:w1467173787,tourism=alpine_hut,,https://www.openstreetmap.org/way/1467173787,без названия
no,campsite,,43.358572,79.055207,,osm:w1467173788,tourism=alpine_hut,,https://www.openstreetmap.org/way/1467173788,без названия
no,campsite,,43.358658,79.055408,,osm:w1467173789,tourism=alpine_hut,,https://www.openstreetmap.org/way/1467173789,без названия
no,campsite,,43.358754,79.055545,,osm:w1467173790,tourism=alpine_hut,,https://www.openstreetmap.org/way/1467173790,без названия
no,campsite,,43.358838,79.055732,,osm:w1467173791,tourism=alpine_hut,,https://www.openstreetmap.org/way/1467173791,без названия
no,campsite,,43.358921,79.055910,,osm:w1467173792,tourism=alpine_hut,,https://www.openstreetmap.org/way/1467173792,без названия
no,campsite,,43.358246,79.054633,,osm:w1467173793,tourism=alpine_hut,,https://www.openstreetmap.org/way/1467173793,без названия
no,campsite,,43.358126,79.054747,,osm:w1467173794,tourism=alpine_hut,,https://www.openstreetmap.org/way/1467173794,без названия
no,campsite,,43.357357,79.055466,,osm:w1467173795,tourism=alpine_hut,,https://www.openstreetmap.org/way/1467173795,без названия
no,campsite,,43.357379,79.055673,,osm:w1467173796,tourism=alpine_hut,,https://www.openstreetmap.org/way/1467173796,без названия
no,campsite,,43.357407,79.055955,,osm:w1467173797,tourism=alpine_hut,,https://www.openstreetmap.org/way/1467173797,без названия
no,campsite,,43.357443,79.056162,,osm:w1467173798,tourism=alpine_hut,,https://www.openstreetmap.org/way/1467173798,без названия
no,campsite,,43.357476,79.056295,,osm:w1467173799,tourism=alpine_hut,,https://www.openstreetmap.org/way/1467173799,без названия
no,campsite,,43.357508,79.056458,,osm:w1467173800,tourism=alpine_hut,,https://www.openstreetmap.org/way/1467173800,без названия
no,campsite,,45.953583,81.566421,,osm:w438789380,leisure=resort,,https://www.openstreetmap.org/way/438789380,без названия
no,campsite,Ranch,43.159468,77.034569,,osm:w1338001028,tourism=camp_site,Ranch,https://www.openstreetmap.org/way/1338001028,не стоянка
no,campsite,"Up to 3 suv cars, tax free, no GSM",42.728112,79.458127,,osm:n13396567600,tourism=camp_site,"Up to 3 suv cars, tax free, no GSM",https://www.openstreetmap.org/node/13396567600,технический объект
no,campsite,"Базовый лагерь ""Слияние""",42.337498,80.200280,,osm:n5905833185,tourism=camp_site,"Базовый лагерь ""Слияние""",https://www.openstreetmap.org/node/5905833185,не стоянка
no,campsite,"Горный Клуб ""Аскар-Тау""",43.113424,77.075825,,osm:w1323202652,tourism=camp_site,"Горный Клуб ""Аскар-Тау""",https://www.openstreetmap.org/way/1323202652,не стоянка
no,campsite,Зимовка акпункт,45.277778,79.258333,,osm:n534086522,tourism=camp_site,Зимовка акпункт,https://www.openstreetmap.org/node/534086522,не стоянка
no,campsite,Зимовка битебулак,45.291667,79.361111,,osm:n534086536,tourism=camp_site,Зимовка битебулак,https://www.openstreetmap.org/node/534086536,не стоянка
no,campsite,Зимовка кожабек,45.230556,79.236111,,osm:n534086511,tourism=camp_site,Зимовка кожабек,https://www.openstreetmap.org/node/534086511,не стоянка
no,campsite,Зимовка совхоза аксуский,45.222222,79.627778,,osm:n534086564,tourism=camp_site,Зимовка совхоза аксуский,https://www.openstreetmap.org/node/534086564,не стоянка
no,campsite,Зимовка совхоза аксуский,45.225000,79.591667,,osm:n534086569,tourism=camp_site,Зимовка совхоза аксуский,https://www.openstreetmap.org/node/534086569,не стоянка
no,campsite,Зимовка совхоза аксуский,45.238889,79.625000,,osm:n534086580,tourism=camp_site,Зимовка совхоза аксуский,https://www.openstreetmap.org/node/534086580,не стоянка
no,campsite,Зимовка совхоза аксуский,45.236111,79.602778,,osm:n534086581,tourism=camp_site,Зимовка совхоза аксуский,https://www.openstreetmap.org/node/534086581,не стоянка
no,campsite,Зимовка совхоза аксуский,45.252778,79.650000,,osm:n534086601,tourism=camp_site,Зимовка совхоза аксуский,https://www.openstreetmap.org/node/534086601,не стоянка
no,campsite,Зимовка совхоза аксуский,45.244444,79.755556,,osm:n534086612,tourism=camp_site,Зимовка совхоза аксуский,https://www.openstreetmap.org/node/534086612,не стоянка
no,campsite,Зимовка совхоза аксуский,45.241667,79.733333,,osm:n534086615,tourism=camp_site,Зимовка совхоза аксуский,https://www.openstreetmap.org/node/534086615,не стоянка
no,campsite,Зимовка совхоза аксуский,45.238889,79.752778,,osm:n534086617,tourism=camp_site,Зимовка совхоза аксуский,https://www.openstreetmap.org/node/534086617,не стоянка
no,campsite,Зимовка совхоза арасан,45.305556,79.133333,,osm:n534086518,tourism=camp_site,Зимовка совхоза арасан,https://www.openstreetmap.org/node/534086518,не стоянка
no,campsite,Лагерь 1,42.328119,80.264701,,osm:n6708067689,tourism=camp_site,Лагерь 1,https://www.openstreetmap.org/node/6708067689,не стоянка
no,campsite,Лагерь 1,42.232073,80.156972,,osm:n8989476317,tourism=camp_site,Лагерь 1,https://www.openstreetmap.org/node/8989476317,не стоянка
no,campsite,Лагерь Шитика,43.028411,78.389636,,osm:n7896707985,tourism=camp_site,Лагерь Шитика,https://www.openstreetmap.org/node/7896707985,не стоянка
no,campsite,Пионерские ночёвки,43.080193,77.099998,Питьевой воды нет (по данным OpenStreetMap).,osm:n12804585273,tourism=camp_site,Пионерские ночёвки,https://www.openstreetmap.org/node/12804585273,не стоянка
no,campsite,Стойбище чабанов,44.837028,79.221270,,osm:w1009385872,tourism=camp_site,Стойбище чабанов,https://www.openstreetmap.org/way/1009385872,не стоянка
no,campsite,Стоянка чабанов,44.787822,79.446355,,osm:n9309839725,tourism=camp_site,Стоянка чабанов,https://www.openstreetmap.org/node/9309839725,не стоянка
no,campsite,Стоянка чабанов,44.993541,78.866012,,osm:w1015810039,tourism=camp_site,Стоянка чабанов,https://www.openstreetmap.org/way/1015810039,не стоянка
no,campsite,Стоянка чабанов +юрта,45.006922,78.874430,,osm:w1015810040,tourism=camp_site,Стоянка чабанов +юрта,https://www.openstreetmap.org/way/1015810040,не стоянка
no,campsite,Трейл Триникс,43.146830,76.801687,,osm:w1158696089,tourism=camp_site,Трейл Триникс,https://www.openstreetmap.org/way/1158696089,не стоянка
no,campsite,Чабаны,44.831490,79.236014,,osm:w1009385894,tourism=camp_site,Чабаны,https://www.openstreetmap.org/way/1009385894,не стоянка
no,campsite,Чабаны,44.831560,79.244328,,osm:w1009385895,tourism=camp_site,Чабаны,https://www.openstreetmap.org/way/1009385895,не стоянка
no,campsite,карантин апрель 2020,43.212101,78.046727,,osm:n7449271285,tourism=camp_site,,https://www.openstreetmap.org/node/7449271285,технический объект
no,campsite,пионерлагерь Эдельвейс,43.299373,77.627859,,osm:n2883164713,tourism=camp_site,пионерлагерь Эдельвейс,https://www.openstreetmap.org/node/2883164713,не стоянка
no,fishing_spot,,43.507798,77.157297,,osm:n3109755498,leisure=fishing,,https://www.openstreetmap.org/node/3109755498,без названия
no,fishing_spot,,43.508032,77.157298,,osm:n3109755635,leisure=fishing,,https://www.openstreetmap.org/node/3109755635,без названия
no,fishing_spot,,43.508231,77.157503,,osm:n3109755680,leisure=fishing,,https://www.openstreetmap.org/node/3109755680,без названия
no,fishing_spot,,43.508876,77.157685,,osm:n3109755822,leisure=fishing,,https://www.openstreetmap.org/node/3109755822,без названия
no,fishing_spot,,43.508916,77.157425,,osm:n3109755827,leisure=fishing,,https://www.openstreetmap.org/node/3109755827,без названия
no,fishing_spot,,43.509081,77.157297,,osm:n3109755835,leisure=fishing,,https://www.openstreetmap.org/node/3109755835,без названия
no,fishing_spot,,43.509473,77.158252,,osm:n3109755856,leisure=fishing,,https://www.openstreetmap.org/node/3109755856,без названия
no,fishing_spot,,43.509583,77.158131,,osm:n3109755860,leisure=fishing,,https://www.openstreetmap.org/node/3109755860,без названия
no,fishing_spot,,43.509645,77.157876,,osm:n3109755865,leisure=fishing,,https://www.openstreetmap.org/node/3109755865,без названия
no,fishing_spot,,43.509896,77.157480,,osm:n3109755874,leisure=fishing,,https://www.openstreetmap.org/node/3109755874,без названия
no,fishing_spot,,44.381282,78.154173,,osm:n7055946334,leisure=fishing,,https://www.openstreetmap.org/node/7055946334,без названия
no,fishing_spot,,45.928458,79.875078,,osm:n7935622659,leisure=fishing,,https://www.openstreetmap.org/node/7935622659,без названия
no,fishing_spot,,44.478688,78.276454,,osm:n9112341426,leisure=fishing,,https://www.openstreetmap.org/node/9112341426,без названия
no,fishing_spot,слияние с маканчи,45.855427,80.040925,,osm:n7935601118,leisure=fishing,слияние с маканчи,https://www.openstreetmap.org/node/7935601118,повтор
no,landmark,Бұлақ 💦,43.735296,75.178246,,osm:n6424083991,waterway=waterfall,Бұлақ 💦,https://www.openstreetmap.org/node/6424083991,непонятное название
no,landmark,не Райские озёра,45.977636,78.253413,,osm:r15975050,waterway=waterfall,не Райские озёра,https://www.openstreetmap.org/relation/15975050,непонятное название
no,paid_pond,,43.511448,77.364250,Платно.,osm:n9843233379,leisure=fishing,,https://www.openstreetmap.org/node/9843233379,без названия
no,paid_pond,Рыбацкая усадьба,43.449093,76.709105,8 000 тенге сутки. Сайт: https://lake.kz/,osm:w1144388333,leisure=fishing,Рыбацкая усадьба,https://www.openstreetmap.org/way/1144388333,повтор
no,spring,Natural warm shower,43.922595,78.794215,Горячий источник.,osm:n6755435220,natural=hot_spring,Natural warm shower,https://www.openstreetmap.org/node/6755435220,повтор «Родонового источника»
no,spring,Pattaya SPA,43.639508,80.029533,"Горячий источник. Адрес: Алматинская область, участок Арасан, учетный квартал 082, дом 3. Телефон: +7 707 842 4119. Сайт: https://pattayaspa.kz/",osm:w1324985281,natural=hot_spring,Pattaya SPA,https://www.openstreetmap.org/way/1324985281,платный комплекс
no,spring,Pattaya SPA,43.639297,80.029565,"Горячий источник. Адрес: Алматинская область, участок Арасан, учетный квартал 082, дом 3. Телефон: +7 707 842 4119. Сайт: https://pattayaspa.kz/",osm:w1324985282,natural=hot_spring,Pattaya SPA,https://www.openstreetmap.org/way/1324985282,платный комплекс
no,spring,Дария,43.648151,80.114589,"Гостевой дом с четырьмя тёплыми бассейнами, крытый и под навесом, температура воды разная. Горячий источник. Телефон: +77772552710.",osm:n9345938521,natural=hot_spring,Дария,https://www.openstreetmap.org/node/9345938521,гостевой дом с бассейнами
no,spring,Шыган,44.116057,78.702959,,osm:n4387580289,natural=spring,Шыган,https://www.openstreetmap.org/node/4387580289,повтор
no,water_body,13-бис,43.038978,77.044100,,osm:w1064801874,natural=water,13-бис,https://www.openstreetmap.org/way/1064801874,номер вместо названия
no,water_body,3олоотвал,43.440592,77.008758,,osm:w542430874,natural=water,Күл үйіндісі,https://www.openstreetmap.org/way/542430874,золоотвал
no,water_body,8Б,43.013300,77.201169,,osm:w1081389141,natural=water,8Б,https://www.openstreetmap.org/way/1081389141,номер вместо названия
no,water_body,Акколь,42.490781,79.960020,,osm:w575224550,natural=water,Ақкөл,https://www.openstreetmap.org/way/575224550,повтор
no,water_body,Дюкер,43.504599,76.780506,,osm:w540427430,natural=water,Дюкер,https://www.openstreetmap.org/way/540427430,технический объект
no,water_body,Енбекши К-28,43.281868,76.532478,,osm:w239255211,natural=water,Енбекши К-28,https://www.openstreetmap.org/way/239255211,номер вместо названия
no,water_body,Жасылколь,42.923604,76.401640,,osm:w397777312,natural=water,Жасылкөл,https://www.openstreetmap.org/way/397777312,повтор
no,water_body,К-14,43.320402,76.082486,,osm:w1160162589,natural=water,К-14,https://www.openstreetmap.org/way/1160162589,номер вместо названия
no,water_body,К-25,43.249927,75.952936,,osm:w1160883737,natural=water,К-25,https://www.openstreetmap.org/way/1160883737,номер вместо названия
no,water_body,К-32,43.523531,76.842750,,osm:w1087004041,natural=water,К-32,https://www.openstreetmap.org/way/1087004041,номер вместо названия
no,water_body,К-32,43.514905,76.841754,,osm:w1087021045,natural=water,К-32,https://www.openstreetmap.org/way/1087021045,номер вместо названия
no,water_body,К-32,43.445695,76.707063,,osm:w994049109,natural=water,К-32,https://www.openstreetmap.org/way/994049109,номер вместо названия
no,water_body,К-95,43.176975,76.055859,,osm:w1157467356,natural=water,К-95,https://www.openstreetmap.org/way/1157467356,номер вместо названия
no,water_body,Озеро 1,43.505284,77.157571,,osm:w306145540,natural=water,Озеро 1,https://www.openstreetmap.org/way/306145540,номер вместо названия
no,water_body,Озеро 2,43.509685,77.157189,,osm:w306145541,natural=water,Озеро 2,https://www.openstreetmap.org/way/306145541,номер вместо названия
no,water_body,Озеро 3,43.513105,77.157392,,osm:w306145542,natural=water,Озеро 3,https://www.openstreetmap.org/way/306145542,номер вместо названия
no,water_body,Озеро 4,43.514290,77.159561,,osm:w306145543,natural=water,Озеро 4,https://www.openstreetmap.org/way/306145543,номер вместо названия
no,water_body,Озеро 5,43.521177,77.163228,,osm:w306145544,natural=water,Озеро 5,https://www.openstreetmap.org/way/306145544,номер вместо названия
no,water_body,Озеро 6,43.524795,77.161434,,osm:w306148156,natural=water,Озеро 6,https://www.openstreetmap.org/way/306148156,номер вместо названия
no,water_body,Озеро 7,43.527113,77.161195,,osm:w306148157,natural=water,Озеро 7,https://www.openstreetmap.org/way/306148157,номер вместо названия
no,water_body,Озеро 8,43.530476,77.159716,,osm:w306148158,natural=water,Озеро 8,https://www.openstreetmap.org/way/306148158,номер вместо названия
no,water_body,Отстойник,43.443136,77.013349,,osm:w23651321,natural=water,Шұңқыр,https://www.openstreetmap.org/way/23651321,технический объект
no,water_body,Очистка воды,43.204548,76.907100,,osm:w255885521,natural=water,Очистка воды,https://www.openstreetmap.org/way/255885521,технический объект
no,water_body,Очистка воды,43.204405,76.908051,,osm:w255885522,natural=water,Очистка воды,https://www.openstreetmap.org/way/255885522,технический объект
no,water_body,Первомайские озера,43.399219,76.901597,,osm:r19120222,natural=water,Бірінші Мамыр көлдері,https://www.openstreetmap.org/relation/19120222,повтор
no,water_body,Плотина,43.184451,76.890706,,osm:w580396387,natural=water,Плотина,https://www.openstreetmap.org/way/580396387,технический объект
no,water_body,Поле,43.485262,76.887607,,osm:w663441179,natural=water,Поле,https://www.openstreetmap.org/way/663441179,технический объект
no,water_body,Селены Гомес,43.033896,77.096750,,osm:w1234310014,natural=water,Селена Гомес,https://www.openstreetmap.org/way/1234310014,шуточное название
no,water_body,Технический пруд,44.916549,78.497877,,osm:w190590940,natural=water,Технический пруд,https://www.openstreetmap.org/way/190590940,технический объект
no,water_body,Центральный городской бассейн,44.861019,78.754996,,osm:w440158258,leisure=swimming_pool,Центральный городской бассейн,https://www.openstreetmap.org/way/440158258,технический объект
no,water_body,озеро Отстойник,44.875455,78.756384,,osm:w167031921,natural=water,Шұңқыр көлі,https://www.openstreetmap.org/way/167031921,технический объект
no,water_body,озеро Сорбулак,43.668489,76.561425,Сайт: https://www.almatysu.kz/?page_id=115,osm:r2308575,natural=water,Сорбұлақ көлі,https://www.openstreetmap.org/relation/2308575,накопитель сточных вод
no,water_body,тополево,45.926443,79.890237,,osm:w1210321339,natural=water,тополево,https://www.openstreetmap.org/way/1210321339,повтор места рыбалки «Тополево»
no,water_body,№1,43.123261,77.584411,,osm:w317902476,natural=water,№1,https://www.openstreetmap.org/way/317902476,номер вместо названия
no,water_body,№15,43.100889,77.111442,,osm:w1092016933,natural=water,№15,https://www.openstreetmap.org/way/1092016933,номер вместо названия
no,water_body,№16,43.097598,77.214298,,osm:w1263183342,natural=water,№16,https://www.openstreetmap.org/way/1263183342,номер вместо названия
no,water_body,№18,43.122137,77.293973,,osm:w1086496066,natural=water,№18,https://www.openstreetmap.org/way/1086496066,номер вместо названия
no,water_body,№19,43.048581,77.195890,,osm:w369992548,natural=water,№19,https://www.openstreetmap.org/way/369992548,номер вместо названия
no,water_body,№20,43.057825,77.216629,,osm:w369992553,natural=water,№20,https://www.openstreetmap.org/way/369992553,номер вместо названия
