include,place_id,place,type,file,score,reason,author,license,license_url,width,height,page,thumb
no,861c15be-de92-49e9-80b8-c0e6fd4d92b8,Асылколь,fishing_spot,File:Пруды - panoramio - Anton Yefimov.jpg,0.82,nearby,Anton Yefimov,CC BY 3.0,https://creativecommons.org/licenses/by/3.0,2048,1536,https://commons.wikimedia.org/wiki/File:%D0%9F%D1%80%D1%83%D0%B4%D1%8B_-_panoramio_-_Anton_Yefimov.jpg,https://thumb.wikimedia.org/wikipedia/commons/thumb/7/78/%D0%9F%D1%80%D1%83%D0%B4%D1%8B_-_panoramio_-_Anton_Yefimov.jpg/330px-%D0%9F%D1%80%D1%83%D0%B4%D1%8B_-_panoramio_-_Anton_Yefimov.jpg?utm_source=commons.wikimedia.org&utm_campaign=imageinfo&utm_content=thumbnail
no,861c15be-de92-49e9-80b8-c0e6fd4d92b8,Асылколь,fishing_spot,File:Голубой залив - panoramio - Anton Yefimov (8).jpg,0.82,nearby,Anton Yefimov,CC BY 3.0,https://creativecommons.org/licenses/by/3.0,2048,1536,https://commons.wikimedia.org/wiki/File:%D0%93%D0%BE%D0%BB%D1%83%D0%B1%D0%BE%D0%B9_%D0%B7%D0%B0%D0%BB%D0%B8%D0%B2_-_panoramio_-_Anton_Yefimov_(8).jpg,https://thumb.wikimedia.org/wikipedia/commons/thumb/7/7b/%D0%93%D0%BE%D0%BB%D1%83%D0%B1%D0%BE%D0%B9_%D0%B7%D0%B0%D0%BB%D0%B8%D0%B2_-_panoramio_-_Anton_Yefimov_%288%29.jpg/330px-%D0%93%D0%BE%D0%BB%D1%83%D0%B1%D0%BE%D0%B9_%D0%B7%D0%B0%D0%BB%D0%B8%D0%B2_-_panoramio_-_Anton_Yefimov_%288%29.jpg?utm_source=commons.wikimedia.org&utm_campaign=imageinfo&utm_content=thumbnail
no,861c15be-de92-49e9-80b8-c0e6fd4d92b8,Асылколь,fishing_spot,"File:Unnamed Road, Kazakhstan - panoramio - Anton Yefimov.jpg",0.81,nearby,Anton Yefimov,CC BY 3.0,https://creativecommons.org/licenses/by/3.0,2048,1536,"https://commons.wikimedia.org/wiki/File:Unnamed_Road,_Kazakhstan_-_panoramio_-_Anton_Yefimov.jpg",https://thumb.wikimedia.org/wikipedia/commons/thumb/2/26/Unnamed_Road%2C_Kazakhstan_-_panoramio_-_Anton_Yefimov.jpg/330px-Unnamed_Road%2C_Kazakhstan_-_panoramio_-_Anton_Yefimov.jpg?utm_source=commons.wikimedia.org&utm_campaign=imageinfo&utm_content=thumbnail
3,861c15be-de92-49e9-80b8-c0e6fd4d92b8,Асылколь,fishing_spot,File:Голубой залив - panoramio - Anton Yefimov (6).jpg,0.81,nearby,Anton Yefimov,CC BY 3.0,https://creativecommons.org/licenses/by/3.0,2048,1536,https://commons.wikimedia.org/wiki/File:%D0%93%D0%BE%D0%BB%D1%83%D0%B1%D0%BE%D0%B9_%D0%B7%D0%B0%D0%BB%D0%B8%D0%B2_-_panoramio_-_Anton_Yefimov_(6).jpg,https://thumb.wikimedia.org/wikipedia/commons/thumb/c/c2/%D0%93%D0%BE%D0%BB%D1%83%D0%B1%D0%BE%D0%B9_%D0%B7%D0%B0%D0%BB%D0%B8%D0%B2_-_panoramio_-_Anton_Yefimov_%286%29.jpg/330px-%D0%93%D0%BE%D0%BB%D1%83%D0%B1%D0%BE%D0%B9_%D0%B7%D0%B0%D0%BB%D0%B8%D0%B2_-_panoramio_-_Anton_Yefimov_%286%29.jpg?utm_source=commons.wikimedia.org&utm_campaign=imageinfo&utm_content=thumbnail
no,861c15be-de92-49e9-80b8-c0e6fd4d92b8,Асылколь,fishing_spot,File:Песок - panoramio.jpg,0.80,nearby,Anton Yefimov,CC BY 3.0,https://creativecommons.org/licenses/by/3.0,2048,1536,https://commons.wikimedia.org/wiki/File:%D0%9F%D0%B5%D1%81%D0%BE%D0%BA_-_panoramio.jpg,https://thumb.wikimedia.org/wikipedia/commons/thumb/b/bf/%D0%9F%D0%B5%D1%81%D0%BE%D0%BA_-_panoramio.jpg/330px-%D0%9F%D0%B5%D1%81%D0%BE%D0%BA_-_panoramio.jpg?utm_source=commons.wikimedia.org&utm_campaign=imageinfo&utm_content=thumbnail
no,861c15be-de92-49e9-80b8-c0e6fd4d92b8,Асылколь,fishing_spot,File:Пруд - panoramio - Anton Yefimov.jpg,0.79,nearby,Anton Yefimov,CC BY 3.0,https://creativecommons.org/licenses/by/3.0,2048,1536,https://commons.wikimedia.org/wiki/File:%D0%9F%D1%80%D1%83%D0%B4_-_panoramio_-_Anton_Yefimov.jpg,https://thumb.wikimedia.org/wikipedia/commons/thumb/8/80/%D0%9F%D1%80%D1%83%D0%B4_-_panoramio_-_Anton_Yefimov.jpg/330px-%D0%9F%D1%80%D1%83%D0%B4_-_panoramio_-_Anton_Yefimov.jpg?utm_source=commons.wikimedia.org&utm_campaign=imageinfo&utm_content=thumbnail
no,861c15be-de92-49e9-80b8-c0e6fd4d92b8,Асылколь,fishing_spot,File:Пруды - panoramio - Anton Yefimov (1).jpg,0.79,nearby,Anton Yefimov,CC BY 3.0,https://creativecommons.org/licenses/by/3.0,2048,1536,https://commons.wikimedia.org/wiki/File:%D0%9F%D1%80%D1%83%D0%B4%D1%8B_-_panoramio_-_Anton_Yefimov_(1).jpg,https://thumb.wikimedia.org/wikipedia/commons/thumb/c/c3/%D0%9F%D1%80%D1%83%D0%B4%D1%8B_-_panoramio_-_Anton_Yefimov_%281%29.jpg/330px-%D0%9F%D1%80%D1%83%D0%B4%D1%8B_-_panoramio_-_Anton_Yefimov_%281%29.jpg?utm_source=commons.wikimedia.org&utm_campaign=imageinfo&utm_content=thumbnail
no,861c15be-de92-49e9-80b8-c0e6fd4d92b8,Асылколь,fishing_spot,File:Зелёная степь - panoramio.jpg,0.79,nearby,Anton Yefimov,CC BY 3.0,https://creativecommons.org/licenses/by/3.0,2048,1536,https://commons.wikimedia.org/wiki/File:%D0%97%D0%B5%D0%BB%D1%91%D0%BD%D0%B0%D1%8F_%D1%81%D1%82%D0%B5%D0%BF%D1%8C_-_panoramio.jpg,https://thumb.wikimedia.org/wikipedia/commons/thumb/7/73/%D0%97%D0%B5%D0%BB%D1%91%D0%BD%D0%B0%D1%8F_%D1%81%D1%82%D0%B5%D0%BF%D1%8C_-_panoramio.jpg/330px-%D0%97%D0%B5%D0%BB%D1%91%D0%BD%D0%B0%D1%8F_%D1%81%D1%82%D0%B5%D0%BF%D1%8C_-_panoramio.jpg?utm_source=commons.wikimedia.org&utm_campaign=imageinfo&utm_content=thumbnail
no,861c15be-de92-49e9-80b8-c0e6fd4d92b8,Асылколь,fishing_spot,File:Голубой залив - panoramio - Anton Yefimov (7).jpg,0.79,nearby,Anton Yefimov,CC BY 3.0,https://creativecommons.org/licenses/by/3.0,2048,1536,https://commons.wikimedia.org/wiki/File:%D0%93%D0%BE%D0%BB%D1%83%D0%B1%D0%BE%D0%B9_%D0%B7%D0%B0%D0%BB%D0%B8%D0%B2_-_panoramio_-_Anton_Yefimov_(7).jpg,https://thumb.wikimedia.org/wikipedia/commons/thumb/c/c7/%D0%93%D0%BE%D0%BB%D1%83%D0%B1%D0%BE%D0%B9_%D0%B7%D0%B0%D0%BB%D0%B8%D0%B2_-_panoramio_-_Anton_Yefimov_%287%29.jpg/330px-%D0%93%D0%BE%D0%BB%D1%83%D0%B1%D0%BE%D0%B9_%D0%B7%D0%B0%D0%BB%D0%B8%D0%B2_-_panoramio_-_Anton_Yefimov_%287%29.jpg?utm_source=commons.wikimedia.org&utm_campaign=imageinfo&utm_content=thumbnail
2,861c15be-de92-49e9-80b8-c0e6fd4d92b8,Асылколь,fishing_spot,File:Пруд - panoramio - Anton Yefimov (1).jpg,0.79,nearby,Anton Yefimov,CC BY 3.0,https://creativecommons.org/licenses/by/3.0,2048,1536,https://commons.wikimedia.org/wiki/File:%D0%9F%D1%80%D1%83%D0%B4_-_panoramio_-_Anton_Yefimov_(1).jpg,https://thumb.wikimedia.org/wikipedia/commons/thumb/0/0b/%D0%9F%D1%80%D1%83%D0%B4_-_panoramio_-_Anton_Yefimov_%281%29.jpg/330px-%D0%9F%D1%80%D1%83%D0%B4_-_panoramio_-_Anton_Yefimov_%281%29.jpg?utm_source=commons.wikimedia.org&utm_campaign=imageinfo&utm_content=thumbnail
no,861c15be-de92-49e9-80b8-c0e6fd4d92b8,Асылколь,fishing_spot,File:Дорога - panoramio - Anton Yefimov.jpg,0.79,nearby,Anton Yefimov,CC BY 3.0,https://creativecommons.org/licenses/by/3.0,2048,1536,https://commons.wikimedia.org/wiki/File:%D0%94%D0%BE%D1%80%D0%BE%D0%B3%D0%B0_-_panoramio_-_Anton_Yefimov.jpg,https://thumb.wikimedia.org/wikipedia/commons/thumb/3/32/%D0%94%D0%BE%D1%80%D0%BE%D0%B3%D0%B0_-_panoramio_-_Anton_Yefimov.jpg/330px-%D0%94%D0%BE%D1%80%D0%BE%D0%B3%D0%B0_-_panoramio_-_Anton_Yefimov.jpg?utm_source=commons.wikimedia.org&utm_campaign=imageinfo&utm_content=thumbnail
1,861c15be-de92-49e9-80b8-c0e6fd4d92b8,Асылколь,fishing_spot,File:Капшагайское водохранилище - panoramio.jpg,0.79,nearby,Anton Yefimov,CC BY 3.0,https://creativecommons.org/licenses/by/3.0,2048,1536,https://commons.wikimedia.org/wiki/File:%D0%9A%D0%B0%D0%BF%D1%88%D0%B0%D0%B3%D0%B0%D0%B9%D1%81%D0%BA%D0%BE%D0%B5_%D0%B2%D0%BE%D0%B4%D0%BE%D1%85%D1%80%D0%B0%D0%BD%D0%B8%D0%BB%D0%B8%D1%89%D0%B5_-_panoramio.jpg,https://thumb.wikimedia.org/wikipedia/commons/thumb/d/d5/%D0%9A%D0%B0%D0%BF%D1%88%D0%B0%D0%B3%D0%B0%D0%B9%D1%81%D0%BA%D0%BE%D0%B5_%D0%B2%D0%BE%D0%B4%D0%BE%D1%85%D1%80%D0%B0%D0%BD%D0%B8%D0%BB%D0%B8%D1%89%D0%B5_-_panoramio.jpg/330px-%D0%9A%D0%B0%D0%BF%D1%88%D0%B0%D0%B3%D0%B0%D0%B9%D1%81%D0%BA%D0%BE%D0%B5_%D0%B2%D0%BE%D0%B4%D0%BE%D1%85%D1%80%D0%B0%D0%BD%D0%B8%D0%BB%D0%B8%D1%89%D0%B5_-_panoramio.jpg?utm_source=commons.wikimedia.org&utm_campaign=imageinfo&utm_content=thumbnail
no,b78a1939-6eba-4572-bea4-e432e850da34,Акколь,water_body,File:ISS054-E-60829 - View of Earth.jpg,0.68,nearby,"Earth Science and Remote Sensing Unit, NASA Johnson Space Center",Public domain,,5568,3712,https://commons.wikimedia.org/wiki/File:ISS054-E-60829_-_View_of_Earth.jpg,https://thumb.wikimedia.org/wikipedia/commons/thumb/c/c3/ISS054-E-60829_-_View_of_Earth.jpg/330px-ISS054-E-60829_-_View_of_Earth.jpg?utm_source=commons.wikimedia.org&utm_campaign=imageinfo&utm_content=thumbnail
no,b78a1939-6eba-4572-bea4-e432e850da34,Акколь,water_body,File:ISS022-E-100137 - View of Earth.jpg,0.68,nearby,"Earth Science and Remote Sensing Unit, Lyndon B. Johnson Space Center",Public domain,,4288,2848,https://commons.wikimedia.org/wiki/File:ISS022-E-100137_-_View_of_Earth.jpg,https://thumb.wikimedia.org/wikipedia/commons/thumb/4/43/ISS022-E-100137_-_View_of_Earth.jpg/330px-ISS022-E-100137_-_View_of_Earth.jpg?utm_source=commons.wikimedia.org&utm_campaign=imageinfo&utm_content=thumbnail
no,9b3ebb8f-16bc-4fe8-85d4-33ab7d3e76fd,Аксайские озера,water_body,File:ISS059-E-107793 - View of Earth.jpg,0.56,nearby,"Earth Science and Remote Sensing Unit, NASA Johnson Space Center",Public domain,,5568,3712,https://commons.wikimedia.org/wiki/File:ISS059-E-107793_-_View_of_Earth.jpg,https://thumb.wikimedia.org/wikipedia/commons/thumb/a/a5/ISS059-E-107793_-_View_of_Earth.jpg/330px-ISS059-E-107793_-_View_of_Earth.jpg?utm_source=commons.wikimedia.org&utm_campaign=imageinfo&utm_content=thumbnail
no,9b3ebb8f-16bc-4fe8-85d4-33ab7d3e76fd,Аксайские озера,water_body,File:ISS041-E-52949 - View of Earth.jpg,0.56,nearby,"Earth Science and Remote Sensing Unit, Lyndon B. Johnson Space Center",Public domain,,4256,2832,https://commons.wikimedia.org/wiki/File:ISS041-E-52949_-_View_of_Earth.jpg,https://thumb.wikimedia.org/wikipedia/commons/thumb/0/03/ISS041-E-52949_-_View_of_Earth.jpg/330px-ISS041-E-52949_-_View_of_Earth.jpg?utm_source=commons.wikimedia.org&utm_campaign=imageinfo&utm_content=thumbnail
no,40db63d1-4f49-4c5f-a994-d08fd3b1d93f,Алаколь,water_body,"File:Lake Ala Kul Trek (Kyrgyzstan, August 2019) - 15 (50566071972).jpg",4.00,wikidata depicts,Bruno Rijsman,CC BY-SA 2.0,https://creativecommons.org/licenses/by-sa/2.0,5472,3648,"https://commons.wikimedia.org/wiki/File:Lake_Ala_Kul_Trek_(Kyrgyzstan,_August_2019)_-_15_(50566071972).jpg",https://thumb.wikimedia.org/wikipedia/commons/thumb/e/e2/Lake_Ala_Kul_Trek_%28Kyrgyzstan%2C_August_2019%29_-_15_%2850566071972%29.jpg/330px-Lake_Ala_Kul_Trek_%28Kyrgyzstan%2C_August_2019%29_-_15_%2850566071972%29.jpg?utm_source=commons.wikimedia.org&utm_campaign=imageinfo&utm_content=thumbnail
1,40db63d1-4f49-4c5f-a994-d08fd3b1d93f,Алаколь,water_body,File:Evening on Alakol lake.jpg,4.00,wikidata depicts,Ruslanulyaki,CC BY-SA 4.0,https://creativecommons.org/licenses/by-sa/4.0,4032,3024,https://commons.wikimedia.org/wiki/File:Evening_on_Alakol_lake.jpg,https://thumb.wikimedia.org/wikipedia/commons/thumb/4/4c/Evening_on_Alakol_lake.jpg/330px-Evening_on_Alakol_lake.jpg?utm_source=commons.wikimedia.org&utm_campaign=imageinfo&utm_content=thumbnail
3,40db63d1-4f49-4c5f-a994-d08fd3b1d93f,Алаколь,water_body,File:Закат на озере Алаколь.jpg,4.00,wikidata depicts,Guldariya Baimukhanova,CC BY-SA 4.0,https://creativecommons.org/licenses/by-sa/4.0,6000,4000,https://commons.wikimedia.org/wiki/File:%D0%97%D0%B0%D0%BA%D0%B0%D1%82_%D0%BD%D0%B0_%D0%BE%D0%B7%D0%B5%D1%80%D0%B5_%D0%90%D0%BB%D0%B0%D0%BA%D0%BE%D0%BB%D1%8C.jpg,https://thumb.wikimedia.org/wikipedia/commons/thumb/6/6f/%D0%97%D0%B0%D0%BA%D0%B0%D1%82_%D0%BD%D0%B0_%D0%BE%D0%B7%D0%B5%D1%80%D0%B5_%D0%90%D0%BB%D0%B0%D0%BA%D0%BE%D0%BB%D1%8C.jpg/330px-%D0%97%D0%B0%D0%BA%D0%B0%D1%82_%D0%BD%D0%B0_%D0%BE%D0%B7%D0%B5%D1%80%D0%B5_%D0%90%D0%BB%D0%B0%D0%BA%D0%BE%D0%BB%D1%8C.jpg?utm_source=commons.wikimedia.org&utm_campaign=imageinfo&utm_content=thumbnail
2,40db63d1-4f49-4c5f-a994-d08fd3b1d93f,Алаколь,water_body,"File:Острова озера Алаколь - Большой, Малый, Средний.jpg",4.00,wikidata depicts,Madkiba,CC BY-SA 4.0,https://creativecommons.org/licenses/by-sa/4.0,1500,1216,"https://commons.wikimedia.org/wiki/File:%D0%9E%D1%81%D1%82%D1%80%D0%BE%D0%B2%D0%B0_%D0%BE%D0%B7%D0%B5%D1%80%D0%B0_%D0%90%D0%BB%D0%B0%D0%BA%D0%BE%D0%BB%D1%8C_-_%D0%91%D0%BE%D0%BB%D1%8C%D1%88%D0%BE%D0%B9,_%D0%9C%D0%B0%D0%BB%D1%8B%D0%B9,_%D0%A1%D1%80%D0%B5%D0%B4%D0%BD%D0%B8%D0%B9.jpg",https://thumb.wikimedia.org/wikipedia/commons/thumb/7/7f/%D0%9E%D1%81%D1%82%D1%80%D0%BE%D0%B2%D0%B0_%D0%BE%D0%B7%D0%B5%D1%80%D0%B0_%D0%90%D0%BB%D0%B0%D0%BA%D0%BE%D0%BB%D1%8C_-_%D0%91%D0%BE%D0%BB%D1%8C%D1%88%D0%BE%D0%B9%2C_%D0%9C%D0%B0%D0%BB%D1%8B%D0%B9%2C_%D0%A1%D1%80%D0%B5%D0%B4%D0%BD%D0%B8%D0%B9.jpg/330px-%D0%9E%D1%81%D1%82%D1%80%D0%BE%D0%B2%D0%B0_%D0%BE%D0%B7%D0%B5%D1%80%D0%B0_%D0%90%D0%BB%D0%B0%D0%BA%D0%BE%D0%BB%D1%8C_-_%D0%91%D0%BE%D0%BB%D1%8C%D1%88%D0%BE%D0%B9%2C_%D0%9C%D0%B0%D0%BB%D1%8B%D0%B9%2C_%D0%A1%D1%80%D0%B5%D0%B4%D0%BD%D0%B8%D0%B9.jpg?utm_source=commons.wikimedia.org&utm_campaign=imageinfo&utm_content=thumbnail
no,40db63d1-4f49-4c5f-a994-d08fd3b1d93f,Алаколь,water_body,File:Ichthyaetus relictus 388049477.jpg,0.80,nearby,Kudaibergen Amirekul,CC BY-SA 4.0,https://creativecommons.org/licenses/by-sa/4.0,1974,1317,https://commons.wikimedia.org/wiki/File:Ichthyaetus_relictus_388049477.jpg,https://thumb.wikimedia.org/wikipedia/commons/thumb/3/3a/Ichthyaetus_relictus_388049477.jpg/330px-Ichthyaetus_relictus_388049477.jpg?utm_source=commons.wikimedia.org&utm_campaign=imageinfo&utm_content=thumbnail
no,40db63d1-4f49-4c5f-a994-d08fd3b1d93f,Алаколь,water_body,File:Ichthyaetus relictus 388049475.jpg,0.80,nearby,Kudaibergen Amirekul,CC BY-SA 4.0,https://creativecommons.org/licenses/by-sa/4.0,1777,1186,https://commons.wikimedia.org/wiki/File:Ichthyaetus_relictus_388049475.jpg,https://thumb.wikimedia.org/wikipedia/commons/thumb/4/4b/Ichthyaetus_relictus_388049475.jpg/330px-Ichthyaetus_relictus_388049475.jpg?utm_source=commons.wikimedia.org&utm_campaign=imageinfo&utm_content=thumbnail
no,40db63d1-4f49-4c5f-a994-d08fd3b1d93f,Алаколь,water_body,File:ISS038-E-2397 - View of Earth.jpg,0.59,nearby,"Earth Science and Remote Sensing Unit, Lyndon B. Johnson Space Center",Public domain,,4256,2832,https://commons.wikimedia.org/wiki/File:ISS038-E-2397_-_View_of_Earth.jpg,https://thumb.wikimedia.org/wikipedia/commons/thumb/8/89/ISS038-E-2397_-_View_of_Earth.jpg/330px-ISS038-E-2397_-_View_of_Earth.jpg?utm_source=commons.wikimedia.org&utm_campaign=imageinfo&utm_content=thumbnail
no,40db63d1-4f49-4c5f-a994-d08fd3b1d93f,Алаколь,water_body,File:ISS038-E-2398 - View of Earth.jpg,0.59,nearby,"Earth Science and Remote Sensing Unit, Lyndon B. Johnson Space Center",Public domain,,4256,2832,https://commons.wikimedia.org/wiki/File:ISS038-E-2398_-_View_of_Earth.jpg,https://thumb.wikimedia.org/wikipedia/commons/thumb/6/61/ISS038-E-2398_-_View_of_Earth.jpg/330px-ISS038-E-2398_-_View_of_Earth.jpg?utm_source=commons.wikimedia.org&utm_campaign=imageinfo&utm_content=thumbnail
no,40db63d1-4f49-4c5f-a994-d08fd3b1d93f,Алаколь,water_body,File:ISS038-E-2399 - View of Earth.jpg,0.59,nearby,"Earth Science and Remote Sensing Unit, Lyndon B. Johnson Space Center",Public domain,,4256,2832,https://commons.wikimedia.org/wiki/File:ISS038-E-2399_-_View_of_Earth.jpg,https://thumb.wikimedia.org/wikipedia/commons/thumb/2/29/ISS038-E-2399_-_View_of_Earth.jpg/330px-ISS038-E-2399_-_View_of_Earth.jpg?utm_source=commons.wikimedia.org&utm_campaign=imageinfo&utm_content=thumbnail
no,db5afc1e-ef24-4b13-b6b0-c0de93a82d6b,Алма-Атинское водохранилище,water_body,File:Трасса Алматы-Капшагай - panoramio.jpg,2.15,"nearby, name",Anton Yefimov,CC BY 3.0,https://creativecommons.org/licenses/by/3.0,2048,1536,https://commons.wikimedia.org/wiki/File:%D0%A2%D1%80%D0%B0%D1%81%D1%81%D0%B0_%D0%90%D0%BB%D0%BC%D0%B0%D1%82%D1%8B-%D0%9A%D0%B0%D0%BF%D1%88%D0%B0%D0%B3%D0%B0%D0%B9_-_panoramio.jpg,https://thumb.wikimedia.org/wikipedia/commons/thumb/d/de/%D0%A2%D1%80%D0%B0%D1%81%D1%81%D0%B0_%D0%90%D0%BB%D0%BC%D0%B0%D1%82%D1%8B-%D0%9A%D0%B0%D0%BF%D1%88%D0%B0%D0%B3%D0%B0%D0%B9_-_panoramio.jpg/330px-%D0%A2%D1%80%D0%B0%D1%81%D1%81%D0%B0_%D0%90%D0%BB%D0%BC%D0%B0%D1%82%D1%8B-%D0%9A%D0%B0%D0%BF%D1%88%D0%B0%D0%B3%D0%B0%D0%B9_-_panoramio.jpg?utm_source=commons.wikimedia.org&utm_campaign=imageinfo&utm_content=thumbnail
3,db5afc1e-ef24-4b13-b6b0-c0de93a82d6b,Алма-Атинское водохранилище,water_body,"File:Ile District, Kazakhstan - panoramio (27).jpg",0.78,nearby,Anton Yefimov,CC BY 3.0,https://creativecommons.org/licenses/by/3.0,3264,2448,"https://commons.wikimedia.org/wiki/File:Ile_District,_Kazakhstan_-_panoramio_(27).jpg",https://thumb.wikimedia.org/wikipedia/commons/thumb/8/80/Ile_District%2C_Kazakhstan_-_panoramio_%2827%29.jpg/330px-Ile_District%2C_Kazakhstan_-_panoramio_%2827%29.jpg?utm_source=commons.wikimedia.org&utm_campaign=imageinfo&utm_content=thumbnail
1,db5afc1e-ef24-4b13-b6b0-c0de93a82d6b,Алма-Атинское водохранилище,water_body,"File:Ile District, Kazakhstan - panoramio (15).jpg",0.78,nearby,Anton Yefimov,CC BY 3.0,https://creativecommons.org/licenses/by/3.0,3264,2448,"https://commons.wikimedia.org/wiki/File:Ile_District,_Kazakhstan_-_panoramio_(15).jpg",https://thumb.wikimedia.org/wikipedia/commons/thumb/2/24/Ile_District%2C_Kazakhstan_-_panoramio_%2815%29.jpg/330px-Ile_District%2C_Kazakhstan_-_panoramio_%2815%29.jpg?utm_source=commons.wikimedia.org&utm_campaign=imageinfo&utm_content=thumbnail
2,db5afc1e-ef24-4b13-b6b0-c0de93a82d6b,Алма-Атинское водохранилище,water_body,"File:Ile District, Kazakhstan - panoramio (14).jpg",0.78,nearby,Anton Yefimov,CC BY 3.0,https://creativecommons.org/licenses/by/3.0,3264,2448,"https://commons.wikimedia.org/wiki/File:Ile_District,_Kazakhstan_-_panoramio_(14).jpg",https://thumb.wikimedia.org/wikipedia/commons/thumb/5/5b/Ile_District%2C_Kazakhstan_-_panoramio_%2814%29.jpg/330px-Ile_District%2C_Kazakhstan_-_panoramio_%2814%29.jpg?utm_source=commons.wikimedia.org&utm_campaign=imageinfo&utm_content=thumbnail
no,db5afc1e-ef24-4b13-b6b0-c0de93a82d6b,Алма-Атинское водохранилище,water_body,"File:Ile District, Kazakhstan - panoramio (29).jpg",0.75,nearby,Anton Yefimov,CC BY 3.0,https://creativecommons.org/licenses/by/3.0,3264,2448,"https://commons.wikimedia.org/wiki/File:Ile_District,_Kazakhstan_-_panoramio_(29).jpg",https://thumb.wikimedia.org/wikipedia/commons/thumb/6/6a/Ile_District%2C_Kazakhstan_-_panoramio_%2829%29.jpg/330px-Ile_District%2C_Kazakhstan_-_panoramio_%2829%29.jpg?utm_source=commons.wikimedia.org&utm_campaign=imageinfo&utm_content=thumbnail
no,db5afc1e-ef24-4b13-b6b0-c0de93a82d6b,Алма-Атинское водохранилище,water_body,"File:Ile District, Kazakhstan - panoramio (30).jpg",0.75,nearby,Anton Yefimov,CC BY 3.0,https://creativecommons.org/licenses/by/3.0,3264,2448,"https://commons.wikimedia.org/wiki/File:Ile_District,_Kazakhstan_-_panoramio_(30).jpg",https://thumb.wikimedia.org/wikipedia/commons/thumb/0/0e/Ile_District%2C_Kazakhstan_-_panoramio_%2830%29.jpg/330px-Ile_District%2C_Kazakhstan_-_panoramio_%2830%29.jpg?utm_source=commons.wikimedia.org&utm_campaign=imageinfo&utm_content=thumbnail
no,db5afc1e-ef24-4b13-b6b0-c0de93a82d6b,Алма-Атинское водохранилище,water_body,"File:Ile District, Kazakhstan - panoramio (31).jpg",0.75,nearby,Anton Yefimov,CC BY 3.0,https://creativecommons.org/licenses/by/3.0,3264,2448,"https://commons.wikimedia.org/wiki/File:Ile_District,_Kazakhstan_-_panoramio_(31).jpg",https://thumb.wikimedia.org/wikipedia/commons/thumb/1/1f/Ile_District%2C_Kazakhstan_-_panoramio_%2831%29.jpg/330px-Ile_District%2C_Kazakhstan_-_panoramio_%2831%29.jpg?utm_source=commons.wikimedia.org&utm_campaign=imageinfo&utm_content=thumbnail
no,db5afc1e-ef24-4b13-b6b0-c0de93a82d6b,Алма-Атинское водохранилище,water_body,"File:Ile District, Kazakhstan - panoramio (28).jpg",0.75,nearby,Anton Yefimov,CC BY 3.0,https://creativecommons.org/licenses/by/3.0,3264,2448,"https://commons.wikimedia.org/wiki/File:Ile_District,_Kazakhstan_-_panoramio_(28).jpg",https://thumb.wikimedia.org/wikipedia/commons/thumb/3/3a/Ile_District%2C_Kazakhstan_-_panoramio_%2828%29.jpg/330px-Ile_District%2C_Kazakhstan_-_panoramio_%2828%29.jpg?utm_source=commons.wikimedia.org&utm_campaign=imageinfo&utm_content=thumbnail
no,db5afc1e-ef24-4b13-b6b0-c0de93a82d6b,Алма-Атинское водохранилище,water_body,"File:Ile District, Kazakhstan - panoramio (32).jpg",0.72,nearby,Anton Yefimov,CC BY 3.0,https://creativecommons.org/licenses/by/3.0,3264,2448,"https://commons.wikimedia.org/wiki/File:Ile_District,_Kazakhstan_-_panoramio_(32).jpg",https://thumb.wikimedia.org/wikipedia/commons/thumb/0/07/Ile_District%2C_Kazakhstan_-_panoramio_%2832%29.jpg/330px-Ile_District%2C_Kazakhstan_-_panoramio_%2832%29.jpg?utm_source=commons.wikimedia.org&utm_campaign=imageinfo&utm_content=thumbnail
no,db5afc1e-ef24-4b13-b6b0-c0de93a82d6b,Алма-Атинское водохранилище,water_body,"File:Ile District, Kazakhstan - panoramio (26).jpg",0.71,nearby,Anton Yefimov,CC BY 3.0,https://creativecommons.org/licenses/by/3.0,3264,2448,"https://commons.wikimedia.org/wiki/File:Ile_District,_Kazakhstan_-_panoramio_(26).jpg",https://thumb.wikimedia.org/wikipedia/commons/thumb/b/bd/Ile_District%2C_Kazakhstan_-_panoramio_%2826%29.jpg/330px-Ile_District%2C_Kazakhstan_-_panoramio_%2826%29.jpg?utm_source=commons.wikimedia.org&utm_campaign=imageinfo&utm_content=thumbnail
no,db5afc1e-ef24-4b13-b6b0-c0de93a82d6b,Алма-Атинское водохранилище,water_body,"File:Ile District, Kazakhstan - panoramio (33).jpg",0.71,nearby,Anton Yefimov,CC BY 3.0,https://creativecommons.org/licenses/by/3.0,3264,2448,"https://commons.wikimedia.org/wiki/File:Ile_District,_Kazakhstan_-_panoramio_(33).jpg",https://thumb.wikimedia.org/wikipedia/commons/thumb/a/a0/Ile_District%2C_Kazakhstan_-_panoramio_%2833%29.jpg/330px-Ile_District%2C_Kazakhstan_-_panoramio_%2833%29.jpg?utm_source=commons.wikimedia.org&utm_campaign=imageinfo&utm_content=thumbnail
no,db5afc1e-ef24-4b13-b6b0-c0de93a82d6b,Алма-Атинское водохранилище,water_body,"File:Ile District, Kazakhstan - panoramio (36).jpg",0.70,nearby,Anton Yefimov,CC BY 3.0,https://creativecommons.org/licenses/by/3.0,3264,2448,"https://commons.wikimedia.org/wiki/File:Ile_District,_Kazakhstan_-_panoramio_(36).jpg",https://thumb.wikimedia.org/wikipedia/commons/thumb/6/60/Ile_District%2C_Kazakhstan_-_panoramio_%2836%29.jpg/330px-Ile_District%2C_Kazakhstan_-_panoramio_%2836%29.jpg?utm_source=commons.wikimedia.org&utm_campaign=imageinfo&utm_content=thumbnail
no,693f6d67-af01-419b-9ba4-27145faf77bd,Алтын Куль,water_body,File:Kazakh Horses (20151211 163326) (23382360244).jpg,0.50,nearby,"Alexandru Panoiu from Bucharest, Romania",CC BY 2.0,https://creativecommons.org/licenses/by/2.0,5312,2988,https://commons.wikimedia.org/wiki/File:Kazakh_Horses_(20151211_163326)_(23382360244).jpg,https://thumb.wikimedia.org/wikipedia/commons/thumb/2/24/Kazakh_Horses_%2820151211_163326%29_%2823382360244%29.jpg/330px-Kazakh_Horses_%2820151211_163326%29_%2823382360244%29.jpg?utm_source=commons.wikimedia.org&utm_campaign=imageinfo&utm_content=thumbnail
no,34727383-fa9e-45a2-b1e3-60676a68275f,Балхаш,water_body,File:Lake Balkhash (MODIS).jpg,4.00,wikidata depicts,"MODIS Land Rapid Response Team, NASA GSFC",Public domain,,3692,2925,https://commons.wikimedia.org/wiki/File:Lake_Balkhash_(MODIS).jpg,https://thumb.wikimedia.org/wikipedia/commons/thumb/0/03/Lake_Balkhash_%28MODIS%29.jpg/330px-Lake_Balkhash_%28MODIS%29.jpg?utm_source=commons.wikimedia.org&utm_campaign=imageinfo&utm_content=thumbnail
1,34727383-fa9e-45a2-b1e3-60676a68275f,Балхаш,water_body,"File:Balkhash Coastline in Zhambyl Region, 2023.jpg",4.00,wikidata depicts,TakingOver,CC0,http://creativecommons.org/publicdomain/zero/1.0/deed.en,4080,3072,"https://commons.wikimedia.org/wiki/File:Balkhash_Coastline_in_Zhambyl_Region,_2023.jpg",https://thumb.wikimedia.org/wikipedia/commons/thumb/c/c4/Balkhash_Coastline_in_Zhambyl_Region%2C_2023.jpg/330px-Balkhash_Coastline_in_Zhambyl_Region%2C_2023.jpg?utm_source=commons.wikimedia.org&utm_campaign=imageinfo&utm_content=thumbnail
4,34727383-fa9e-45a2-b1e3-60676a68275f,Балхаш,water_body,File:Lake Balkhash. Mynaral village. 03.jpg,4.00,wikidata depicts,AALLMMAATT,CC0,http://creativecommons.org/publicdomain/zero/1.0/deed.en,4000,2252,https://commons.wikimedia.org/wiki/File:Lake_Balkhash._Mynaral_village._03.jpg,https://thumb.wikimedia.org/wikipedia/commons/thumb/7/73/Lake_Balkhash._Mynaral_village._03.jpg/330px-Lake_Balkhash._Mynaral_village._03.jpg?utm_source=commons.wikimedia.org&utm_campaign=imageinfo&utm_content=thumbnail
2,34727383-fa9e-45a2-b1e3-60676a68275f,Балхаш,water_body,File:Lake Balkhash. Mynaral village. 01.jpg,4.00,wikidata depicts,AALLMMAATT,CC0,http://creativecommons.org/publicdomain/zero/1.0/deed.en,4624,2604,https://commons.wikimedia.org/wiki/File:Lake_Balkhash._Mynaral_village._01.jpg,https://thumb.wikimedia.org/wikipedia/commons/thumb/a/a2/Lake_Balkhash._Mynaral_village._01.jpg/330px-Lake_Balkhash._Mynaral_village._01.jpg?utm_source=commons.wikimedia.org&utm_campaign=imageinfo&utm_content=thumbnail
no,34727383-fa9e-45a2-b1e3-60676a68275f,Балхаш,water_body,File:Lake Balkhash. Mynaral village. 05.jpg,4.00,wikidata depicts,AALLMMAATT,CC0,http://creativecommons.org/publicdomain/zero/1.0/deed.en,2252,4000,https://commons.wikimedia.org/wiki/File:Lake_Balkhash._Mynaral_village._05.jpg,https://thumb.wikimedia.org/wikipedia/commons/thumb/a/a1/Lake_Balkhash._Mynaral_village._05.jpg/330px-Lake_Balkhash._Mynaral_village._05.jpg?utm_source=commons.wikimedia.org&utm_campaign=imageinfo&utm_content=thumbnail
no,34727383-fa9e-45a2-b1e3-60676a68275f,Балхаш,water_body,File:Lake Balkhash. Mynaral village. 07.jpg,4.00,wikidata depicts,AALLMMAATT,CC0,http://creativecommons.org/publicdomain/zero/1.0/deed.en,2604,4624,https://commons.wikimedia.org/wiki/File:Lake_Balkhash._Mynaral_village._07.jpg,https://thumb.wikimedia.org/wikipedia/commons/thumb/0/02/Lake_Balkhash._Mynaral_village._07.jpg/330px-Lake_Balkhash._Mynaral_village._07.jpg?utm_source=commons.wikimedia.org&utm_campaign=imageinfo&utm_content=thumbnail
no,34727383-fa9e-45a2-b1e3-60676a68275f,Балхаш,water_body,File:Lake Balkhash. Mynaral village. 09.jpg,4.00,wikidata depicts,AALLMMAATT,CC0,http://creativecommons.org/publicdomain/zero/1.0/deed.en,2604,4624,https://commons.wikimedia.org/wiki/File:Lake_Balkhash._Mynaral_village._09.jpg,https://thumb.wikimedia.org/wikipedia/commons/thumb/2/2f/Lake_Balkhash._Mynaral_village._09.jpg/330px-Lake_Balkhash._Mynaral_village._09.jpg?utm_source=commons.wikimedia.org&utm_campaign=imageinfo&utm_content=thumbnail
no,34727383-fa9e-45a2-b1e3-60676a68275f,Балхаш,water_body,File:Lake Balkhash. Mynaral village. 10.jpg,4.00,wikidata depicts,AALLMMAATT,CC0,http://creativecommons.org/publicdomain/zero/1.0/deed.en,2604,4624,https://commons.wikimedia.org/wiki/File:Lake_Balkhash._Mynaral_village._10.jpg,https://thumb.wikimedia.org/wikipedia/commons/thumb/1/12/Lake_Balkhash._Mynaral_village._10.jpg/330px-Lake_Balkhash._Mynaral_village._10.jpg?utm_source=commons.wikimedia.org&utm_campaign=imageinfo&utm_content=thumbnail
3,34727383-fa9e-45a2-b1e3-60676a68275f,Балхаш,water_body,File:Lake Balkhash. Mynaral village. 11.jpg,4.00,wikidata depicts,AALLMMAATT,CC0,http://creativecommons.org/publicdomain/zero/1.0/deed.en,4624,2604,https://commons.wikimedia.org/wiki/File:Lake_Balkhash._Mynaral_village._11.jpg,https://thumb.wikimedia.org/wikipedia/commons/thumb/d/de/Lake_Balkhash._Mynaral_village._11.jpg/330px-Lake_Balkhash._Mynaral_village._11.jpg?utm_source=commons.wikimedia.org&utm_campaign=imageinfo&utm_content=thumbnail
no,34727383-fa9e-45a2-b1e3-60676a68275f,Балхаш,water_body,File:Lake Balkhash. Mynaral village. 12.jpg,4.00,wikidata depicts,AALLMMAATT,CC0,http://creativecommons.org/publicdomain/zero/1.0/deed.en,2604,4624,https://commons.wikimedia.org/wiki/File:Lake_Balkhash._Mynaral_village._12.jpg,https://thumb.wikimedia.org/wikipedia/commons/thumb/d/d3/Lake_Balkhash._Mynaral_village._12.jpg/330px-Lake_Balkhash._Mynaral_village._12.jpg?utm_source=commons.wikimedia.org&utm_campaign=imageinfo&utm_content=thumbnail
no,34727383-fa9e-45a2-b1e3-60676a68275f,Балхаш,water_body,File:Lake Balkhash. Mynaral village. 16.jpg,4.00,wikidata depicts,AALLMMAATT,CC0,http://creativecommons.org/publicdomain/zero/1.0/deed.en,4624,2604,https://commons.wikimedia.org/wiki/File:Lake_Balkhash._Mynaral_village._16.jpg,https://thumb.wikimedia.org/wikipedia/commons/thumb/5/50/Lake_Balkhash._Mynaral_village._16.jpg/330px-Lake_Balkhash._Mynaral_village._16.jpg?utm_source=commons.wikimedia.org&utm_campaign=imageinfo&utm_content=thumbnail
no,34727383-fa9e-45a2-b1e3-60676a68275f,Балхаш,water_body,File:Lake Balkhash. Mynaral village. 17.jpg,4.00,wikidata depicts,AALLMMAATT,CC0,http://creativecommons.org/publicdomain/zero/1.0/deed.en,4624,2604,https://commons.wikimedia.org/wiki/File:Lake_Balkhash._Mynaral_village._17.jpg,https://thumb.wikimedia.org/wikipedia/commons/thumb/8/84/Lake_Balkhash._Mynaral_village._17.jpg/330px-Lake_Balkhash._Mynaral_village._17.jpg?utm_source=commons.wikimedia.org&utm_campaign=imageinfo&utm_content=thumbnail
no,bc99b10b-54ba-48bf-8623-9e53e7fe8fc5,Бартогайское водохранилище,water_body,"File:Enbekshikazakh District, Kazakhstan - panoramio (64).jpg",4.00,osm category,Anton Yefimov,CC BY 3.0,https://creativecommons.org/licenses/by/3.0,2048,1536,"https://commons.wikimedia.org/wiki/File:Enbekshikazakh_District,_Kazakhstan_-_panoramio_(64).jpg",https://thumb.wikimedia.org/wikipedia/commons/thumb/8/8a/Enbekshikazakh_District%2C_Kazakhstan_-_panoramio_%2864%29.jpg/330px-Enbekshikazakh_District%2C_Kazakhstan_-_panoramio_%2864%29.jpg?utm_source=commons.wikimedia.org&utm_campaign=imageinfo&utm_content=thumbnail
2,bc99b10b-54ba-48bf-8623-9e53e7fe8fc5,Бартогайское водохранилище,water_body,File:Bartogay Lake KAZ.jpg,4.00,osm category,Man77,CC BY-SA 3.0,https://creativecommons.org/licenses/by-sa/3.0,1920,1080,https://commons.wikimedia.org/wiki/File:Bartogay_Lake_KAZ.jpg,https://thumb.wikimedia.org/wikipedia/commons/thumb/1/15/Bartogay_Lake_KAZ.jpg/330px-Bartogay_Lake_KAZ.jpg?utm_source=commons.wikimedia.org&utm_campaign=imageinfo&utm_content=thumbnail
1,bc99b10b-54ba-48bf-8623-9e53e7fe8fc5,Бартогайское водохранилище,water_body,File:Бартогайское водохранилище2.jpg,4.00,osm category,Almaz Tleuliyev,CC BY-SA 4.0,https://creativecommons.org/licenses/by-sa/4.0,2500,1405,https://commons.wikimedia.org/wiki/File:%D0%91%D0%B0%D1%80%D1%82%D0%BE%D0%B3%D0%B0%D0%B9%D1%81%D0%BA%D0%BE%D0%B5_%D0%B2%D0%BE%D0%B4%D0%BE%D1%85%D1%80%D0%B0%D0%BD%D0%B8%D0%BB%D0%B8%D1%89%D0%B52.jpg,https://thumb.wikimedia.org/wikipedia/commons/thumb/d/d6/%D0%91%D0%B0%D1%80%D1%82%D0%BE%D0%B3%D0%B0%D0%B9%D1%81%D0%BA%D0%BE%D0%B5_%D0%B2%D0%BE%D0%B4%D0%BE%D1%85%D1%80%D0%B0%D0%BD%D0%B8%D0%BB%D0%B8%D1%89%D0%B52.jpg/330px-%D0%91%D0%B0%D1%80%D1%82%D0%BE%D0%B3%D0%B0%D0%B9%D1%81%D0%BA%D0%BE%D0%B5_%D0%B2%D0%BE%D0%B4%D0%BE%D1%85%D1%80%D0%B0%D0%BD%D0%B8%D0%BB%D0%B8%D1%89%D0%B52.jpg?utm_source=commons.wikimedia.org&utm_campaign=imageinfo&utm_content=thumbnail
3,bc99b10b-54ba-48bf-8623-9e53e7fe8fc5,Бартогайское водохранилище,water_body,File:Бартогайское водохранилище1.jpg,4.00,osm category,Almaz Tleuliyev,CC BY-SA 4.0,https://creativecommons.org/licenses/by-sa/4.0,2500,1405,https://commons.wikimedia.org/wiki/File:%D0%91%D0%B0%D1%80%D1%82%D0%BE%D0%B3%D0%B0%D0%B9%D1%81%D0%BA%D0%BE%D0%B5_%D0%B2%D0%BE%D0%B4%D0%BE%D1%85%D1%80%D0%B0%D0%BD%D0%B8%D0%BB%D0%B8%D1%89%D0%B51.jpg,https://thumb.wikimedia.org/wikipedia/commons/thumb/2/24/%D0%91%D0%B0%D1%80%D1%82%D0%BE%D0%B3%D0%B0%D0%B9%D1%81%D0%BA%D0%BE%D0%B5_%D0%B2%D0%BE%D0%B4%D0%BE%D1%85%D1%80%D0%B0%D0%BD%D0%B8%D0%BB%D0%B8%D1%89%D0%B51.jpg/330px-%D0%91%D0%B0%D1%80%D1%82%D0%BE%D0%B3%D0%B0%D0%B9%D1%81%D0%BA%D0%BE%D0%B5_%D0%B2%D0%BE%D0%B4%D0%BE%D1%85%D1%80%D0%B0%D0%BD%D0%B8%D0%BB%D0%B8%D1%89%D0%B51.jpg?utm_source=commons.wikimedia.org&utm_campaign=imageinfo&utm_content=thumbnail
no,bc99b10b-54ba-48bf-8623-9e53e7fe8fc5,Бартогайское водохранилище,water_body,File:Бартогай.jpg,4.00,osm category,Darina utegenova,CC BY-SA 4.0,https://creativecommons.org/licenses/by-sa/4.0,4032,3024,https://commons.wikimedia.org/wiki/File:%D0%91%D0%B0%D1%80%D1%82%D0%BE%D0%B3%D0%B0%D0%B9.jpg,https://thumb.wikimedia.org/wikipedia/commons/thumb/1/1a/%D0%91%D0%B0%D1%80%D1%82%D0%BE%D0%B3%D0%B0%D0%B9.jpg/330px-%D0%91%D0%B0%D1%80%D1%82%D0%BE%D0%B3%D0%B0%D0%B9.jpg?utm_source=commons.wikimedia.org&utm_campaign=imageinfo&utm_content=thumbnail
no,bc99b10b-54ba-48bf-8623-9e53e7fe8fc5,Бартогайское водохранилище,water_body,File:Бартогайское водохранилище на реке Чилик.jpg,4.00,osm category,Arba Travel,CC BY-SA 4.0,https://creativecommons.org/licenses/by-sa/4.0,4032,2268,https://commons.wikimedia.org/wiki/File:%D0%91%D0%B0%D1%80%D1%82%D0%BE%D0%B3%D0%B0%D0%B9%D1%81%D0%BA%D0%BE%D0%B5_%D0%B2%D0%BE%D0%B4%D0%BE%D1%85%D1%80%D0%B0%D0%BD%D0%B8%D0%BB%D0%B8%D1%89%D0%B5_%D0%BD%D0%B0_%D1%80%D0%B5%D0%BA%D0%B5_%D0%A7%D0%B8%D0%BB%D0%B8%D0%BA.jpg,https://thumb.wikimedia.org/wikipedia/commons/thumb/a/a2/%D0%91%D0%B0%D1%80%D1%82%D0%BE%D0%B3%D0%B0%D0%B9%D1%81%D0%BA%D0%BE%D0%B5_%D0%B2%D0%BE%D0%B4%D0%BE%D1%85%D1%80%D0%B0%D0%BD%D0%B8%D0%BB%D0%B8%D1%89%D0%B5_%D0%BD%D0%B0_%D1%80%D0%B5%D0%BA%D0%B5_%D0%A7%D0%B8%D0%BB%D0%B8%D0%BA.jpg/330px-%D0%91%D0%B0%D1%80%D1%82%D0%BE%D0%B3%D0%B0%D0%B9%D1%81%D0%BA%D0%BE%D0%B5_%D0%B2%D0%BE%D0%B4%D0%BE%D1%85%D1%80%D0%B0%D0%BD%D0%B8%D0%BB%D0%B8%D1%89%D0%B5_%D0%BD%D0%B0_%D1%80%D0%B5%D0%BA%D0%B5_%D0%A7%D0%B8%D0%BB%D0%B8%D0%BA.jpg?utm_source=commons.wikimedia.org&utm_campaign=imageinfo&utm_content=thumbnail
5,bc99b10b-54ba-48bf-8623-9e53e7fe8fc5,Бартогайское водохранилище,water_body,File:БАРТОГАЙ.jpg,4.00,osm category,RS128,CC BY-SA 4.0,https://creativecommons.org/licenses/by-sa/4.0,2752,1753,https://commons.wikimedia.org/wiki/File:%D0%91%D0%90%D0%A0%D0%A2%D0%9E%D0%93%D0%90%D0%99.jpg,https://thumb.wikimedia.org/wikipedia/commons/thumb/9/9b/%D0%91%D0%90%D0%A0%D0%A2%D0%9E%D0%93%D0%90%D0%99.jpg/330px-%D0%91%D0%90%D0%A0%D0%A2%D0%9E%D0%93%D0%90%D0%99.jpg?utm_source=commons.wikimedia.org&utm_campaign=imageinfo&utm_content=thumbnail
4,bc99b10b-54ba-48bf-8623-9e53e7fe8fc5,Бартогайское водохранилище,water_body,File:Бартогайское водохранилище.jpg,4.00,wikidata depicts,MariSimonova,CC BY-SA 4.0,https://creativecommons.org/licenses/by-sa/4.0,2000,1333,https://commons.wikimedia.org/wiki/File:%D0%91%D0%B0%D1%80%D1%82%D0%BE%D0%B3%D0%B0%D0%B9%D1%81%D0%BA%D0%BE%D0%B5_%D0%B2%D0%BE%D0%B4%D0%BE%D1%85%D1%80%D0%B0%D0%BD%D0%B8%D0%BB%D0%B8%D1%89%D0%B5.jpg,https://thumb.wikimedia.org/wikipedia/commons/thumb/7/72/%D0%91%D0%B0%D1%80%D1%82%D0%BE%D0%B3%D0%B0%D0%B9%D1%81%D0%BA%D0%BE%D0%B5_%D0%B2%D0%BE%D0%B4%D0%BE%D1%85%D1%80%D0%B0%D0%BD%D0%B8%D0%BB%D0%B8%D1%89%D0%B5.jpg/330px-%D0%91%D0%B0%D1%80%D1%82%D0%BE%D0%B3%D0%B0%D0%B9%D1%81%D0%BA%D0%BE%D0%B5_%D0%B2%D0%BE%D0%B4%D0%BE%D1%85%D1%80%D0%B0%D0%BD%D0%B8%D0%BB%D0%B8%D1%89%D0%B5.jpg?utm_source=commons.wikimedia.org&utm_campaign=imageinfo&utm_content=thumbnail
no,bc99b10b-54ba-48bf-8623-9e53e7fe8fc5,Бартогайское водохранилище,water_body,"File:Бартогайское водохранилище, выпас коней.jpg",4.00,wikidata depicts,MariSimonova,CC BY-SA 4.0,https://creativecommons.org/licenses/by-sa/4.0,2000,3000,"https://commons.wikimedia.org/wiki/File:%D0%91%D0%B0%D1%80%D1%82%D0%BE%D0%B3%D0%B0%D0%B9%D1%81%D0%BA%D0%BE%D0%B5_%D0%B2%D0%BE%D0%B4%D0%BE%D1%85%D1%80%D0%B0%D0%BD%D0%B8%D0%BB%D0%B8%D1%89%D0%B5,_%D0%B2%D1%8B%D0%BF%D0%B0%D1%81_%D0%BA%D0%BE%D0%BD%D0%B5%D0%B9.jpg",https://thumb.wikimedia.org/wikipedia/commons/thumb/2/23/%D0%91%D0%B0%D1%80%D1%82%D0%BE%D0%B3%D0%B0%D0%B9%D1%81%D0%BA%D0%BE%D0%B5_%D0%B2%D0%BE%D0%B4%D0%BE%D1%85%D1%80%D0%B0%D0%BD%D0%B8%D0%BB%D0%B8%D1%89%D0%B5%2C_%D0%B2%D1%8B%D0%BF%D0%B0%D1%81_%D0%BA%D0%BE%D0%BD%D0%B5%D0%B9.jpg/330px-%D0%91%D0%B0%D1%80%D1%82%D0%BE%D0%B3%D0%B0%D0%B9%D1%81%D0%BA%D0%BE%D0%B5_%D0%B2%D0%BE%D0%B4%D0%BE%D1%85%D1%80%D0%B0%D0%BD%D0%B8%D0%BB%D0%B8%D1%89%D0%B5%2C_%D0%B2%D1%8B%D0%BF%D0%B0%D1%81_%D0%BA%D0%BE%D0%BD%D0%B5%D0%B9.jpg?utm_source=commons.wikimedia.org&utm_campaign=imageinfo&utm_content=thumbnail
no,bc99b10b-54ba-48bf-8623-9e53e7fe8fc5,Бартогайское водохранилище,water_body,"File:Enbekshikazakh District, Kazakhstan - panoramio (63).jpg",0.83,nearby,Anton Yefimov,CC BY 3.0,https://creativecommons.org/licenses/by/3.0,2048,1536,"https://commons.wikimedia.org/wiki/File:Enbekshikazakh_District,_Kazakhstan_-_panoramio_(63).jpg",https://thumb.wikimedia.org/wikipedia/commons/thumb/2/22/Enbekshikazakh_District%2C_Kazakhstan_-_panoramio_%2863%29.jpg/330px-Enbekshikazakh_District%2C_Kazakhstan_-_panoramio_%2863%29.jpg?utm_source=commons.wikimedia.org&utm_campaign=imageinfo&utm_content=thumbnail
no,bc99b10b-54ba-48bf-8623-9e53e7fe8fc5,Бартогайское водохранилище,water_body,"File:Enbekshikazakh District, Kazakhstan - panoramio (62).jpg",0.83,nearby,Anton Yefimov,CC BY 3.0,https://creativecommons.org/licenses/by/3.0,2048,1536,"https://commons.wikimedia.org/wiki/File:Enbekshikazakh_District,_Kazakhstan_-_panoramio_(62).jpg",https://thumb.wikimedia.org/wikipedia/commons/thumb/5/5e/Enbekshikazakh_District%2C_Kazakhstan_-_panoramio_%2862%29.jpg/330px-Enbekshikazakh_District%2C_Kazakhstan_-_panoramio_%2862%29.jpg?utm_source=commons.wikimedia.org&utm_campaign=imageinfo&utm_content=thumbnail
no,bc99b10b-54ba-48bf-8623-9e53e7fe8fc5,Бартогайское водохранилище,water_body,"File:Enbekshikazakh District, Kazakhstan - panoramio (61).jpg",0.83,nearby,Anton Yefimov,CC BY 3.0,https://creativecommons.org/licenses/by/3.0,2048,1536,"https://commons.wikimedia.org/wiki/File:Enbekshikazakh_District,_Kazakhstan_-_panoramio_(61).jpg",https://thumb.wikimedia.org/wikipedia/commons/thumb/8/8a/Enbekshikazakh_District%2C_Kazakhstan_-_panoramio_%2861%29.jpg/330px-Enbekshikazakh_District%2C_Kazakhstan_-_panoramio_%2861%29.jpg?utm_source=commons.wikimedia.org&utm_campaign=imageinfo&utm_content=thumbnail
no,b877f6c1-2f68-467d-9ac7-e9e75902948b,Бартугуль,water_body,File:Река в горах Иле-Алатауского нац парка.jpg,0.60,nearby,Pifonov Victor,CC BY-SA 4.0,https://creativecommons.org/licenses/by-sa/4.0,1800,4000,https://commons.wikimedia.org/wiki/File:%D0%A0%D0%B5%D0%BA%D0%B0_%D0%B2_%D0%B3%D0%BE%D1%80%D0%B0%D1%85_%D0%98%D0%BB%D0%B5-%D0%90%D0%BB%D0%B0%D1%82%D0%B0%D1%83%D1%81%D0%BA%D0%BE%D0%B3%D0%BE_%D0%BD%D0%B0%D1%86_%D0%BF%D0%B0%D1%80%D0%BA%D0%B0.jpg,https://thumb.wikimedia.org/wikipedia/commons/thumb/3/3e/%D0%A0%D0%B5%D0%BA%D0%B0_%D0%B2_%D0%B3%D0%BE%D1%80%D0%B0%D1%85_%D0%98%D0%BB%D0%B5-%D0%90%D0%BB%D0%B0%D1%82%D0%B0%D1%83%D1%81%D0%BA%D0%BE%D0%B3%D0%BE_%D0%BD%D0%B0%D1%86_%D0%BF%D0%B0%D1%80%D0%BA%D0%B0.jpg/330px-%D0%A0%D0%B5%D0%BA%D0%B0_%D0%B2_%D0%B3%D0%BE%D1%80%D0%B0%D1%85_%D0%98%D0%BB%D0%B5-%D0%90%D0%BB%D0%B0%D1%82%D0%B0%D1%83%D1%81%D0%BA%D0%BE%D0%B3%D0%BE_%D0%BD%D0%B0%D1%86_%D0%BF%D0%B0%D1%80%D0%BA%D0%B0.jpg?utm_source=commons.wikimedia.org&utm_campaign=imageinfo&utm_content=thumbnail
no,b877f6c1-2f68-467d-9ac7-e9e75902948b,Бартугуль,water_body,File:ISS022-E-98547 - View of Earth.jpg,0.59,nearby,"Earth Science and Remote Sensing Unit, Lyndon B. Johnson Space Center",Public domain,,2929,4288,https://commons.wikimedia.org/wiki/File:ISS022-E-98547_-_View_of_Earth.jpg,https://thumb.wikimedia.org/wikipedia/commons/thumb/f/f4/ISS022-E-98547_-_View_of_Earth.jpg/330px-ISS022-E-98547_-_View_of_Earth.jpg?utm_source=commons.wikimedia.org&utm_campaign=imageinfo&utm_content=thumbnail
no,b877f6c1-2f68-467d-9ac7-e9e75902948b,Бартугуль,water_body,File:ISS001-E-6087 - View of Kazakhstan.jpg,0.59,nearby,"Earth Science and Remote Sensing Unit, Lyndon B. Johnson Space Center",Public domain,,3060,2092,https://commons.wikimedia.org/wiki/File:ISS001-E-6087_-_View_of_Kazakhstan.jpg,https://thumb.wikimedia.org/wikipedia/commons/thumb/b/ba/ISS001-E-6087_-_View_of_Kazakhstan.jpg/330px-ISS001-E-6087_-_View_of_Kazakhstan.jpg?utm_source=commons.wikimedia.org&utm_campaign=imageinfo&utm_content=thumbnail
no,b877f6c1-2f68-467d-9ac7-e9e75902948b,Бартугуль,water_body,File:PaleoKazakhstan.info - panoramio (10).jpg,0.55,nearby,Alexandr Babkin,CC BY-SA 3.0,https://creativecommons.org/licenses/by-sa/3.0,1000,564,https://commons.wikimedia.org/wiki/File:PaleoKazakhstan.info_-_panoramio_(10).jpg,https://thumb.wikimedia.org/wikipedia/commons/thumb/1/14/PaleoKazakhstan.info_-_panoramio_%2810%29.jpg/330px-PaleoKazakhstan.info_-_panoramio_%2810%29.jpg?utm_source=commons.wikimedia.org&utm_campaign=imageinfo&utm_content=thumbnail
no,70bc7818-8927-443b-aee1-89c546efa66b,Бестюбинское водохранилище,water_body,File:ISS053-E-32566 - View of Earth.jpg,0.95,nearby,"Earth Science and Remote Sensing Unit, Lyndon B. Johnson Space Center",Public domain,,4928,3280,https://commons.wikimedia.org/wiki/File:ISS053-E-32566_-_View_of_Earth.jpg,https://thumb.wikimedia.org/wikipedia/commons/thumb/8/88/ISS053-E-32566_-_View_of_Earth.jpg/330px-ISS053-E-32566_-_View_of_Earth.jpg?utm_source=commons.wikimedia.org&utm_campaign=imageinfo&utm_content=thumbnail
no,ce038ed4-02fb-402b-9bea-980a339e39f5,Богатырь,water_body,File:ISS022-E-100135 - View of Earth.jpg,0.68,nearby,"Earth Science and Remote Sensing Unit, Lyndon B. Johnson Space Center",Public domain,,4288,2848,https://commons.wikimedia.org/wiki/File:ISS022-E-100135_-_View_of_Earth.jpg,https://thumb.wikimedia.org/wikipedia/commons/thumb/c/c7/ISS022-E-100135_-_View_of_Earth.jpg/330px-ISS022-E-100135_-_View_of_Earth.jpg?utm_source=commons.wikimedia.org&utm_campaign=imageinfo&utm_content=thumbnail
no,ce038ed4-02fb-402b-9bea-980a339e39f5,Богатырь,water_body,File:ISS007-E-6972 - View of Kazakhstan.jpg,0.68,nearby,"Earth Science and Remote Sensing Unit, Lyndon B. Johnson Space Center",Public domain,,3032,2064,https://commons.wikimedia.org/wiki/File:ISS007-E-6972_-_View_of_Kazakhstan.jpg,https://thumb.wikimedia.org/wikipedia/commons/thumb/8/87/ISS007-E-6972_-_View_of_Kazakhstan.jpg/330px-ISS007-E-6972_-_View_of_Kazakhstan.jpg?utm_source=commons.wikimedia.org&utm_campaign=imageinfo&utm_content=thumbnail
no,890379be-3dfd-4b54-af2f-efe65aca8c13,Большое Алматинское озеро,water_body,File:Горы Алматы.jpg,4.00,wikidata depicts,Bekzhan,CC0,http://creativecommons.org/publicdomain/zero/1.0/deed.en,3024,4032,https://commons.wikimedia.org/wiki/File:%D0%93%D0%BE%D1%80%D1%8B_%D0%90%D0%BB%D0%BC%D0%B0%D1%82%D1%8B.jpg,https://thumb.wikimedia.org/wikipedia/commons/thumb/c/c0/%D0%93%D0%BE%D1%80%D1%8B_%D0%90%D0%BB%D0%BC%D0%B0%D1%82%D1%8B.jpg/330px-%D0%93%D0%BE%D1%80%D1%8B_%D0%90%D0%BB%D0%BC%D0%B0%D1%82%D1%8B.jpg?utm_source=commons.wikimedia.org&utm_campaign=imageinfo&utm_content=thumbnail
4,890379be-3dfd-4b54-af2f-efe65aca8c13,Большое Алматинское озеро,water_body,File:Big Almaty Lake on 29 Aug 2019.jpg,4.00,wikidata depicts,JT2109,CC BY-SA 4.0,https://creativecommons.org/licenses/by-sa/4.0,3024,4032,https://commons.wikimedia.org/wiki/File:Big_Almaty_Lake_on_29_Aug_2019.jpg,https://thumb.wikimedia.org/wikipedia/commons/thumb/f/ff/Big_Almaty_Lake_on_29_Aug_2019.jpg/330px-Big_Almaty_Lake_on_29_Aug_2019.jpg?utm_source=commons.wikimedia.org&utm_campaign=imageinfo&utm_content=thumbnail
no,890379be-3dfd-4b54-af2f-efe65aca8c13,Большое Алматинское озеро,water_body,File:Вид на Большое Алматинское Озеро.jpg,4.00,wikidata depicts,Alessandro893,CC BY-SA 4.0,https://creativecommons.org/licenses/by-sa/4.0,4032,3024,https://commons.wikimedia.org/wiki/File:%D0%92%D0%B8%D0%B4_%D0%BD%D0%B0_%D0%91%D0%BE%D0%BB%D1%8C%D1%88%D0%BE%D0%B5_%D0%90%D0%BB%D0%BC%D0%B0%D1%82%D0%B8%D0%BD%D1%81%D0%BA%D0%BE%D0%B5_%D0%9E%D0%B7%D0%B5%D1%80%D0%BE.jpg,https://thumb.wikimedia.org/wikipedia/commons/thumb/d/dc/%D0%92%D0%B8%D0%B4_%D0%BD%D0%B0_%D0%91%D0%BE%D0%BB%D1%8C%D1%88%D0%BE%D0%B5_%D0%90%D0%BB%D0%BC%D0%B0%D1%82%D0%B8%D0%BD%D1%81%D0%BA%D0%BE%D0%B5_%D0%9E%D0%B7%D0%B5%D1%80%D0%BE.jpg/330px-%D0%92%D0%B8%D0%B4_%D0%BD%D0%B0_%D0%91%D0%BE%D0%BB%D1%8C%D1%88%D0%BE%D0%B5_%D0%90%D0%BB%D0%BC%D0%B0%D1%82%D0%B8%D0%BD%D1%81%D0%BA%D0%BE%D0%B5_%D0%9E%D0%B7%D0%B5%D1%80%D0%BE.jpg?utm_source=commons.wikimedia.org&utm_campaign=imageinfo&utm_content=thumbnail
2,890379be-3dfd-4b54-af2f-efe65aca8c13,Большое Алматинское озеро,water_body,File:Большое Алма-Атинское Озеро.jpg,4.00,wikidata depicts,Guldariya Baimukhanova,CC BY-SA 4.0,https://creativecommons.org/licenses/by-sa/4.0,4496,3000,https://commons.wikimedia.org/wiki/File:%D0%91%D0%BE%D0%BB%D1%8C%D1%88%D0%BE%D0%B5_%D0%90%D0%BB%D0%BC%D0%B0-%D0%90%D1%82%D0%B8%D0%BD%D1%81%D0%BA%D0%BE%D0%B5_%D0%9E%D0%B7%D0%B5%D1%80%D0%BE.jpg,https://thumb.wikimedia.org/wikipedia/commons/thumb/7/72/%D0%91%D0%BE%D0%BB%D1%8C%D1%88%D0%BE%D0%B5_%D0%90%D0%BB%D0%BC%D0%B0-%D0%90%D1%82%D0%B8%D0%BD%D1%81%D0%BA%D0%BE%D0%B5_%D0%9E%D0%B7%D0%B5%D1%80%D0%BE.jpg/330px-%D0%91%D0%BE%D0%BB%D1%8C%D1%88%D0%BE%D0%B5_%D0%90%D0%BB%D0%BC%D0%B0-%D0%90%D1%82%D0%B8%D0%BD%D1%81%D0%BA%D0%BE%D0%B5_%D0%9E%D0%B7%D0%B5%D1%80%D0%BE.jpg?utm_source=commons.wikimedia.org&utm_campaign=imageinfo&utm_content=thumbnail
no,890379be-3dfd-4b54-af2f-efe65aca8c13,Большое Алматинское озеро,water_body,File:Большое Алматинское Озеро.jpg,4.00,wikidata depicts,Guldariya Baimukhanova,CC BY-SA 4.0,https://creativecommons.org/licenses/by-sa/4.0,4496,3000,https://commons.wikimedia.org/wiki/File:%D0%91%D0%BE%D0%BB%D1%8C%D1%88%D0%BE%D0%B5_%D0%90%D0%BB%D0%BC%D0%B0%D1%82%D0%B8%D0%BD%D1%81%D0%BA%D0%BE%D0%B5_%D0%9E%D0%B7%D0%B5%D1%80%D0%BE.jpg,https://thumb.wikimedia.org/wikipedia/commons/thumb/2/22/%D0%91%D0%BE%D0%BB%D1%8C%D1%88%D0%BE%D0%B5_%D0%90%D0%BB%D0%BC%D0%B0%D1%82%D0%B8%D0%BD%D1%81%D0%BA%D0%BE%D0%B5_%D0%9E%D0%B7%D0%B5%D1%80%D0%BE.jpg/330px-%D0%91%D0%BE%D0%BB%D1%8C%D1%88%D0%BE%D0%B5_%D0%90%D0%BB%D0%BC%D0%B0%D1%82%D0%B8%D0%BD%D1%81%D0%BA%D0%BE%D0%B5_%D0%9E%D0%B7%D0%B5%D1%80%D0%BE.jpg?utm_source=commons.wikimedia.org&utm_campaign=imageinfo&utm_content=thumbnail
3,890379be-3dfd-4b54-af2f-efe65aca8c13,Большое Алматинское озеро,water_body,File:Большое Алматинское Озеро (БАО).jpg,4.00,wikidata depicts,Gaziz Sadykov,CC BY-SA 4.0,https://creativecommons.org/licenses/by-sa/4.0,4928,3264,https://commons.wikimedia.org/wiki/File:%D0%91%D0%BE%D0%BB%D1%8C%D1%88%D0%BE%D0%B5_%D0%90%D0%BB%D0%BC%D0%B0%D1%82%D0%B8%D0%BD%D1%81%D0%BA%D0%BE%D0%B5_%D0%9E%D0%B7%D0%B5%D1%80%D0%BE_(%D0%91%D0%90%D0%9E).jpg,https://thumb.wikimedia.org/wikipedia/commons/thumb/3/36/%D0%91%D0%BE%D0%BB%D1%8C%D1%88%D0%BE%D0%B5_%D0%90%D0%BB%D0%BC%D0%B0%D1%82%D0%B8%D0%BD%D1%81%D0%BA%D0%BE%D0%B5_%D0%9E%D0%B7%D0%B5%D1%80%D0%BE_%28%D0%91%D0%90%D0%9E%29.jpg/330px-%D0%91%D0%BE%D0%BB%D1%8C%D1%88%D0%BE%D0%B5_%D0%90%D0%BB%D0%BC%D0%B0%D1%82%D0%B8%D0%BD%D1%81%D0%BA%D0%BE%D0%B5_%D0%9E%D0%B7%D0%B5%D1%80%D0%BE_%28%D0%91%D0%90%D0%9E%29.jpg?utm_source=commons.wikimedia.org&utm_campaign=imageinfo&utm_content=thumbnail
1,890379be-3dfd-4b54-af2f-efe65aca8c13,Большое Алматинское озеро,water_body,File:Летнее Большое Алматинское Озеро.jpg,4.00,wikidata depicts,Roman Check,CC BY-SA 4.0,https://creativecommons.org/licenses/by-sa/4.0,1920,1292,https://commons.wikimedia.org/wiki/File:%D0%9B%D0%B5%D1%82%D0%BD%D0%B5%D0%B5_%D0%91%D0%BE%D0%BB%D1%8C%D1%88%D0%BE%D0%B5_%D0%90%D0%BB%D0%BC%D0%B0%D1%82%D0%B8%D0%BD%D1%81%D0%BA%D0%BE%D0%B5_%D0%9E%D0%B7%D0%B5%D1%80%D0%BE.jpg,https://thumb.wikimedia.org/wikipedia/commons/thumb/c/c6/%D0%9B%D0%B5%D1%82%D0%BD%D0%B5%D0%B5_%D0%91%D0%BE%D0%BB%D1%8C%D1%88%D0%BE%D0%B5_%D0%90%D0%BB%D0%BC%D0%B0%D1%82%D0%B8%D0%BD%D1%81%D0%BA%D0%BE%D0%B5_%D0%9E%D0%B7%D0%B5%D1%80%D0%BE.jpg/330px-%D0%9B%D0%B5%D1%82%D0%BD%D0%B5%D0%B5_%D0%91%D0%BE%D0%BB%D1%8C%D1%88%D0%BE%D0%B5_%D0%90%D0%BB%D0%BC%D0%B0%D1%82%D0%B8%D0%BD%D1%81%D0%BA%D0%BE%D0%B5_%D0%9E%D0%B7%D0%B5%D1%80%D0%BE.jpg?utm_source=commons.wikimedia.org&utm_campaign=imageinfo&utm_content=thumbnail
no,890379be-3dfd-4b54-af2f-efe65aca8c13,Большое Алматинское озеро,water_body,File:Большое Алматинское озеро. Под ракурсом №1. Лето 2024.jpg,2.50,"nearby, name",Altynwiki,CC BY-SA 4.0,https://creativecommons.org/licenses/by-sa/4.0,3072,4080,https://commons.wikimedia.org/wiki/File:%D0%91%D0%BE%D0%BB%D1%8C%D1%88%D0%BE%D0%B5_%D0%90%D0%BB%D0%BC%D0%B0%D1%82%D0%B8%D0%BD%D1%81%D0%BA%D0%BE%D0%B5_%D0%BE%D0%B7%D0%B5%D1%80%D0%BE._%D0%9F%D0%BE%D0%B4_%D1%80%D0%B0%D0%BA%D1%83%D1%80%D1%81%D0%BE%D0%BC_%E2%84%961._%D0%9B%D0%B5%D1%82%D0%BE_2024.jpg,https://thumb.wikimedia.org/wikipedia/commons/thumb/6/69/%D0%91%D0%BE%D0%BB%D1%8C%D1%88%D0%BE%D0%B5_%D0%90%D0%BB%D0%BC%D0%B0%D1%82%D0%B8%D0%BD%D1%81%D0%BA%D0%BE%D0%B5_%D0%BE%D0%B7%D0%B5%D1%80%D0%BE._%D0%9F%D0%BE%D0%B4_%D1%80%D0%B0%D0%BA%D1%83%D1%80%D1%81%D0%BE%D0%BC_%E2%84%961._%D0%9B%D0%B5%D1%82%D0%BE_2024.jpg/330px-%D0%91%D0%BE%D0%BB%D1%8C%D1%88%D0%BE%D0%B5_%D0%90%D0%BB%D0%BC%D0%B0%D1%82%D0%B8%D0%BD%D1%81%D0%BA%D0%BE%D0%B5_%D0%BE%D0%B7%D0%B5%D1%80%D0%BE._%D0%9F%D0%BE%D0%B4_%D1%80%D0%B0%D0%BA%D1%83%D1%80%D1%81%D0%BE%D0%BC_%E2%84%961._%D0%9B%D0%B5%D1%82%D0%BE_2024.jpg?utm_source=commons.wikimedia.org&utm_campaign=imageinfo&utm_content=thumbnail
5,890379be-3dfd-4b54-af2f-efe65aca8c13,Большое Алматинское озеро,water_body,File:Большое Алматинское озеро. Под ракурсом №2. Лето 2024.jpg,2.50,"nearby, name",Altynwiki,CC BY-SA 4.0,https://creativecommons.org/licenses/by-sa/4.0,3072,4080,https://commons.wikimedia.org/wiki/File:%D0%91%D0%BE%D0%BB%D1%8C%D1%88%D0%BE%D0%B5_%D0%90%D0%BB%D0%BC%D0%B0%D1%82%D0%B8%D0%BD%D1%81%D0%BA%D0%BE%D0%B5_%D0%BE%D0%B7%D0%B5%D1%80%D0%BE._%D0%9F%D0%BE%D0%B4_%D1%80%D0%B0%D0%BA%D1%83%D1%80%D1%81%D0%BE%D0%BC_%E2%84%962._%D0%9B%D0%B5%D1%82%D0%BE_2024.jpg,https://thumb.wikimedia.org/wikipedia/commons/thumb/9/92/%D0%91%D0%BE%D0%BB%D1%8C%D1%88%D0%BE%D0%B5_%D0%90%D0%BB%D0%BC%D0%B0%D1%82%D0%B8%D0%BD%D1%81%D0%BA%D0%BE%D0%B5_%D0%BE%D0%B7%D0%B5%D1%80%D0%BE._%D0%9F%D0%BE%D0%B4_%D1%80%D0%B0%D0%BA%D1%83%D1%80%D1%81%D0%BE%D0%BC_%E2%84%962._%D0%9B%D0%B5%D1%82%D0%BE_2024.jpg/330px-%D0%91%D0%BE%D0%BB%D1%8C%D1%88%D0%BE%D0%B5_%D0%90%D0%BB%D0%BC%D0%B0%D1%82%D0%B8%D0%BD%D1%81%D0%BA%D0%BE%D0%B5_%D0%BE%D0%B7%D0%B5%D1%80%D0%BE._%D0%9F%D0%BE%D0%B4_%D1%80%D0%B0%D0%BA%D1%83%D1%80%D1%81%D0%BE%D0%BC_%E2%84%962._%D0%9B%D0%B5%D1%82%D0%BE_2024.jpg?utm_source=commons.wikimedia.org&utm_campaign=imageinfo&utm_content=thumbnail
no,890379be-3dfd-4b54-af2f-efe65aca8c13,Большое Алматинское озеро,water_body,File:Большое Алматинское озеро. Под ракурсом №3. Лето 2024.jpg,2.50,"nearby, name",Altynwiki,CC BY-SA 4.0,https://creativecommons.org/licenses/by-sa/4.0,3072,4080,https://commons.wikimedia.org/wiki/File:%D0%91%D0%BE%D0%BB%D1%8C%D1%88%D0%BE%D0%B5_%D0%90%D0%BB%D0%BC%D0%B0%D1%82%D0%B8%D0%BD%D1%81%D0%BA%D0%BE%D0%B5_%D0%BE%D0%B7%D0%B5%D1%80%D0%BE._%D0%9F%D0%BE%D0%B4_%D1%80%D0%B0%D0%BA%D1%83%D1%80%D1%81%D0%BE%D0%BC_%E2%84%963._%D0%9B%D0%B5%D1%82%D0%BE_2024.jpg,https://thumb.wikimedia.org/wikipedia/commons/thumb/6/69/%D0%91%D0%BE%D0%BB%D1%8C%D1%88%D0%BE%D0%B5_%D0%90%D0%BB%D0%BC%D0%B0%D1%82%D0%B8%D0%BD%D1%81%D0%BA%D0%BE%D0%B5_%D0%BE%D0%B7%D0%B5%D1%80%D0%BE._%D0%9F%D0%BE%D0%B4_%D1%80%D0%B0%D0%BA%D1%83%D1%80%D1%81%D0%BE%D0%BC_%E2%84%963._%D0%9B%D0%B5%D1%82%D0%BE_2024.jpg/330px-%D0%91%D0%BE%D0%BB%D1%8C%D1%88%D0%BE%D0%B5_%D0%90%D0%BB%D0%BC%D0%B0%D1%82%D0%B8%D0%BD%D1%81%D0%BA%D0%BE%D0%B5_%D0%BE%D0%B7%D0%B5%D1%80%D0%BE._%D0%9F%D0%BE%D0%B4_%D1%80%D0%B0%D0%BA%D1%83%D1%80%D1%81%D0%BE%D0%BC_%E2%84%963._%D0%9B%D0%B5%D1%82%D0%BE_2024.jpg?utm_source=commons.wikimedia.org&utm_campaign=imageinfo&utm_content=thumbnail
no,890379be-3dfd-4b54-af2f-efe65aca8c13,Большое Алматинское озеро,water_body,File:Красоты Большой Алматинки. Горизонт. Лето 2024.jpg,2.50,"nearby, name",Altynwiki,CC BY-SA 4.0,https://creativecommons.org/licenses/by-sa/4.0,4080,3072,https://commons.wikimedia.org/wiki/File:%D0%9A%D1%80%D0%B0%D1%81%D0%BE%D1%82%D1%8B_%D0%91%D0%BE%D0%BB%D1%8C%D1%88%D0%BE%D0%B9_%D0%90%D0%BB%D0%BC%D0%B0%D1%82%D0%B8%D0%BD%D0%BA%D0%B8._%D0%93%D0%BE%D1%80%D0%B8%D0%B7%D0%BE%D0%BD%D1%82._%D0%9B%D0%B5%D1%82%D0%BE_2024.jpg,https://thumb.wikimedia.org/wikipedia/commons/thumb/3/3c/%D0%9A%D1%80%D0%B0%D1%81%D0%BE%D1%82%D1%8B_%D0%91%D0%BE%D0%BB%D1%8C%D1%88%D0%BE%D0%B9_%D0%90%D0%BB%D0%BC%D0%B0%D1%82%D0%B8%D0%BD%D0%BA%D0%B8._%D0%93%D0%BE%D1%80%D0%B8%D0%B7%D0%BE%D0%BD%D1%82._%D0%9B%D0%B5%D1%82%D0%BE_2024.jpg/330px-%D0%9A%D1%80%D0%B0%D1%81%D0%BE%D1%82%D1%8B_%D0%91%D0%BE%D0%BB%D1%8C%D1%88%D0%BE%D0%B9_%D0%90%D0%BB%D0%BC%D0%B0%D1%82%D0%B8%D0%BD%D0%BA%D0%B8._%D0%93%D0%BE%D1%80%D0%B8%D0%B7%D0%BE%D0%BD%D1%82._%D0%9B%D0%B5%D1%82%D0%BE_2024.jpg?utm_source=commons.wikimedia.org&utm_campaign=imageinfo&utm_content=thumbnail
no,890379be-3dfd-4b54-af2f-efe65aca8c13,Большое Алматинское озеро,water_body,File:Красоты Большой Алматинки. Лето 2024.jpg,2.50,"nearby, name",Altynwiki,CC BY-SA 4.0,https://creativecommons.org/licenses/by-sa/4.0,3072,4080,https://commons.wikimedia.org/wiki/File:%D0%9A%D1%80%D0%B0%D1%81%D0%BE%D1%82%D1%8B_%D0%91%D0%BE%D0%BB%D1%8C%D1%88%D0%BE%D0%B9_%D0%90%D0%BB%D0%BC%D0%B0%D1%82%D0%B8%D0%BD%D0%BA%D0%B8._%D0%9B%D0%B5%D1%82%D0%BE_2024.jpg,https://thumb.wikimedia.org/wikipedia/commons/thumb/f/f5/%D0%9A%D1%80%D0%B0%D1%81%D0%BE%D1%82%D1%8B_%D0%91%D0%BE%D0%BB%D1%8C%D1%88%D0%BE%D0%B9_%D0%90%D0%BB%D0%BC%D0%B0%D1%82%D0%B8%D0%BD%D0%BA%D0%B8._%D0%9B%D0%B5%D1%82%D0%BE_2024.jpg/330px-%D0%9A%D1%80%D0%B0%D1%81%D0%BE%D1%82%D1%8B_%D0%91%D0%BE%D0%BB%D1%8C%D1%88%D0%BE%D0%B9_%D0%90%D0%BB%D0%BC%D0%B0%D1%82%D0%B8%D0%BD%D0%BA%D0%B8._%D0%9B%D0%B5%D1%82%D0%BE_2024.jpg?utm_source=commons.wikimedia.org&utm_campaign=imageinfo&utm_content=thumbnail
no,cf914941-5e91-496b-a142-bad7a3bf4260,Верхнее озеро Тогызак,water_body,File:Mount of Alatau.jpg,0.78,nearby,Torinari,CC0,http://creativecommons.org/publicdomain/zero/1.0/deed.en,1080,1350,https://commons.wikimedia.org/wiki/File:Mount_of_Alatau.jpg,https://thumb.wikimedia.org/wikipedia/commons/thumb/b/b1/Mount_of_Alatau.jpg/330px-Mount_of_Alatau.jpg?utm_source=commons.wikimedia.org&utm_campaign=imageinfo&utm_content=thumbnail
no,d34eac41-7ce1-4281-9fb9-05a4ee16f48d,Верхний Кольсай,water_body,File:Көлсай және оның таулары жаңбыр уақытында. Кольсай и его горы во время ливня.jpg,2.21,"nearby, name",Aigerim Bekova,CC BY-SA 4.0,https://creativecommons.org/licenses/by-sa/4.0,4928,3264,https://commons.wikimedia.org/wiki/File:%D0%9A%D3%A9%D0%BB%D1%81%D0%B0%D0%B9_%D0%B6%D3%99%D0%BD%D0%B5_%D0%BE%D0%BD%D1%8B%D2%A3_%D1%82%D0%B0%D1%83%D0%BB%D0%B0%D1%80%D1%8B_%D0%B6%D0%B0%D2%A3%D0%B1%D1%8B%D1%80_%D1%83%D0%B0%D2%9B%D1%8B%D1%82%D1%8B%D0%BD%D0%B4%D0%B0._%D0%9A%D0%BE%D0%BB%D1%8C%D1%81%D0%B0%D0%B9_%D0%B8_%D0%B5%D0%B3%D0%BE_%D0%B3%D0%BE%D1%80%D1%8B_%D0%B2%D0%BE_%D0%B2%D1%80%D0%B5%D0%BC%D1%8F_%D0%BB%D0%B8%D0%B2%D0%BD%D1%8F.jpg,https://thumb.wikimedia.org/wikipedia/commons/thumb/1/17/%D0%9A%D3%A9%D0%BB%D1%81%D0%B0%D0%B9_%D0%B6%D3%99%D0%BD%D0%B5_%D0%BE%D0%BD%D1%8B%D2%A3_%D1%82%D0%B0%D1%83%D0%BB%D0%B0%D1%80%D1%8B_%D0%B6%D0%B0%D2%A3%D0%B1%D1%8B%D1%80_%D1%83%D0%B0%D2%9B%D1%8B%D1%82%D1%8B%D0%BD%D0%B4%D0%B0._%D0%9A%D0%BE%D0%BB%D1%8C%D1%81%D0%B0%D0%B9_%D0%B8_%D0%B5%D0%B3%D0%BE_%D0%B3%D0%BE%D1%80%D1%8B_%D0%B2%D0%BE_%D0%B2%D1%80%D0%B5%D0%BC%D1%8F_%D0%BB%D0%B8%D0%B2%D0%BD%D1%8F.jpg/330px-%D0%9A%D3%A9%D0%BB%D1%81%D0%B0%D0%B9_%D0%B6%D3%99%D0%BD%D0%B5_%D0%BE%D0%BD%D1%8B%D2%A3_%D1%82%D0%B0%D1%83%D0%BB%D0%B0%D1%80%D1%8B_%D0%B6%D0%B0%D2%A3%D0%B1%D1%8B%D1%80_%D1%83%D0%B0%D2%9B%D1%8B%D1%82%D1%8B%D0%BD%D0%B4%D0%B0._%D0%9A%D0%BE%D0%BB%D1%8C%D1%81%D0%B0%D0%B9_%D0%B8_%D0%B5%D0%B3%D0%BE_%D0%B3%D0%BE%D1%80%D1%8B_%D0%B2%D0%BE_%D0%B2%D1%80%D0%B5%D0%BC%D1%8F_%D0%BB%D0%B8%D0%B2%D0%BD%D1%8F.jpg?utm_source=commons.wikimedia.org&utm_campaign=imageinfo&utm_content=thumbnail
no,d34eac41-7ce1-4281-9fb9-05a4ee16f48d,Верхний Кольсай,water_body,"File:Көлсайдың теріс жағындағы таулар. Горы, находящиеся с другой стороны Кольсая.jpg",2.21,"nearby, name",Aigerim Bekova,CC BY-SA 4.0,https://creativecommons.org/licenses/by-sa/4.0,4928,3264,"https://commons.wikimedia.org/wiki/File:%D0%9A%D3%A9%D0%BB%D1%81%D0%B0%D0%B9%D0%B4%D1%8B%D2%A3_%D1%82%D0%B5%D1%80%D1%96%D1%81_%D0%B6%D0%B0%D2%93%D1%8B%D0%BD%D0%B4%D0%B0%D2%93%D1%8B_%D1%82%D0%B0%D1%83%D0%BB%D0%B0%D1%80._%D0%93%D0%BE%D1%80%D1%8B,_%D0%BD%D0%B0%D1%85%D0%BE%D0%B4%D1%8F%D1%89%D0%B8%D0%B5%D1%81%D1%8F_%D1%81_%D0%B4%D1%80%D1%83%D0%B3%D0%BE%D0%B9_%D1%81%D1%82%D0%BE%D1%80%D0%BE%D0%BD%D1%8B_%D0%9A%D0%BE%D0%BB%D1%8C%D1%81%D0%B0%D1%8F.jpg",https://thumb.wikimedia.org/wikipedia/commons/thumb/5/58/%D0%9A%D3%A9%D0%BB%D1%81%D0%B0%D0%B9%D0%B4%D1%8B%D2%A3_%D1%82%D0%B5%D1%80%D1%96%D1%81_%D0%B6%D0%B0%D2%93%D1%8B%D0%BD%D0%B4%D0%B0%D2%93%D1%8B_%D1%82%D0%B0%D1%83%D0%BB%D0%B0%D1%80._%D0%93%D0%BE%D1%80%D1%8B%2C_%D0%BD%D0%B0%D1%85%D0%BE%D0%B4%D1%8F%D1%89%D0%B8%D0%B5%D1%81%D1%8F_%D1%81_%D0%B4%D1%80%D1%83%D0%B3%D0%BE%D0%B9_%D1%81%D1%82%D0%BE%D1%80%D0%BE%D0%BD%D1%8B_%D0%9A%D0%BE%D0%BB%D1%8C%D1%81%D0%B0%D1%8F.jpg/330px-%D0%9A%D3%A9%D0%BB%D1%81%D0%B0%D0%B9%D0%B4%D1%8B%D2%A3_%D1%82%D0%B5%D1%80%D1%96%D1%81_%D0%B6%D0%B0%D2%93%D1%8B%D0%BD%D0%B4%D0%B0%D2%93%D1%8B_%D1%82%D0%B0%D1%83%D0%BB%D0%B0%D1%80._%D0%93%D0%BE%D1%80%D1%8B%2C_%D0%BD%D0%B0%D1%85%D0%BE%D0%B4%D1%8F%D1%89%D0%B8%D0%B5%D1%81%D1%8F_%D1%81_%D0%B4%D1%80%D1%83%D0%B3%D0%BE%D0%B9_%D1%81%D1%82%D0%BE%D1%80%D0%BE%D0%BD%D1%8B_%D0%9A%D0%BE%D0%BB%D1%8C%D1%81%D0%B0%D1%8F.jpg?utm_source=commons.wikimedia.org&utm_campaign=imageinfo&utm_content=thumbnail
no,d34eac41-7ce1-4281-9fb9-05a4ee16f48d,Верхний Кольсай,water_body,File:Көлсай және оның таулары. Кольсай и его горы.jpg,2.21,"nearby, name",Aigerim Bekova,CC BY-SA 4.0,https://creativecommons.org/licenses/by-sa/4.0,4928,3264,https://commons.wikimedia.org/wiki/File:%D0%9A%D3%A9%D0%BB%D1%81%D0%B0%D0%B9_%D0%B6%D3%99%D0%BD%D0%B5_%D0%BE%D0%BD%D1%8B%D2%A3_%D1%82%D0%B0%D1%83%D0%BB%D0%B0%D1%80%D1%8B._%D0%9A%D0%BE%D0%BB%D1%8C%D1%81%D0%B0%D0%B9_%D0%B8_%D0%B5%D0%B3%D0%BE_%D0%B3%D0%BE%D1%80%D1%8B.jpg,https://thumb.wikimedia.org/wikipedia/commons/thumb/a/a2/%D0%9A%D3%A9%D0%BB%D1%81%D0%B0%D0%B9_%D0%B6%D3%99%D0%BD%D0%B5_%D0%BE%D0%BD%D1%8B%D2%A3_%D1%82%D0%B0%D1%83%D0%BB%D0%B0%D1%80%D1%8B._%D0%9A%D0%BE%D0%BB%D1%8C%D1%81%D0%B0%D0%B9_%D0%B8_%D0%B5%D0%B3%D0%BE_%D0%B3%D0%BE%D1%80%D1%8B.jpg/330px-%D0%9A%D3%A9%D0%BB%D1%81%D0%B0%D0%B9_%D0%B6%D3%99%D0%BD%D0%B5_%D0%BE%D0%BD%D1%8B%D2%A3_%D1%82%D0%B0%D1%83%D0%BB%D0%B0%D1%80%D1%8B._%D0%9A%D0%BE%D0%BB%D1%8C%D1%81%D0%B0%D0%B9_%D0%B8_%D0%B5%D0%B3%D0%BE_%D0%B3%D0%BE%D1%80%D1%8B.jpg?utm_source=commons.wikimedia.org&utm_campaign=imageinfo&utm_content=thumbnail
no,d34eac41-7ce1-4281-9fb9-05a4ee16f48d,Верхний Кольсай,water_body,"File:Көлсайдың теріс, оң жағындағы таулар. Горы, находящиеся с другой, правой стороны Кольсая.jpg",2.21,"nearby, name",Aigerim Bekova,CC BY-SA 4.0,https://creativecommons.org/licenses/by-sa/4.0,4928,3264,"https://commons.wikimedia.org/wiki/File:%D0%9A%D3%A9%D0%BB%D1%81%D0%B0%D0%B9%D0%B4%D1%8B%D2%A3_%D1%82%D0%B5%D1%80%D1%96%D1%81,_%D0%BE%D2%A3_%D0%B6%D0%B0%D2%93%D1%8B%D0%BD%D0%B4%D0%B0%D2%93%D1%8B_%D1%82%D0%B0%D1%83%D0%BB%D0%B0%D1%80._%D0%93%D0%BE%D1%80%D1%8B,_%D0%BD%D0%B0%D1%85%D0%BE%D0%B4%D1%8F%D1%89%D0%B8%D0%B5%D1%81%D1%8F_%D1%81_%D0%B4%D1%80%D1%83%D0%B3%D0%BE%D0%B9,_%D0%BF%D1%80%D0%B0%D0%B2%D0%BE%D0%B9_%D1%81%D1%82%D0%BE%D1%80%D0%BE%D0%BD%D1%8B_%D0%9A%D0%BE%D0%BB%D1%8C%D1%81%D0%B0%D1%8F.jpg",https://thumb.wikimedia.org/wikipedia/commons/thumb/a/a8/%D0%9A%D3%A9%D0%BB%D1%81%D0%B0%D0%B9%D0%B4%D1%8B%D2%A3_%D1%82%D0%B5%D1%80%D1%96%D1%81%2C_%D0%BE%D2%A3_%D0%B6%D0%B0%D2%93%D1%8B%D0%BD%D0%B4%D0%B0%D2%93%D1%8B_%D1%82%D0%B0%D1%83%D0%BB%D0%B0%D1%80._%D0%93%D0%BE%D1%80%D1%8B%2C_%D0%BD%D0%B0%D1%85%D0%BE%D0%B4%D1%8F%D1%89%D0%B8%D0%B5%D1%81%D1%8F_%D1%81_%D0%B4%D1%80%D1%83%D0%B3%D0%BE%D0%B9%2C_%D0%BF%D1%80%D0%B0%D0%B2%D0%BE%D0%B9_%D1%81%D1%82%D0%BE%D1%80%D0%BE%D0%BD%D1%8B_%D0%9A%D0%BE%D0%BB%D1%8C%D1%81%D0%B0%D1%8F.jpg/330px-thumbnail.jpg?utm_source=commons.wikimedia.org&utm_campaign=imageinfo&utm_content=thumbnail
no,d34eac41-7ce1-4281-9fb9-05a4ee16f48d,Верхний Кольсай,water_body,"File:Көлсай, таулар және саяхатшы-әйел. Кольсай, горы и путешественница.jpg",2.21,"nearby, name",Aigerim Bekova,CC BY-SA 4.0,https://creativecommons.org/licenses/by-sa/4.0,4928,3264,"https://commons.wikimedia.org/wiki/File:%D0%9A%D3%A9%D0%BB%D1%81%D0%B0%D0%B9,_%D1%82%D0%B0%D1%83%D0%BB%D0%B0%D1%80_%D0%B6%D3%99%D0%BD%D0%B5_%D1%81%D0%B0%D1%8F%D1%85%D0%B0%D1%82%D1%88%D1%8B-%D3%99%D0%B9%D0%B5%D0%BB._%D0%9A%D0%BE%D0%BB%D1%8C%D1%81%D0%B0%D0%B9,_%D0%B3%D0%BE%D1%80%D1%8B_%D0%B8_%D0%BF%D1%83%D1%82%D0%B5%D1%88%D0%B5%D1%81%D1%82%D0%B2%D0%B5%D0%BD%D0%BD%D0%B8%D1%86%D0%B0.jpg",https://thumb.wikimedia.org/wikipedia/commons/thumb/c/c0/%D0%9A%D3%A9%D0%BB%D1%81%D0%B0%D0%B9%2C_%D1%82%D0%B0%D1%83%D0%BB%D0%B0%D1%80_%D0%B6%D3%99%D0%BD%D0%B5_%D1%81%D0%B0%D1%8F%D1%85%D0%B0%D1%82%D1%88%D1%8B-%D3%99%D0%B9%D0%B5%D0%BB._%D0%9A%D0%BE%D0%BB%D1%8C%D1%81%D0%B0%D0%B9%2C_%D0%B3%D0%BE%D1%80%D1%8B_%D0%B8_%D0%BF%D1%83%D1%82%D0%B5%D1%88%D0%B5%D1%81%D1%82%D0%B2%D0%B5%D0%BD%D0%BD%D0%B8%D1%86%D0%B0.jpg/330px-%D0%9A%D3%A9%D0%BB%D1%81%D0%B0%D0%B9%2C_%D1%82%D0%B0%D1%83%D0%BB%D0%B0%D1%80_%D0%B6%D3%99%D0%BD%D0%B5_%D1%81%D0%B0%D1%8F%D1%85%D0%B0%D1%82%D1%88%D1%8B-%D3%99%D0%B9%D0%B5%D0%BB._%D0%9A%D0%BE%D0%BB%D1%8C%D1%81%D0%B0%D0%B9%2C_%D0%B3%D0%BE%D1%80%D1%8B_%D0%B8_%D0%BF%D1%83%D1%82%D0%B5%D1%88%D0%B5%D1%81%D1%82%D0%B2%D0%B5%D0%BD%D0%BD%D0%B8%D1%86%D0%B0.jpg?utm_source=commons.wikimedia.org&utm_campaign=imageinfo&utm_content=thumbnail
1,d34eac41-7ce1-4281-9fb9-05a4ee16f48d,Верхний Кольсай,water_body,File:Верхнее Кольсай.jpg,2.14,"nearby, name",Yevgeniya2307,CC BY-SA 4.0,https://creativecommons.org/licenses/by-sa/4.0,4032,3024,https://commons.wikimedia.org/wiki/File:%D0%92%D0%B5%D1%80%D1%85%D0%BD%D0%B5%D0%B5_%D0%9A%D0%BE%D0%BB%D1%8C%D1%81%D0%B0%D0%B9.jpg,https://thumb.wikimedia.org/wikipedia/commons/thumb/2/28/%D0%92%D0%B5%D1%80%D1%85%D0%BD%D0%B5%D0%B5_%D0%9A%D0%BE%D0%BB%D1%8C%D1%81%D0%B0%D0%B9.jpg/330px-%D0%92%D0%B5%D1%80%D1%85%D0%BD%D0%B5%D0%B5_%D0%9A%D0%BE%D0%BB%D1%8C%D1%81%D0%B0%D0%B9.jpg?utm_source=commons.wikimedia.org&utm_campaign=imageinfo&utm_content=thumbnail
no,d34eac41-7ce1-4281-9fb9-05a4ee16f48d,Верхний Кольсай,water_body,File:Lk Kolsoy 2 - panoramio.jpg,0.67,nearby,Raki_Man,CC BY 3.0,https://creativecommons.org/licenses/by/3.0,1600,1200,https://commons.wikimedia.org/wiki/File:Lk_Kolsoy_2_-_panoramio.jpg,https://thumb.wikimedia.org/wikipedia/commons/thumb/2/21/Lk_Kolsoy_2_-_panoramio.jpg/330px-Lk_Kolsoy_2_-_panoramio.jpg?utm_source=commons.wikimedia.org&utm_campaign=imageinfo&utm_content=thumbnail
no,e3c4d0ab-627b-4a0d-b8c8-2793cb18576a,Витаминка,water_body,File:Eremias intermedia.jpg,0.66,nearby,Анатолий Озерной /Anatoliy Ozernoy,CC BY-SA 4.0,https://creativecommons.org/licenses/by-sa/4.0,2048,1366,https://commons.wikimedia.org/wiki/File:Eremias_intermedia.jpg,https://thumb.wikimedia.org/wikipedia/commons/thumb/b/bd/Eremias_intermedia.jpg/330px-Eremias_intermedia.jpg?utm_source=commons.wikimedia.org&utm_campaign=imageinfo&utm_content=thumbnail
no,e3c4d0ab-627b-4a0d-b8c8-2793cb18576a,Витаминка,water_body,"File:Unnamed Road, Kazakhstan - panoramio - Anton Yefimov (2).jpg",0.58,nearby,Anton Yefimov,CC BY 3.0,https://creativecommons.org/licenses/by/3.0,2048,1536,"https://commons.wikimedia.org/wiki/File:Unnamed_Road,_Kazakhstan_-_panoramio_-_Anton_Yefimov_(2).jpg",https://thumb.wikimedia.org/wikipedia/commons/thumb/8/83/Unnamed_Road%2C_Kazakhstan_-_panoramio_-_Anton_Yefimov_%282%29.jpg/330px-Unnamed_Road%2C_Kazakhstan_-_panoramio_-_Anton_Yefimov_%282%29.jpg?utm_source=commons.wikimedia.org&utm_campaign=imageinfo&utm_content=thumbnail
no,e3c4d0ab-627b-4a0d-b8c8-2793cb18576a,Витаминка,water_body,File:Пляж - panoramio - Anton Yefimov (2).jpg,0.57,nearby,Anton Yefimov,CC BY 3.0,https://creativecommons.org/licenses/by/3.0,2048,1536,https://commons.wikimedia.org/wiki/File:%D0%9F%D0%BB%D1%8F%D0%B6_-_panoramio_-_Anton_Yefimov_(2).jpg,https://thumb.wikimedia.org/wikipedia/commons/thumb/9/9c/%D0%9F%D0%BB%D1%8F%D0%B6_-_panoramio_-_Anton_Yefimov_%282%29.jpg/330px-%D0%9F%D0%BB%D1%8F%D0%B6_-_panoramio_-_Anton_Yefimov_%282%29.jpg?utm_source=commons.wikimedia.org&utm_campaign=imageinfo&utm_content=thumbnail
no,e3c4d0ab-627b-4a0d-b8c8-2793cb18576a,Витаминка,water_body,"File:Unnamed Road, Kazakhstan - panoramio - Anton Yefimov (1).jpg",0.56,nearby,Anton Yefimov,CC BY 3.0,https://creativecommons.org/licenses/by/3.0,2048,1536,"https://commons.wikimedia.org/wiki/File:Unnamed_Road,_Kazakhstan_-_panoramio_-_Anton_Yefimov_(1).jpg",https://thumb.wikimedia.org/wikipedia/commons/thumb/d/d5/Unnamed_Road%2C_Kazakhstan_-_panoramio_-_Anton_Yefimov_%281%29.jpg/330px-Unnamed_Road%2C_Kazakhstan_-_panoramio_-_Anton_Yefimov_%281%29.jpg?utm_source=commons.wikimedia.org&utm_campaign=imageinfo&utm_content=thumbnail
1,e3c4d0ab-627b-4a0d-b8c8-2793cb18576a,Витаминка,water_body,File:Капчагайское водохранилище - panoramio.jpg,0.56,nearby,Anton Yefimov,CC BY 3.0,https://creativecommons.org/licenses/by/3.0,2048,1536,https://commons.wikimedia.org/wiki/File:%D0%9A%D0%B0%D0%BF%D1%87%D0%B0%D0%B3%D0%B0%D0%B9%D1%81%D0%BA%D0%BE%D0%B5_%D0%B2%D0%BE%D0%B4%D0%BE%D1%85%D1%80%D0%B0%D0%BD%D0%B8%D0%BB%D0%B8%D1%89%D0%B5_-_panoramio.jpg,https://thumb.wikimedia.org/wikipedia/commons/thumb/c/cf/%D0%9A%D0%B0%D0%BF%D1%87%D0%B0%D0%B3%D0%B0%D0%B9%D1%81%D0%BA%D0%BE%D0%B5_%D0%B2%D0%BE%D0%B4%D0%BE%D1%85%D1%80%D0%B0%D0%BD%D0%B8%D0%BB%D0%B8%D1%89%D0%B5_-_panoramio.jpg/330px-%D0%9A%D0%B0%D0%BF%D1%87%D0%B0%D0%B3%D0%B0%D0%B9%D1%81%D0%BA%D0%BE%D0%B5_%D0%B2%D0%BE%D0%B4%D0%BE%D1%85%D1%80%D0%B0%D0%BD%D0%B8%D0%BB%D0%B8%D1%89%D0%B5_-_panoramio.jpg?utm_source=commons.wikimedia.org&utm_campaign=imageinfo&utm_content=thumbnail
no,e3c4d0ab-627b-4a0d-b8c8-2793cb18576a,Витаминка,water_body,File:Пляж - panoramio - Anton Yefimov.jpg,0.55,nearby,Anton Yefimov,CC BY 3.0,https://creativecommons.org/licenses/by/3.0,2048,1536,https://commons.wikimedia.org/wiki/File:%D0%9F%D0%BB%D1%8F%D0%B6_-_panoramio_-_Anton_Yefimov.jpg,https://thumb.wikimedia.org/wikipedia/commons/thumb/e/e1/%D0%9F%D0%BB%D1%8F%D0%B6_-_panoramio_-_Anton_Yefimov.jpg/330px-%D0%9F%D0%BB%D1%8F%D0%B6_-_panoramio_-_Anton_Yefimov.jpg?utm_source=commons.wikimedia.org&utm_campaign=imageinfo&utm_content=thumbnail
no,e3c4d0ab-627b-4a0d-b8c8-2793cb18576a,Витаминка,water_body,File:Cheiracanthium virescens male frontal.jpg,0.55,nearby,talgar-t64,CC BY-SA 4.0,https://creativecommons.org/licenses/by-sa/4.0,2048,1536,https://commons.wikimedia.org/wiki/File:Cheiracanthium_virescens_male_frontal.jpg,https://thumb.wikimedia.org/wikipedia/commons/thumb/2/22/Cheiracanthium_virescens_male_frontal.jpg/330px-Cheiracanthium_virescens_male_frontal.jpg?utm_source=commons.wikimedia.org&utm_campaign=imageinfo&utm_content=thumbnail
2,e3c4d0ab-627b-4a0d-b8c8-2793cb18576a,Витаминка,water_body,File:Пляж - panoramio - Anton Yefimov (1).jpg,0.53,nearby,Anton Yefimov,CC BY 3.0,https://creativecommons.org/licenses/by/3.0,2048,1536,https://commons.wikimedia.org/wiki/File:%D0%9F%D0%BB%D1%8F%D0%B6_-_panoramio_-_Anton_Yefimov_(1).jpg,https://thumb.wikimedia.org/wikipedia/commons/thumb/7/7f/%D0%9F%D0%BB%D1%8F%D0%B6_-_panoramio_-_Anton_Yefimov_%281%29.jpg/330px-%D0%9F%D0%BB%D1%8F%D0%B6_-_panoramio_-_Anton_Yefimov_%281%29.jpg?utm_source=commons.wikimedia.org&utm_campaign=imageinfo&utm_content=thumbnail
no,e3c4d0ab-627b-4a0d-b8c8-2793cb18576a,Витаминка,water_body,File:Юбилейная тарелка к 30-летию образования ГДР.jpg,0.53,nearby,Kalabaha1969,CC0,http://creativecommons.org/publicdomain/zero/1.0/deed.en,3120,2990,https://commons.wikimedia.org/wiki/File:%D0%AE%D0%B1%D0%B8%D0%BB%D0%B5%D0%B9%D0%BD%D0%B0%D1%8F_%D1%82%D0%B0%D1%80%D0%B5%D0%BB%D0%BA%D0%B0_%D0%BA_30-%D0%BB%D0%B5%D1%82%D0%B8%D1%8E_%D0%BE%D0%B1%D1%80%D0%B0%D0%B7%D0%BE%D0%B2%D0%B0%D0%BD%D0%B8%D1%8F_%D0%93%D0%94%D0%A0.jpg,https://thumb.wikimedia.org/wikipedia/commons/thumb/a/af/%D0%AE%D0%B1%D0%B8%D0%BB%D0%B5%D0%B9%D0%BD%D0%B0%D1%8F_%D1%82%D0%B0%D1%80%D0%B5%D0%BB%D0%BA%D0%B0_%D0%BA_30-%D0%BB%D0%B5%D1%82%D0%B8%D1%8E_%D0%BE%D0%B1%D1%80%D0%B0%D0%B7%D0%BE%D0%B2%D0%B0%D0%BD%D0%B8%D1%8F_%D0%93%D0%94%D0%A0.jpg/330px-%D0%AE%D0%B1%D0%B8%D0%BB%D0%B5%D0%B9%D0%BD%D0%B0%D1%8F_%D1%82%D0%B0%D1%80%D0%B5%D0%BB%D0%BA%D0%B0_%D0%BA_30-%D0%BB%D0%B5%D1%82%D0%B8%D1%8E_%D0%BE%D0%B1%D1%80%D0%B0%D0%B7%D0%BE%D0%B2%D0%B0%D0%BD%D0%B8%D1%8F_%D0%93%D0%94%D0%A0.jpg?utm_source=commons.wikimedia.org&utm_campaign=imageinfo&utm_content=thumbnail
no,e3c4d0ab-627b-4a0d-b8c8-2793cb18576a,Витаминка,water_body,File:ЗО Наргиз - panoramio.jpg,0.52,nearby,ElSoft,CC BY 3.0,https://creativecommons.org/licenses/by/3.0,3264,2448,https://commons.wikimedia.org/wiki/File:%D0%97%D0%9E_%D0%9D%D0%B0%D1%80%D0%B3%D0%B8%D0%B7_-_panoramio.jpg,https://thumb.wikimedia.org/wikipedia/commons/thumb/7/78/%D0%97%D0%9E_%D0%9D%D0%B0%D1%80%D0%B3%D0%B8%D0%B7_-_panoramio.jpg/330px-%D0%97%D0%9E_%D0%9D%D0%B0%D1%80%D0%B3%D0%B8%D0%B7_-_panoramio.jpg?utm_source=commons.wikimedia.org&utm_campaign=imageinfo&utm_content=thumbnail
no,e3c4d0ab-627b-4a0d-b8c8-2793cb18576a,Витаминка,water_body,File:ЗО Наргиз - panoramio (3).jpg,0.52,nearby,ElSoft,CC BY 3.0,https://creativecommons.org/licenses/by/3.0,3264,2448,https://commons.wikimedia.org/wiki/File:%D0%97%D0%9E_%D0%9D%D0%B0%D1%80%D0%B3%D0%B8%D0%B7_-_panoramio_(3).jpg,https://thumb.wikimedia.org/wikipedia/commons/thumb/7/79/%D0%97%D0%9E_%D0%9D%D0%B0%D1%80%D0%B3%D0%B8%D0%B7_-_panoramio_%283%29.jpg/330px-%D0%97%D0%9E_%D0%9D%D0%B0%D1%80%D0%B3%D0%B8%D0%B7_-_panoramio_%283%29.jpg?utm_source=commons.wikimedia.org&utm_campaign=imageinfo&utm_content=thumbnail
no,e3c4d0ab-627b-4a0d-b8c8-2793cb18576a,Витаминка,water_body,File:ЗО Наргиз - panoramio (1).jpg,0.52,nearby,ElSoft,CC BY 3.0,https://creativecommons.org/licenses/by/3.0,3264,2448,https://commons.wikimedia.org/wiki/File:%D0%97%D0%9E_%D0%9D%D0%B0%D1%80%D0%B3%D0%B8%D0%B7_-_panoramio_(1).jpg,https://thumb.wikimedia.org/wikipedia/commons/thumb/d/db/%D0%97%D0%9E_%D0%9D%D0%B0%D1%80%D0%B3%D0%B8%D0%B7_-_panoramio_%281%29.jpg/330px-%D0%97%D0%9E_%D0%9D%D0%B0%D1%80%D0%B3%D0%B8%D0%B7_-_panoramio_%281%29.jpg?utm_source=commons.wikimedia.org&utm_campaign=imageinfo&utm_content=thumbnail
no,9e10e0ff-c699-4989-be14-d5c8ef127014,Водохранилище Ащыбулак,water_body,File:ISS052-E-72259 - View of Earth.jpg,0.78,nearby,"Earth Science and Remote Sensing Unit, Lyndon B. Johnson Space Center",Public domain,,4928,3280,https://commons.wikimedia.org/wiki/File:ISS052-E-72259_-_View_of_Earth.jpg,https://thumb.wikimedia.org/wikipedia/commons/thumb/1/1f/ISS052-E-72259_-_View_of_Earth.jpg/330px-ISS052-E-72259_-_View_of_Earth.jpg?utm_source=commons.wikimedia.org&utm_campaign=imageinfo&utm_content=thumbnail
no,9e10e0ff-c699-4989-be14-d5c8ef127014,Водохранилище Ащыбулак,water_body,File:ISS052-E-72260 - View of Earth.jpg,0.78,nearby,"Earth Science and Remote Sensing Unit, Lyndon B. Johnson Space Center",Public domain,,4928,3280,https://commons.wikimedia.org/wiki/File:ISS052-E-72260_-_View_of_Earth.jpg,https://thumb.wikimedia.org/wikipedia/commons/thumb/7/70/ISS052-E-72260_-_View_of_Earth.jpg/330px-ISS052-E-72260_-_View_of_Earth.jpg?utm_source=commons.wikimedia.org&utm_campaign=imageinfo&utm_content=thumbnail
no,9e10e0ff-c699-4989-be14-d5c8ef127014,Водохранилище Ащыбулак,water_body,"File:Cheirodes dentipes (Ballion, 1878) (28356702646).png",0.60,nearby,Udo Schmidt from Deutschland,CC BY-SA 2.0,https://creativecommons.org/licenses/by-sa/2.0,2243,1748,"https://commons.wikimedia.org/wiki/File:Cheirodes_dentipes_(Ballion,_1878)_(28356702646).png",https://thumb.wikimedia.org/wikipedia/commons/thumb/c/c0/Cheirodes_dentipes_%28Ballion%2C_1878%29_%2828356702646%29.png/330px-Cheirodes_dentipes_%28Ballion%2C_1878%29_%2828356702646%29.png?utm_source=commons.wikimedia.org&utm_campaign=imageinfo&utm_content=thumbnail
no,ff1ce3bb-c469-4c5b-a21e-ed61fa3ff0d5,Егез Коль,water_body,"File:НП Кольсайские озера, озеро Каинды, 2023-05-07 21.jpg",2.48,"nearby, name",Bok,CC BY-SA 4.0,https://creativecommons.org/licenses/by-sa/4.0,4624,3472,"https://commons.wikimedia.org/wiki/File:%D0%9D%D0%9F_%D0%9A%D0%BE%D0%BB%D1%8C%D1%81%D0%B0%D0%B9%D1%81%D0%BA%D0%B8%D0%B5_%D0%BE%D0%B7%D0%B5%D1%80%D0%B0,_%D0%BE%D0%B7%D0%B5%D1%80%D0%BE_%D0%9A%D0%B0%D0%B8%D0%BD%D0%B4%D1%8B,_2023-05-07_21.jpg",https://thumb.wikimedia.org/wikipedia/commons/thumb/7/72/%D0%9D%D0%9F_%D0%9A%D0%BE%D0%BB%D1%8C%D1%81%D0%B0%D0%B9%D1%81%D0%BA%D0%B8%D0%B5_%D0%BE%D0%B7%D0%B5%D1%80%D0%B0%2C_%D0%BE%D0%B7%D0%B5%D1%80%D0%BE_%D0%9A%D0%B0%D0%B8%D0%BD%D0%B4%D1%8B%2C_2023-05-07_21.jpg/330px-%D0%9D%D0%9F_%D0%9A%D0%BE%D0%BB%D1%8C%D1%81%D0%B0%D0%B9%D1%81%D0%BA%D0%B8%D0%B5_%D0%BE%D0%B7%D0%B5%D1%80%D0%B0%2C_%D0%BE%D0%B7%D0%B5%D1%80%D0%BE_%D0%9A%D0%B0%D0%B8%D0%BD%D0%B4%D1%8B%2C_2023-05-07_21.jpg?utm_source=commons.wikimedia.org&utm_campaign=imageinfo&utm_content=thumbnail
no,ff1ce3bb-c469-4c5b-a21e-ed61fa3ff0d5,Егез Коль,water_body,"File:НП Кольсайские озера, озеро Каинды, 2023-05-07 23.jpg",2.45,"nearby, name",Bok,CC BY-SA 4.0,https://creativecommons.org/licenses/by-sa/4.0,3472,4624,"https://commons.wikimedia.org/wiki/File:%D0%9D%D0%9F_%D0%9A%D0%BE%D0%BB%D1%8C%D1%81%D0%B0%D0%B9%D1%81%D0%BA%D0%B8%D0%B5_%D0%BE%D0%B7%D0%B5%D1%80%D0%B0,_%D0%BE%D0%B7%D0%B5%D1%80%D0%BE_%D0%9A%D0%B0%D0%B8%D0%BD%D0%B4%D1%8B,_2023-05-07_23.jpg",https://thumb.wikimedia.org/wikipedia/commons/thumb/9/9d/%D0%9D%D0%9F_%D0%9A%D0%BE%D0%BB%D1%8C%D1%81%D0%B0%D0%B9%D1%81%D0%BA%D0%B8%D0%B5_%D0%BE%D0%B7%D0%B5%D1%80%D0%B0%2C_%D0%BE%D0%B7%D0%B5%D1%80%D0%BE_%D0%9A%D0%B0%D0%B8%D0%BD%D0%B4%D1%8B%2C_2023-05-07_23.jpg/330px-%D0%9D%D0%9F_%D0%9A%D0%BE%D0%BB%D1%8C%D1%81%D0%B0%D0%B9%D1%81%D0%BA%D0%B8%D0%B5_%D0%BE%D0%B7%D0%B5%D1%80%D0%B0%2C_%D0%BE%D0%B7%D0%B5%D1%80%D0%BE_%D0%9A%D0%B0%D0%B8%D0%BD%D0%B4%D1%8B%2C_2023-05-07_23.jpg?utm_source=commons.wikimedia.org&utm_campaign=imageinfo&utm_content=thumbnail
no,ff1ce3bb-c469-4c5b-a21e-ed61fa3ff0d5,Егез Коль,water_body,"File:НП Кольсайские озера, озеро Каинды, 2023-05-07 15.jpg",2.45,"nearby, name",Bok,CC BY-SA 4.0,https://creativecommons.org/licenses/by-sa/4.0,3472,4624,"https://commons.wikimedia.org/wiki/File:%D0%9D%D0%9F_%D0%9A%D0%BE%D0%BB%D1%8C%D1%81%D0%B0%D0%B9%D1%81%D0%BA%D0%B8%D0%B5_%D0%BE%D0%B7%D0%B5%D1%80%D0%B0,_%D0%BE%D0%B7%D0%B5%D1%80%D0%BE_%D0%9A%D0%B0%D0%B8%D0%BD%D0%B4%D1%8B,_2023-05-07_15.jpg",https://thumb.wikimedia.org/wikipedia/commons/thumb/9/95/%D0%9D%D0%9F_%D0%9A%D0%BE%D0%BB%D1%8C%D1%81%D0%B0%D0%B9%D1%81%D0%BA%D0%B8%D0%B5_%D0%BE%D0%B7%D0%B5%D1%80%D0%B0%2C_%D0%BE%D0%B7%D0%B5%D1%80%D0%BE_%D0%9A%D0%B0%D0%B8%D0%BD%D0%B4%D1%8B%2C_2023-05-07_15.jpg/330px-%D0%9D%D0%9F_%D0%9A%D0%BE%D0%BB%D1%8C%D1%81%D0%B0%D0%B9%D1%81%D0%BA%D0%B8%D0%B5_%D0%BE%D0%B7%D0%B5%D1%80%D0%B0%2C_%D0%BE%D0%B7%D0%B5%D1%80%D0%BE_%D0%9A%D0%B0%D0%B8%D0%BD%D0%B4%D1%8B%2C_2023-05-07_15.jpg?utm_source=commons.wikimedia.org&utm_campaign=imageinfo&utm_content=thumbnail
no,ff1ce3bb-c469-4c5b-a21e-ed61fa3ff0d5,Егез Коль,water_body,"File:НП Кольсайские озера, озеро Каинды, 2023-05-07 16.jpg",2.45,"nearby, name",Bok,CC BY-SA 4.0,https://creativecommons.org/licenses/by-sa/4.0,3472,4151,"https://commons.wikimedia.org/wiki/File:%D0%9D%D0%9F_%D0%9A%D0%BE%D0%BB%D1%8C%D1%81%D0%B0%D0%B9%D1%81%D0%BA%D0%B8%D0%B5_%D0%BE%D0%B7%D0%B5%D1%80%D0%B0,_%D0%BE%D0%B7%D0%B5%D1%80%D0%BE_%D0%9A%D0%B0%D0%B8%D0%BD%D0%B4%D1%8B,_2023-05-07_16.jpg",https://thumb.wikimedia.org/wikipedia/commons/thumb/8/88/%D0%9D%D0%9F_%D0%9A%D0%BE%D0%BB%D1%8C%D1%81%D0%B0%D0%B9%D1%81%D0%BA%D0%B8%D0%B5_%D0%BE%D0%B7%D0%B5%D1%80%D0%B0%2C_%D0%BE%D0%B7%D0%B5%D1%80%D0%BE_%D0%9A%D0%B0%D0%B8%D0%BD%D0%B4%D1%8B%2C_2023-05-07_16.jpg/330px-%D0%9D%D0%9F_%D0%9A%D0%BE%D0%BB%D1%8C%D1%81%D0%B0%D0%B9%D1%81%D0%BA%D0%B8%D0%B5_%D0%BE%D0%B7%D0%B5%D1%80%D0%B0%2C_%D0%BE%D0%B7%D0%B5%D1%80%D0%BE_%D0%9A%D0%B0%D0%B8%D0%BD%D0%B4%D1%8B%2C_2023-05-07_16.jpg?utm_source=commons.wikimedia.org&utm_campaign=imageinfo&utm_content=thumbnail
no,ff1ce3bb-c469-4c5b-a21e-ed61fa3ff0d5,Егез Коль,water_body,"File:НП Кольсайские озера, озеро Каинды, 2023-05-07 18.jpg",2.44,"nearby, name",Bok,CC BY-SA 4.0,https://creativecommons.org/licenses/by-sa/4.0,3472,4624,"https://commons.wikimedia.org/wiki/File:%D0%9D%D0%9F_%D0%9A%D0%BE%D0%BB%D1%8C%D1%81%D0%B0%D0%B9%D1%81%D0%BA%D0%B8%D0%B5_%D0%BE%D0%B7%D0%B5%D1%80%D0%B0,_%D0%BE%D0%B7%D0%B5%D1%80%D0%BE_%D0%9A%D0%B0%D0%B8%D0%BD%D0%B4%D1%8B,_2023-05-07_18.jpg",https://thumb.wikimedia.org/wikipedia/commons/thumb/e/e8/%D0%9D%D0%9F_%D0%9A%D0%BE%D0%BB%D1%8C%D1%81%D0%B0%D0%B9%D1%81%D0%BA%D0%B8%D0%B5_%D0%BE%D0%B7%D0%B5%D1%80%D0%B0%2C_%D0%BE%D0%B7%D0%B5%D1%80%D0%BE_%D0%9A%D0%B0%D0%B8%D0%BD%D0%B4%D1%8B%2C_2023-05-07_18.jpg/330px-%D0%9D%D0%9F_%D0%9A%D0%BE%D0%BB%D1%8C%D1%81%D0%B0%D0%B9%D1%81%D0%BA%D0%B8%D0%B5_%D0%BE%D0%B7%D0%B5%D1%80%D0%B0%2C_%D0%BE%D0%B7%D0%B5%D1%80%D0%BE_%D0%9A%D0%B0%D0%B8%D0%BD%D0%B4%D1%8B%2C_2023-05-07_18.jpg?utm_source=commons.wikimedia.org&utm_campaign=imageinfo&utm_content=thumbnail
no,ff1ce3bb-c469-4c5b-a21e-ed61fa3ff0d5,Егез Коль,water_body,"File:НП Кольсайские озера, озеро Каинды, 2023-05-07 19.jpg",2.44,"nearby, name",Bok,CC BY-SA 4.0,https://creativecommons.org/licenses/by-sa/4.0,3472,4624,"https://commons.wikimedia.org/wiki/File:%D0%9D%D0%9F_%D0%9A%D0%BE%D0%BB%D1%8C%D1%81%D0%B0%D0%B9%D1%81%D0%BA%D0%B8%D0%B5_%D0%BE%D0%B7%D0%B5%D1%80%D0%B0,_%D0%BE%D0%B7%D0%B5%D1%80%D0%BE_%D0%9A%D0%B0%D0%B8%D0%BD%D0%B4%D1%8B,_2023-05-07_19.jpg",https://thumb.wikimedia.org/wikipedia/commons/thumb/a/ab/%D0%9D%D0%9F_%D0%9A%D0%BE%D0%BB%D1%8C%D1%81%D0%B0%D0%B9%D1%81%D0%BA%D0%B8%D0%B5_%D0%BE%D0%B7%D0%B5%D1%80%D0%B0%2C_%D0%BE%D0%B7%D0%B5%D1%80%D0%BE_%D0%9A%D0%B0%D0%B8%D0%BD%D0%B4%D1%8B%2C_2023-05-07_19.jpg/330px-%D0%9D%D0%9F_%D0%9A%D0%BE%D0%BB%D1%8C%D1%81%D0%B0%D0%B9%D1%81%D0%BA%D0%B8%D0%B5_%D0%BE%D0%B7%D0%B5%D1%80%D0%B0%2C_%D0%BE%D0%B7%D0%B5%D1%80%D0%BE_%D0%9A%D0%B0%D0%B8%D0%BD%D0%B4%D1%8B%2C_2023-05-07_19.jpg?utm_source=commons.wikimedia.org&utm_campaign=imageinfo&utm_content=thumbnail
no,ff1ce3bb-c469-4c5b-a21e-ed61fa3ff0d5,Егез Коль,water_body,"File:НП Кольсайские озера, озеро Каинды, 2023-05-07 17.jpg",2.44,"nearby, name",Bok,CC BY-SA 4.0,https://creativecommons.org/licenses/by-sa/4.0,4624,3472,"https://commons.wikimedia.org/wiki/File:%D0%9D%D0%9F_%D0%9A%D0%BE%D0%BB%D1%8C%D1%81%D0%B0%D0%B9%D1%81%D0%BA%D0%B8%D0%B5_%D0%BE%D0%B7%D0%B5%D1%80%D0%B0,_%D0%BE%D0%B7%D0%B5%D1%80%D0%BE_%D0%9A%D0%B0%D0%B8%D0%BD%D0%B4%D1%8B,_2023-05-07_17.jpg",https://thumb.wikimedia.org/wikipedia/commons/thumb/c/c9/%D0%9D%D0%9F_%D0%9A%D0%BE%D0%BB%D1%8C%D1%81%D0%B0%D0%B9%D1%81%D0%BA%D0%B8%D0%B5_%D0%BE%D0%B7%D0%B5%D1%80%D0%B0%2C_%D0%BE%D0%B7%D0%B5%D1%80%D0%BE_%D0%9A%D0%B0%D0%B8%D0%BD%D0%B4%D1%8B%2C_2023-05-07_17.jpg/330px-%D0%9D%D0%9F_%D0%9A%D0%BE%D0%BB%D1%8C%D1%81%D0%B0%D0%B9%D1%81%D0%BA%D0%B8%D0%B5_%D0%BE%D0%B7%D0%B5%D1%80%D0%B0%2C_%D0%BE%D0%B7%D0%B5%D1%80%D0%BE_%D0%9A%D0%B0%D0%B8%D0%BD%D0%B4%D1%8B%2C_2023-05-07_17.jpg?utm_source=commons.wikimedia.org&utm_campaign=imageinfo&utm_content=thumbnail
no,ff1ce3bb-c469-4c5b-a21e-ed61fa3ff0d5,Егез Коль,water_body,"File:НП Кольсайские озера, озеро Каинды, 2023-05-07 25.jpg",2.44,"nearby, name",Bok,CC BY-SA 4.0,https://creativecommons.org/licenses/by-sa/4.0,4624,3472,"https://commons.wikimedia.org/wiki/File:%D0%9D%D0%9F_%D0%9A%D0%BE%D0%BB%D1%8C%D1%81%D0%B0%D0%B9%D1%81%D0%BA%D0%B8%D0%B5_%D0%BE%D0%B7%D0%B5%D1%80%D0%B0,_%D0%BE%D0%B7%D0%B5%D1%80%D0%BE_%D0%9A%D0%B0%D0%B8%D0%BD%D0%B4%D1%8B,_2023-05-07_25.jpg",https://thumb.wikimedia.org/wikipedia/commons/thumb/0/0c/%D0%9D%D0%9F_%D0%9A%D0%BE%D0%BB%D1%8C%D1%81%D0%B0%D0%B9%D1%81%D0%BA%D0%B8%D0%B5_%D0%BE%D0%B7%D0%B5%D1%80%D0%B0%2C_%D0%BE%D0%B7%D0%B5%D1%80%D0%BE_%D0%9A%D0%B0%D0%B8%D0%BD%D0%B4%D1%8B%2C_2023-05-07_25.jpg/330px-%D0%9D%D0%9F_%D0%9A%D0%BE%D0%BB%D1%8C%D1%81%D0%B0%D0%B9%D1%81%D0%BA%D0%B8%D0%B5_%D0%BE%D0%B7%D0%B5%D1%80%D0%B0%2C_%D0%BE%D0%B7%D0%B5%D1%80%D0%BE_%D0%9A%D0%B0%D0%B8%D0%BD%D0%B4%D1%8B%2C_2023-05-07_25.jpg?utm_source=commons.wikimedia.org&utm_campaign=imageinfo&utm_content=thumbnail
no,ff1ce3bb-c469-4c5b-a21e-ed61fa3ff0d5,Егез Коль,water_body,"File:НП Кольсайские озера, озеро Каинды, 2023-05-07 20.jpg",2.44,"nearby, name",Bok,CC BY-SA 4.0,https://creativecommons.org/licenses/by-sa/4.0,4624,3472,"https://commons.wikimedia.org/wiki/File:%D0%9D%D0%9F_%D0%9A%D0%BE%D0%BB%D1%8C%D1%81%D0%B0%D0%B9%D1%81%D0%BA%D0%B8%D0%B5_%D0%BE%D0%B7%D0%B5%D1%80%D0%B0,_%D0%BE%D0%B7%D0%B5%D1%80%D0%BE_%D0%9A%D0%B0%D0%B8%D0%BD%D0%B4%D1%8B,_2023-05-07_20.jpg",https://thumb.wikimedia.org/wikipedia/commons/thumb/1/11/%D0%9D%D0%9F_%D0%9A%D0%BE%D0%BB%D1%8C%D1%81%D0%B0%D0%B9%D1%81%D0%BA%D0%B8%D0%B5_%D0%BE%D0%B7%D0%B5%D1%80%D0%B0%2C_%D0%BE%D0%B7%D0%B5%D1%80%D0%BE_%D0%9A%D0%B0%D0%B8%D0%BD%D0%B4%D1%8B%2C_2023-05-07_20.jpg/330px-%D0%9D%D0%9F_%D0%9A%D0%BE%D0%BB%D1%8C%D1%81%D0%B0%D0%B9%D1%81%D0%BA%D0%B8%D0%B5_%D0%BE%D0%B7%D0%B5%D1%80%D0%B0%2C_%D0%BE%D0%B7%D0%B5%D1%80%D0%BE_%D0%9A%D0%B0%D0%B8%D0%BD%D0%B4%D1%8B%2C_2023-05-07_20.jpg?utm_source=commons.wikimedia.org&utm_campaign=imageinfo&utm_content=thumbnail
no,ff1ce3bb-c469-4c5b-a21e-ed61fa3ff0d5,Егез Коль,water_body,"File:НП Кольсайские озера, озеро Каинды, 2023-05-07 24.jpg",2.44,"nearby, name",Bok,CC BY-SA 4.0,https://creativecommons.org/licenses/by-sa/4.0,4624,3472,"https://commons.wikimedia.org/wiki/File:%D0%9D%D0%9F_%D0%9A%D0%BE%D0%BB%D1%8C%D1%81%D0%B0%D0%B9%D1%81%D0%BA%D0%B8%D0%B5_%D0%BE%D0%B7%D0%B5%D1%80%D0%B0,_%D0%BE%D0%B7%D0%B5%D1%80%D0%BE_%D0%9A%D0%B0%D0%B8%D0%BD%D0%B4%D1%8B,_2023-05-07_24.jpg",https://thumb.wikimedia.org/wikipedia/commons/thumb/d/d3/%D0%9D%D0%9F_%D0%9A%D0%BE%D0%BB%D1%8C%D1%81%D0%B0%D0%B9%D1%81%D0%BA%D0%B8%D0%B5_%D0%BE%D0%B7%D0%B5%D1%80%D0%B0%2C_%D0%BE%D0%B7%D0%B5%D1%80%D0%BE_%D0%9A%D0%B0%D0%B8%D0%BD%D0%B4%D1%8B%2C_2023-05-07_24.jpg/330px-%D0%9D%D0%9F_%D0%9A%D0%BE%D0%BB%D1%8C%D1%81%D0%B0%D0%B9%D1%81%D0%BA%D0%B8%D0%B5_%D0%BE%D0%B7%D0%B5%D1%80%D0%B0%2C_%D0%BE%D0%B7%D0%B5%D1%80%D0%BE_%D0%9A%D0%B0%D0%B8%D0%BD%D0%B4%D1%8B%2C_2023-05-07_24.jpg?utm_source=commons.wikimedia.org&utm_campaign=imageinfo&utm_content=thumbnail
no,ff1ce3bb-c469-4c5b-a21e-ed61fa3ff0d5,Егез Коль,water_body,"File:НП Кольсайские озера, озеро Каинды, 2023-05-07 13.jpg",2.44,"nearby, name",Bok,CC BY-SA 4.0,https://creativecommons.org/licenses/by-sa/4.0,4624,3472,"https://commons.wikimedia.org/wiki/File:%D0%9D%D0%9F_%D0%9A%D0%BE%D0%BB%D1%8C%D1%81%D0%B0%D0%B9%D1%81%D0%BA%D0%B8%D0%B5_%D0%BE%D0%B7%D0%B5%D1%80%D0%B0,_%D0%BE%D0%B7%D0%B5%D1%80%D0%BE_%D0%9A%D0%B0%D0%B8%D0%BD%D0%B4%D1%8B,_2023-05-07_13.jpg",https://thumb.wikimedia.org/wikipedia/commons/thumb/9/92/%D0%9D%D0%9F_%D0%9A%D0%BE%D0%BB%D1%8C%D1%81%D0%B0%D0%B9%D1%81%D0%BA%D0%B8%D0%B5_%D0%BE%D0%B7%D0%B5%D1%80%D0%B0%2C_%D0%BE%D0%B7%D0%B5%D1%80%D0%BE_%D0%9A%D0%B0%D0%B8%D0%BD%D0%B4%D1%8B%2C_2023-05-07_13.jpg/330px-%D0%9D%D0%9F_%D0%9A%D0%BE%D0%BB%D1%8C%D1%81%D0%B0%D0%B9%D1%81%D0%BA%D0%B8%D0%B5_%D0%BE%D0%B7%D0%B5%D1%80%D0%B0%2C_%D0%BE%D0%B7%D0%B5%D1%80%D0%BE_%D0%9A%D0%B0%D0%B8%D0%BD%D0%B4%D1%8B%2C_2023-05-07_13.jpg?utm_source=commons.wikimedia.org&utm_campaign=imageinfo&utm_content=thumbnail
no,ff1ce3bb-c469-4c5b-a21e-ed61fa3ff0d5,Егез Коль,water_body,"File:НП Кольсайские озера, озеро Каинды, 2023-05-07 06.jpg",2.43,"nearby, name",Bok,CC BY-SA 4.0,https://creativecommons.org/licenses/by-sa/4.0,4624,3472,"https://commons.wikimedia.org/wiki/File:%D0%9D%D0%9F_%D0%9A%D0%BE%D0%BB%D1%8C%D1%81%D0%B0%D0%B9%D1%81%D0%BA%D0%B8%D0%B5_%D0%BE%D0%B7%D0%B5%D1%80%D0%B0,_%D0%BE%D0%B7%D0%B5%D1%80%D0%BE_%D0%9A%D0%B0%D0%B8%D0%BD%D0%B4%D1%8B,_2023-05-07_06.jpg",https://thumb.wikimedia.org/wikipedia/commons/thumb/8/89/%D0%9D%D0%9F_%D0%9A%D0%BE%D0%BB%D1%8C%D1%81%D0%B0%D0%B9%D1%81%D0%BA%D0%B8%D0%B5_%D0%BE%D0%B7%D0%B5%D1%80%D0%B0%2C_%D0%BE%D0%B7%D0%B5%D1%80%D0%BE_%D0%9A%D0%B0%D0%B8%D0%BD%D0%B4%D1%8B%2C_2023-05-07_06.jpg/330px-%D0%9D%D0%9F_%D0%9A%D0%BE%D0%BB%D1%8C%D1%81%D0%B0%D0%B9%D1%81%D0%BA%D0%B8%D0%B5_%D0%BE%D0%B7%D0%B5%D1%80%D0%B0%2C_%D0%BE%D0%B7%D0%B5%D1%80%D0%BE_%D0%9A%D0%B0%D0%B8%D0%BD%D0%B4%D1%8B%2C_2023-05-07_06.jpg?utm_source=commons.wikimedia.org&utm_campaign=imageinfo&utm_content=thumbnail
no,7b59a4eb-379f-43e2-9496-498c3fd5f0ec,Емеген,water_body,File:Ущелье - panoramio.jpg,0.74,nearby,Anton Yefimov,CC BY 3.0,https://creativecommons.org/licenses/by/3.0,2048,1536,https://commons.wikimedia.org/wiki/File:%D0%A3%D1%89%D0%B5%D0%BB%D1%8C%D0%B5_-_panoramio.jpg,https://thumb.wikimedia.org/wikipedia/commons/thumb/3/3d/%D0%A3%D1%89%D0%B5%D0%BB%D1%8C%D0%B5_-_panoramio.jpg/330px-%D0%A3%D1%89%D0%B5%D0%BB%D1%8C%D0%B5_-_panoramio.jpg?utm_source=commons.wikimedia.org&utm_campaign=imageinfo&utm_content=thumbnail
no,7b59a4eb-379f-43e2-9496-498c3fd5f0ec,Емеген,water_body,File:Облако тумана - panoramio.jpg,0.66,nearby,Anton Yefimov,CC BY 3.0,https://creativecommons.org/licenses/by/3.0,2048,1536,https://commons.wikimedia.org/wiki/File:%D0%9E%D0%B1%D0%BB%D0%B0%D0%BA%D0%BE_%D1%82%D1%83%D0%BC%D0%B0%D0%BD%D0%B0_-_panoramio.jpg,https://thumb.wikimedia.org/wikipedia/commons/thumb/7/7b/%D0%9E%D0%B1%D0%BB%D0%B0%D0%BA%D0%BE_%D1%82%D1%83%D0%BC%D0%B0%D0%BD%D0%B0_-_panoramio.jpg/330px-%D0%9E%D0%B1%D0%BB%D0%B0%D0%BA%D0%BE_%D1%82%D1%83%D0%BC%D0%B0%D0%BD%D0%B0_-_panoramio.jpg?utm_source=commons.wikimedia.org&utm_campaign=imageinfo&utm_content=thumbnail
no,7b59a4eb-379f-43e2-9496-498c3fd5f0ec,Емеген,water_body,File:КАСКЕЛЕНСКОЕ УЩЕЛЬЕ.jpg,0.61,nearby,RS128,CC BY-SA 4.0,https://creativecommons.org/licenses/by-sa/4.0,3000,2000,https://commons.wikimedia.org/wiki/File:%D0%9A%D0%90%D0%A1%D0%9A%D0%95%D0%9B%D0%95%D0%9D%D0%A1%D0%9A%D0%9E%D0%95_%D0%A3%D0%A9%D0%95%D0%9B%D0%AC%D0%95.jpg,https://thumb.wikimedia.org/wikipedia/commons/thumb/0/00/%D0%9A%D0%90%D0%A1%D0%9A%D0%95%D0%9B%D0%95%D0%9D%D0%A1%D0%9A%D0%9E%D0%95_%D0%A3%D0%A9%D0%95%D0%9B%D0%AC%D0%95.jpg/330px-%D0%9A%D0%90%D0%A1%D0%9A%D0%95%D0%9B%D0%95%D0%9D%D0%A1%D0%9A%D0%9E%D0%95_%D0%A3%D0%A9%D0%95%D0%9B%D0%AC%D0%95.jpg?utm_source=commons.wikimedia.org&utm_campaign=imageinfo&utm_content=thumbnail
no,7b59a4eb-379f-43e2-9496-498c3fd5f0ec,Емеген,water_body,File:Дорога - panoramio - Anton Yefimov (1).jpg,0.61,nearby,Anton Yefimov,CC BY 3.0,https://creativecommons.org/licenses/by/3.0,1536,2048,https://commons.wikimedia.org/wiki/File:%D0%94%D0%BE%D1%80%D0%BE%D0%B3%D0%B0_-_panoramio_-_Anton_Yefimov_(1).jpg,https://thumb.wikimedia.org/wikipedia/commons/thumb/e/e6/%D0%94%D0%BE%D1%80%D0%BE%D0%B3%D0%B0_-_panoramio_-_Anton_Yefimov_%281%29.jpg/330px-%D0%94%D0%BE%D1%80%D0%BE%D0%B3%D0%B0_-_panoramio_-_Anton_Yefimov_%281%29.jpg?utm_source=commons.wikimedia.org&utm_campaign=imageinfo&utm_content=thumbnail
no,7b59a4eb-379f-43e2-9496-498c3fd5f0ec,Емеген,water_body,File:Берёзы - panoramio.jpg,0.59,nearby,Anton Yefimov,CC BY 3.0,https://creativecommons.org/licenses/by/3.0,2048,1536,https://commons.wikimedia.org/wiki/File:%D0%91%D0%B5%D1%80%D1%91%D0%B7%D1%8B_-_panoramio.jpg,https://thumb.wikimedia.org/wikipedia/commons/thumb/1/14/%D0%91%D0%B5%D1%80%D1%91%D0%B7%D1%8B_-_panoramio.jpg/330px-%D0%91%D0%B5%D1%80%D1%91%D0%B7%D1%8B_-_panoramio.jpg?utm_source=commons.wikimedia.org&utm_campaign=imageinfo&utm_content=thumbnail
no,7b59a4eb-379f-43e2-9496-498c3fd5f0ec,Емеген,water_body,File:Речка - panoramio - Anton Yefimov (2).jpg,0.59,nearby,Anton Yefimov,CC BY 3.0,https://creativecommons.org/licenses/by/3.0,1536,2048,https://commons.wikimedia.org/wiki/File:%D0%A0%D0%B5%D1%87%D0%BA%D0%B0_-_panoramio_-_Anton_Yefimov_(2).jpg,https://thumb.wikimedia.org/wikipedia/commons/thumb/6/6a/%D0%A0%D0%B5%D1%87%D0%BA%D0%B0_-_panoramio_-_Anton_Yefimov_%282%29.jpg/330px-%D0%A0%D0%B5%D1%87%D0%BA%D0%B0_-_panoramio_-_Anton_Yefimov_%282%29.jpg?utm_source=commons.wikimedia.org&utm_campaign=imageinfo&utm_content=thumbnail
no,7b59a4eb-379f-43e2-9496-498c3fd5f0ec,Емеген,water_body,File:Каскеленское ущелье - panoramio.jpg,0.59,nearby,Anton Yefimov,CC BY 3.0,https://creativecommons.org/licenses/by/3.0,2048,1536,https://commons.wikimedia.org/wiki/File:%D0%9A%D0%B0%D1%81%D0%BA%D0%B5%D0%BB%D0%B5%D0%BD%D1%81%D0%BA%D0%BE%D0%B5_%D1%83%D1%89%D0%B5%D0%BB%D1%8C%D0%B5_-_panoramio.jpg,https://thumb.wikimedia.org/wikipedia/commons/thumb/d/dd/%D0%9A%D0%B0%D1%81%D0%BA%D0%B5%D0%BB%D0%B5%D0%BD%D1%81%D0%BA%D0%BE%D0%B5_%D1%83%D1%89%D0%B5%D0%BB%D1%8C%D0%B5_-_panoramio.jpg/330px-%D0%9A%D0%B0%D1%81%D0%BA%D0%B5%D0%BB%D0%B5%D0%BD%D1%81%D0%BA%D0%BE%D0%B5_%D1%83%D1%89%D0%B5%D0%BB%D1%8C%D0%B5_-_panoramio.jpg?utm_source=commons.wikimedia.org&utm_campaign=imageinfo&utm_content=thumbnail
no,7b59a4eb-379f-43e2-9496-498c3fd5f0ec,Емеген,water_body,File:ISS059-E-107790 - View of Earth.jpg,0.58,nearby,"Earth Science and Remote Sensing Unit, NASA Johnson Space Center",Public domain,,5568,3712,https://commons.wikimedia.org/wiki/File:ISS059-E-107790_-_View_of_Earth.jpg,https://thumb.wikimedia.org/wikipedia/commons/thumb/1/18/ISS059-E-107790_-_View_of_Earth.jpg/330px-ISS059-E-107790_-_View_of_Earth.jpg?utm_source=commons.wikimedia.org&utm_campaign=imageinfo&utm_content=thumbnail
no,7b59a4eb-379f-43e2-9496-498c3fd5f0ec,Емеген,water_body,File:ISS064-E-39285 - View of Earth.jpg,0.58,nearby,"Earth Science and Remote Sensing Unit, NASA Johnson Space Center",Public domain,,5568,3712,https://commons.wikimedia.org/wiki/File:ISS064-E-39285_-_View_of_Earth.jpg,https://thumb.wikimedia.org/wikipedia/commons/thumb/9/94/ISS064-E-39285_-_View_of_Earth.jpg/330px-ISS064-E-39285_-_View_of_Earth.jpg?utm_source=commons.wikimedia.org&utm_campaign=imageinfo&utm_content=thumbnail
no,7b59a4eb-379f-43e2-9496-498c3fd5f0ec,Емеген,water_body,File:ISS041-E-52945 - View of Earth.jpg,0.58,nearby,"Earth Science and Remote Sensing Unit, Lyndon B. Johnson Space Center",Public domain,,4256,2832,https://commons.wikimedia.org/wiki/File:ISS041-E-52945_-_View_of_Earth.jpg,https://thumb.wikimedia.org/wikipedia/commons/thumb/0/00/ISS041-E-52945_-_View_of_Earth.jpg/330px-ISS041-E-52945_-_View_of_Earth.jpg?utm_source=commons.wikimedia.org&utm_campaign=imageinfo&utm_content=thumbnail
no,7b59a4eb-379f-43e2-9496-498c3fd5f0ec,Емеген,water_body,File:ISS041-E-52946 - View of Earth.jpg,0.58,nearby,"Earth Science and Remote Sensing Unit, Lyndon B. Johnson Space Center",Public domain,,4256,2832,https://commons.wikimedia.org/wiki/File:ISS041-E-52946_-_View_of_Earth.jpg,https://thumb.wikimedia.org/wikipedia/commons/thumb/d/da/ISS041-E-52946_-_View_of_Earth.jpg/330px-ISS041-E-52946_-_View_of_Earth.jpg?utm_source=commons.wikimedia.org&utm_campaign=imageinfo&utm_content=thumbnail
no,7b59a4eb-379f-43e2-9496-498c3fd5f0ec,Емеген,water_body,File:Каскеленское ущелье - panoramio (3).jpg,0.58,nearby,Anton Yefimov,CC BY 3.0,https://creativecommons.org/licenses/by/3.0,3264,2448,https://commons.wikimedia.org/wiki/File:%D0%9A%D0%B0%D1%81%D0%BA%D0%B5%D0%BB%D0%B5%D0%BD%D1%81%D0%BA%D0%BE%D0%B5_%D1%83%D1%89%D0%B5%D0%BB%D1%8C%D0%B5_-_panoramio_(3).jpg,https://thumb.wikimedia.org/wikipedia/commons/thumb/8/8d/%D0%9A%D0%B0%D1%81%D0%BA%D0%B5%D0%BB%D0%B5%D0%BD%D1%81%D0%BA%D0%BE%D0%B5_%D1%83%D1%89%D0%B5%D0%BB%D1%8C%D0%B5_-_panoramio_%283%29.jpg/330px-%D0%9A%D0%B0%D1%81%D0%BA%D0%B5%D0%BB%D0%B5%D0%BD%D1%81%D0%BA%D0%BE%D0%B5_%D1%83%D1%89%D0%B5%D0%BB%D1%8C%D0%B5_-_panoramio_%283%29.jpg?utm_source=commons.wikimedia.org&utm_campaign=imageinfo&utm_content=thumbnail
no,3eff4d9e-dcb1-4ec5-a6f9-2fac27434d63,Жайнак,water_body,File:ISS066-E-179959 - View of Earth.jpg,0.77,nearby,"Earth Science and Remote Sensing Unit, Lyndon B. Johnson Space Center",Public domain,,5568,3712,https://commons.wikimedia.org/wiki/File:ISS066-E-179959_-_View_of_Earth.jpg,https://thumb.wikimedia.org/wikipedia/commons/thumb/d/dc/ISS066-E-179959_-_View_of_Earth.jpg/330px-ISS066-E-179959_-_View_of_Earth.jpg?utm_source=commons.wikimedia.org&utm_campaign=imageinfo&utm_content=thumbnail
no,3eff4d9e-dcb1-4ec5-a6f9-2fac27434d63,Жайнак,water_body,File:ISS066-E-179960 - View of Earth.jpg,0.77,nearby,"Earth Science and Remote Sensing Unit, Lyndon B. Johnson Space Center",Public domain,,5568,3712,https://commons.wikimedia.org/wiki/File:ISS066-E-179960_-_View_of_Earth.jpg,https://thumb.wikimedia.org/wikipedia/commons/thumb/7/75/ISS066-E-179960_-_View_of_Earth.jpg/330px-ISS066-E-179960_-_View_of_Earth.jpg?utm_source=commons.wikimedia.org&utm_campaign=imageinfo&utm_content=thumbnail
no,3eff4d9e-dcb1-4ec5-a6f9-2fac27434d63,Жайнак,water_body,File:ISS008-E-14254 - View of Kazakhstan.jpg,0.77,nearby,"Earth Science and Remote Sensing Unit, Lyndon B. Johnson Space Center",Public domain,,3032,2064,https://commons.wikimedia.org/wiki/File:ISS008-E-14254_-_View_of_Kazakhstan.jpg,https://thumb.wikimedia.org/wikipedia/commons/thumb/3/37/ISS008-E-14254_-_View_of_Kazakhstan.jpg/330px-ISS008-E-14254_-_View_of_Kazakhstan.jpg?utm_source=commons.wikimedia.org&utm_campaign=imageinfo&utm_content=thumbnail
no,a6997356-82ff-4ffa-ac96-0722083e5073,Жаманкуль,water_body,File:Thanatus formicinus female lateral.jpg,0.62,nearby,talgar-t64,CC BY-SA 4.0,https://creativecommons.org/licenses/by-sa/4.0,2048,1536,https://commons.wikimedia.org/wiki/File:Thanatus_formicinus_female_lateral.jpg,https://thumb.wikimedia.org/wikipedia/commons/thumb/6/6c/Thanatus_formicinus_female_lateral.jpg/330px-Thanatus_formicinus_female_lateral.jpg?utm_source=commons.wikimedia.org&utm_campaign=imageinfo&utm_content=thumbnail
no,a6997356-82ff-4ffa-ac96-0722083e5073,Жаманкуль,water_body,File:Thanatus formicinus female rear.jpg,0.62,nearby,talgar-t64,CC BY-SA 4.0,https://creativecommons.org/licenses/by-sa/4.0,2048,1536,https://commons.wikimedia.org/wiki/File:Thanatus_formicinus_female_rear.jpg,https://thumb.wikimedia.org/wikipedia/commons/thumb/5/5f/Thanatus_formicinus_female_rear.jpg/330px-Thanatus_formicinus_female_rear.jpg?utm_source=commons.wikimedia.org&utm_campaign=imageinfo&utm_content=thumbnail
no,a6997356-82ff-4ffa-ac96-0722083e5073,Жаманкуль,water_body,File:Thanatus formicinus female ventral.jpg,0.62,nearby,talgar-t64,CC BY-SA 4.0,https://creativecommons.org/licenses/by-sa/4.0,2048,1536,https://commons.wikimedia.org/wiki/File:Thanatus_formicinus_female_ventral.jpg,https://thumb.wikimedia.org/wikipedia/commons/thumb/d/dd/Thanatus_formicinus_female_ventral.jpg/330px-Thanatus_formicinus_female_ventral.jpg?utm_source=commons.wikimedia.org&utm_campaign=imageinfo&utm_content=thumbnail
no,914c6827-ca6f-417b-b101-e3540bbb42a8,Жасылколь,water_body,File:ISS047-E-56827 - View of Earth.jpg,0.75,nearby,"Earth Science and Remote Sensing Unit, Lyndon B. Johnson Space Center",Public domain,,3280,4928,https://commons.wikimedia.org/wiki/File:ISS047-E-56827_-_View_of_Earth.jpg,https://thumb.wikimedia.org/wikipedia/commons/thumb/f/f3/ISS047-E-56827_-_View_of_Earth.jpg/330px-ISS047-E-56827_-_View_of_Earth.jpg?utm_source=commons.wikimedia.org&utm_campaign=imageinfo&utm_content=thumbnail
no,914c6827-ca6f-417b-b101-e3540bbb42a8,Жасылколь,water_body,File:Betula tianschanica 176584879.jpg,0.67,nearby,Andrew Bazdyrev,CC BY 4.0,https://creativecommons.org/licenses/by/4.0,1536,2048,https://commons.wikimedia.org/wiki/File:Betula_tianschanica_176584879.jpg,https://thumb.wikimedia.org/wikipedia/commons/thumb/f/f0/Betula_tianschanica_176584879.jpg/330px-Betula_tianschanica_176584879.jpg?utm_source=commons.wikimedia.org&utm_campaign=imageinfo&utm_content=thumbnail
no,914c6827-ca6f-417b-b101-e3540bbb42a8,Жасылколь,water_body,"File:Тургеньское ущелье, ива ломкая.jpg",0.64,nearby,Nikolai Bulykin,CC BY-SA 4.0,https://creativecommons.org/licenses/by-sa/4.0,3648,3648,"https://commons.wikimedia.org/wiki/File:%D0%A2%D1%83%D1%80%D0%B3%D0%B5%D0%BD%D1%8C%D1%81%D0%BA%D0%BE%D0%B5_%D1%83%D1%89%D0%B5%D0%BB%D1%8C%D0%B5,_%D0%B8%D0%B2%D0%B0_%D0%BB%D0%BE%D0%BC%D0%BA%D0%B0%D1%8F.jpg",https://thumb.wikimedia.org/wikipedia/commons/thumb/5/57/%D0%A2%D1%83%D1%80%D0%B3%D0%B5%D0%BD%D1%8C%D1%81%D0%BA%D0%BE%D0%B5_%D1%83%D1%89%D0%B5%D0%BB%D1%8C%D0%B5%2C_%D0%B8%D0%B2%D0%B0_%D0%BB%D0%BE%D0%BC%D0%BA%D0%B0%D1%8F.jpg/330px-%D0%A2%D1%83%D1%80%D0%B3%D0%B5%D0%BD%D1%8C%D1%81%D0%BA%D0%BE%D0%B5_%D1%83%D1%89%D0%B5%D0%BB%D1%8C%D0%B5%2C_%D0%B8%D0%B2%D0%B0_%D0%BB%D0%BE%D0%BC%D0%BA%D0%B0%D1%8F.jpg?utm_source=commons.wikimedia.org&utm_campaign=imageinfo&utm_content=thumbnail
no,914c6827-ca6f-417b-b101-e3540bbb42a8,Жасылколь,water_body,"File:Тургеньское ущелье, фотограф.jpg",0.64,nearby,Nikolai Bulykin,CC BY-SA 4.0,https://creativecommons.org/licenses/by-sa/4.0,3301,3301,"https://commons.wikimedia.org/wiki/File:%D0%A2%D1%83%D1%80%D0%B3%D0%B5%D0%BD%D1%8C%D1%81%D0%BA%D0%BE%D0%B5_%D1%83%D1%89%D0%B5%D0%BB%D1%8C%D0%B5,_%D1%84%D0%BE%D1%82%D0%BE%D0%B3%D1%80%D0%B0%D1%84.jpg",https://thumb.wikimedia.org/wikipedia/commons/thumb/9/9f/%D0%A2%D1%83%D1%80%D0%B3%D0%B5%D0%BD%D1%8C%D1%81%D0%BA%D0%BE%D0%B5_%D1%83%D1%89%D0%B5%D0%BB%D1%8C%D0%B5%2C_%D1%84%D0%BE%D1%82%D0%BE%D0%B3%D1%80%D0%B0%D1%84.jpg/330px-%D0%A2%D1%83%D1%80%D0%B3%D0%B5%D0%BD%D1%8C%D1%81%D0%BA%D0%BE%D0%B5_%D1%83%D1%89%D0%B5%D0%BB%D1%8C%D0%B5%2C_%D1%84%D0%BE%D1%82%D0%BE%D0%B3%D1%80%D0%B0%D1%84.jpg?utm_source=commons.wikimedia.org&utm_campaign=imageinfo&utm_content=thumbnail
no,914c6827-ca6f-417b-b101-e3540bbb42a8,Жасылколь,water_body,"File:Enbekshikazakh District, Kazakhstan - panoramio (11).jpg",0.60,nearby,Anton Yefimov,CC BY 3.0,https://creativecommons.org/licenses/by/3.0,3264,2448,"https://commons.wikimedia.org/wiki/File:Enbekshikazakh_District,_Kazakhstan_-_panoramio_(11).jpg",https://thumb.wikimedia.org/wikipedia/commons/thumb/d/d3/Enbekshikazakh_District%2C_Kazakhstan_-_panoramio_%2811%29.jpg/330px-Enbekshikazakh_District%2C_Kazakhstan_-_panoramio_%2811%29.jpg?utm_source=commons.wikimedia.org&utm_campaign=imageinfo&utm_content=thumbnail
no,393add61-fad2-4924-a1ee-14ee52638423,Изумрудное сердце,water_body,File:PaleoKazakhstan.info - panoramio - Alexandr Babkin (6).jpg,0.66,nearby,Alexandr Babkin,CC BY-SA 3.0,https://creativecommons.org/licenses/by-sa/3.0,1015,454,https://commons.wikimedia.org/wiki/File:PaleoKazakhstan.info_-_panoramio_-_Alexandr_Babkin_(6).jpg,https://thumb.wikimedia.org/wikipedia/commons/thumb/d/d5/PaleoKazakhstan.info_-_panoramio_-_Alexandr_Babkin_%286%29.jpg/330px-PaleoKazakhstan.info_-_panoramio_-_Alexandr_Babkin_%286%29.jpg?utm_source=commons.wikimedia.org&utm_campaign=imageinfo&utm_content=thumbnail
no,393add61-fad2-4924-a1ee-14ee52638423,Изумрудное сердце,water_body,File:ISS059-E-107793 - View of Earth.jpg,0.56,nearby,"Earth Science and Remote Sensing Unit, NASA Johnson Space Center",Public domain,,5568,3712,https://commons.wikimedia.org/wiki/File:ISS059-E-107793_-_View_of_Earth.jpg,https://thumb.wikimedia.org/wikipedia/commons/thumb/a/a5/ISS059-E-107793_-_View_of_Earth.jpg/330px-ISS059-E-107793_-_View_of_Earth.jpg?utm_source=commons.wikimedia.org&utm_campaign=imageinfo&utm_content=thumbnail
no,393add61-fad2-4924-a1ee-14ee52638423,Изумрудное сердце,water_body,File:ISS041-E-52949 - View of Earth.jpg,0.56,nearby,"Earth Science and Remote Sensing Unit, Lyndon B. Johnson Space Center",Public domain,,4256,2832,https://commons.wikimedia.org/wiki/File:ISS041-E-52949_-_View_of_Earth.jpg,https://thumb.wikimedia.org/wikipedia/commons/thumb/0/03/ISS041-E-52949_-_View_of_Earth.jpg/330px-ISS041-E-52949_-_View_of_Earth.jpg?utm_source=commons.wikimedia.org&utm_campaign=imageinfo&utm_content=thumbnail
4,8843e17d-55fb-43ed-97df-959faa0b2e8b,Капчагайское водохранилище,water_body,"File:Алтынэмель, Капчагай зимой.jpg",4.00,wikidata depicts,Timas38,CC BY-SA 4.0,https://creativecommons.org/licenses/by-sa/4.0,4032,3024,"https://commons.wikimedia.org/wiki/File:%D0%90%D0%BB%D1%82%D1%8B%D0%BD%D1%8D%D0%BC%D0%B5%D0%BB%D1%8C,_%D0%9A%D0%B0%D0%BF%D1%87%D0%B0%D0%B3%D0%B0%D0%B9_%D0%B7%D0%B8%D0%BC%D0%BE%D0%B9.jpg",https://thumb.wikimedia.org/wikipedia/commons/thumb/7/77/%D0%90%D0%BB%D1%82%D1%8B%D0%BD%D1%8D%D0%BC%D0%B5%D0%BB%D1%8C%2C_%D0%9A%D0%B0%D0%BF%D1%87%D0%B0%D0%B3%D0%B0%D0%B9_%D0%B7%D0%B8%D0%BC%D0%BE%D0%B9.jpg/330px-%D0%90%D0%BB%D1%82%D1%8B%D0%BD%D1%8D%D0%BC%D0%B5%D0%BB%D1%8C%2C_%D0%9A%D0%B0%D0%BF%D1%87%D0%B0%D0%B3%D0%B0%D0%B9_%D0%B7%D0%B8%D0%BC%D0%BE%D0%B9.jpg?utm_source=commons.wikimedia.org&utm_campaign=imageinfo&utm_content=thumbnail
no,8843e17d-55fb-43ed-97df-959faa0b2e8b,Капчагайское водохранилище,water_body,"File:Алтынэмель, Капчагай.jpg",4.00,wikidata depicts,Timas38,CC BY-SA 4.0,https://creativecommons.org/licenses/by-sa/4.0,4032,3024,"https://commons.wikimedia.org/wiki/File:%D0%90%D0%BB%D1%82%D1%8B%D0%BD%D1%8D%D0%BC%D0%B5%D0%BB%D1%8C,_%D0%9A%D0%B0%D0%BF%D1%87%D0%B0%D0%B3%D0%B0%D0%B9.jpg",https://thumb.wikimedia.org/wikipedia/commons/thumb/2/20/%D0%90%D0%BB%D1%82%D1%8B%D0%BD%D1%8D%D0%BC%D0%B5%D0%BB%D1%8C%2C_%D0%9A%D0%B0%D0%BF%D1%87%D0%B0%D0%B3%D0%B0%D0%B9.jpg/330px-%D0%90%D0%BB%D1%82%D1%8B%D0%BD%D1%8D%D0%BC%D0%B5%D0%BB%D1%8C%2C_%D0%9A%D0%B0%D0%BF%D1%87%D0%B0%D0%B3%D0%B0%D0%B9.jpg?utm_source=commons.wikimedia.org&utm_campaign=imageinfo&utm_content=thumbnail
no,8843e17d-55fb-43ed-97df-959faa0b2e8b,Капчагайское водохранилище,water_body,"File:Алтынэмель, Капчагай 2.jpg",4.00,wikidata depicts,Timas38,CC BY-SA 4.0,https://creativecommons.org/licenses/by-sa/4.0,4032,3024,"https://commons.wikimedia.org/wiki/File:%D0%90%D0%BB%D1%82%D1%8B%D0%BD%D1%8D%D0%BC%D0%B5%D0%BB%D1%8C,_%D0%9A%D0%B0%D0%BF%D1%87%D0%B0%D0%B3%D0%B0%D0%B9_2.jpg",https://thumb.wikimedia.org/wikipedia/commons/thumb/6/6e/%D0%90%D0%BB%D1%82%D1%8B%D0%BD%D1%8D%D0%BC%D0%B5%D0%BB%D1%8C%2C_%D0%9A%D0%B0%D0%BF%D1%87%D0%B0%D0%B3%D0%B0%D0%B9_2.jpg/330px-%D0%90%D0%BB%D1%82%D1%8B%D0%BD%D1%8D%D0%BC%D0%B5%D0%BB%D1%8C%2C_%D0%9A%D0%B0%D0%BF%D1%87%D0%B0%D0%B3%D0%B0%D0%B9_2.jpg?utm_source=commons.wikimedia.org&utm_campaign=imageinfo&utm_content=thumbnail
3,8843e17d-55fb-43ed-97df-959faa0b2e8b,Капчагайское водохранилище,water_body,"File:Алтынэмель, Капчагай 3.jpg",4.00,wikidata depicts,Timas38,CC BY-SA 4.0,https://creativecommons.org/licenses/by-sa/4.0,4608,3456,"https://commons.wikimedia.org/wiki/File:%D0%90%D0%BB%D1%82%D1%8B%D0%BD%D1%8D%D0%BC%D0%B5%D0%BB%D1%8C,_%D0%9A%D0%B0%D0%BF%D1%87%D0%B0%D0%B3%D0%B0%D0%B9_3.jpg",https://thumb.wikimedia.org/wikipedia/commons/thumb/e/e2/%D0%90%D0%BB%D1%82%D1%8B%D0%BD%D1%8D%D0%BC%D0%B5%D0%BB%D1%8C%2C_%D0%9A%D0%B0%D0%BF%D1%87%D0%B0%D0%B3%D0%B0%D0%B9_3.jpg/330px-%D0%90%D0%BB%D1%82%D1%8B%D0%BD%D1%8D%D0%BC%D0%B5%D0%BB%D1%8C%2C_%D0%9A%D0%B0%D0%BF%D1%87%D0%B0%D0%B3%D0%B0%D0%B9_3.jpg?utm_source=commons.wikimedia.org&utm_campaign=imageinfo&utm_content=thumbnail
5,8843e17d-55fb-43ed-97df-959faa0b2e8b,Капчагайское водохранилище,water_body,File:Конаев сверху на закате.jpg,4.00,wikidata depicts,Nikolai Bulykin,CC BY-SA 4.0,https://creativecommons.org/licenses/by-sa/4.0,5272,3948,https://commons.wikimedia.org/wiki/File:%D0%9A%D0%BE%D0%BD%D0%B0%D0%B5%D0%B2_%D1%81%D0%B2%D0%B5%D1%80%D1%85%D1%83_%D0%BD%D0%B0_%D0%B7%D0%B0%D0%BA%D0%B0%D1%82%D0%B5.jpg,https://thumb.wikimedia.org/wikipedia/commons/thumb/7/7b/%D0%9A%D0%BE%D0%BD%D0%B0%D0%B5%D0%B2_%D1%81%D0%B2%D0%B5%D1%80%D1%85%D1%83_%D0%BD%D0%B0_%D0%B7%D0%B0%D0%BA%D0%B0%D1%82%D0%B5.jpg/330px-%D0%9A%D0%BE%D0%BD%D0%B0%D0%B5%D0%B2_%D1%81%D0%B2%D0%B5%D1%80%D1%85%D1%83_%D0%BD%D0%B0_%D0%B7%D0%B0%D0%BA%D0%B0%D1%82%D0%B5.jpg?utm_source=commons.wikimedia.org&utm_campaign=imageinfo&utm_content=thumbnail
1,8843e17d-55fb-43ed-97df-959faa0b2e8b,Капчагайское водохранилище,water_body,"File:Конаев, водохранилище.jpg",4.00,wikidata depicts,Nikolai Bulykin,CC BY-SA 4.0,https://creativecommons.org/licenses/by-sa/4.0,4537,3403,"https://commons.wikimedia.org/wiki/File:%D0%9A%D0%BE%D0%BD%D0%B0%D0%B5%D0%B2,_%D0%B2%D0%BE%D0%B4%D0%BE%D1%85%D1%80%D0%B0%D0%BD%D0%B8%D0%BB%D0%B8%D1%89%D0%B5.jpg",https://thumb.wikimedia.org/wikipedia/commons/thumb/6/68/%D0%9A%D0%BE%D0%BD%D0%B0%D0%B5%D0%B2%2C_%D0%B2%D0%BE%D0%B4%D0%BE%D1%85%D1%80%D0%B0%D0%BD%D0%B8%D0%BB%D0%B8%D1%89%D0%B5.jpg/330px-%D0%9A%D0%BE%D0%BD%D0%B0%D0%B5%D0%B2%2C_%D0%B2%D0%BE%D0%B4%D0%BE%D1%85%D1%80%D0%B0%D0%BD%D0%B8%D0%BB%D0%B8%D1%89%D0%B5.jpg?utm_source=commons.wikimedia.org&utm_campaign=imageinfo&utm_content=thumbnail
2,8843e17d-55fb-43ed-97df-959faa0b2e8b,Капчагайское водохранилище,water_body,"File:Конаевский округ, берег водохранилища.jpg",4.00,wikidata depicts,Nikolai Bulykin,CC BY-SA 4.0,https://creativecommons.org/licenses/by-sa/4.0,4608,3456,"https://commons.wikimedia.org/wiki/File:%D0%9A%D0%BE%D0%BD%D0%B0%D0%B5%D0%B2%D1%81%D0%BA%D0%B8%D0%B9_%D0%BE%D0%BA%D1%80%D1%83%D0%B3,_%D0%B1%D0%B5%D1%80%D0%B5%D0%B3_%D0%B2%D0%BE%D0%B4%D0%BE%D1%85%D1%80%D0%B0%D0%BD%D0%B8%D0%BB%D0%B8%D1%89%D0%B0.jpg",https://thumb.wikimedia.org/wikipedia/commons/thumb/e/e6/%D0%9A%D0%BE%D0%BD%D0%B0%D0%B5%D0%B2%D1%81%D0%BA%D0%B8%D0%B9_%D0%BE%D0%BA%D1%80%D1%83%D0%B3%2C_%D0%B1%D0%B5%D1%80%D0%B5%D0%B3_%D0%B2%D0%BE%D0%B4%D0%BE%D1%85%D1%80%D0%B0%D0%BD%D0%B8%D0%BB%D0%B8%D1%89%D0%B0.jpg/330px-%D0%9A%D0%BE%D0%BD%D0%B0%D0%B5%D0%B2%D1%81%D0%BA%D0%B8%D0%B9_%D0%BE%D0%BA%D1%80%D1%83%D0%B3%2C_%D0%B1%D0%B5%D1%80%D0%B5%D0%B3_%D0%B2%D0%BE%D0%B4%D0%BE%D1%85%D1%80%D0%B0%D0%BD%D0%B8%D0%BB%D0%B8%D1%89%D0%B0.jpg?utm_source=commons.wikimedia.org&utm_campaign=imageinfo&utm_content=thumbnail
no,8843e17d-55fb-43ed-97df-959faa0b2e8b,Капчагайское водохранилище,water_body,File:ISS061-E-6705 - View of Earth.jpg,0.67,nearby,"Earth Science and Remote Sensing Unit, NASA Johnson Space Center",Public domain,,5568,3712,https://commons.wikimedia.org/wiki/File:ISS061-E-6705_-_View_of_Earth.jpg,https://thumb.wikimedia.org/wikipedia/commons/thumb/a/a6/ISS061-E-6705_-_View_of_Earth.jpg/330px-ISS061-E-6705_-_View_of_Earth.jpg?utm_source=commons.wikimedia.org&utm_campaign=imageinfo&utm_content=thumbnail
no,8843e17d-55fb-43ed-97df-959faa0b2e8b,Капчагайское водохранилище,water_body,File:ISS030-E-98278 - View of Earth.jpg,0.67,nearby,"Earth Science and Remote Sensing Unit, Lyndon B. Johnson Space Center",Public domain,,4288,2848,https://commons.wikimedia.org/wiki/File:ISS030-E-98278_-_View_of_Earth.jpg,https://thumb.wikimedia.org/wikipedia/commons/thumb/e/e1/ISS030-E-98278_-_View_of_Earth.jpg/330px-ISS030-E-98278_-_View_of_Earth.jpg?utm_source=commons.wikimedia.org&utm_campaign=imageinfo&utm_content=thumbnail
no,507189d7-5265-471e-bb22-bd057f92a026,Кара Чока,water_body,File:STS126-E-22521 - View of Earth.jpg,0.71,nearby,NASA,Public domain,,4288,2929,https://commons.wikimedia.org/wiki/File:STS126-E-22521_-_View_of_Earth.jpg,https://thumb.wikimedia.org/wikipedia/commons/thumb/4/4a/STS126-E-22521_-_View_of_Earth.jpg/330px-STS126-E-22521_-_View_of_Earth.jpg?utm_source=commons.wikimedia.org&utm_campaign=imageinfo&utm_content=thumbnail
no,917f61d7-2324-4ad0-9957-b7eaa35b7b9c,Караколь,water_body,File:ISS053-E-32580 - View of Earth.jpg,0.74,nearby,"Earth Science and Remote Sensing Unit, Lyndon B. Johnson Space Center",Public domain,,4928,3280,https://commons.wikimedia.org/wiki/File:ISS053-E-32580_-_View_of_Earth.jpg,https://thumb.wikimedia.org/wikipedia/commons/thumb/7/78/ISS053-E-32580_-_View_of_Earth.jpg/330px-ISS053-E-32580_-_View_of_Earth.jpg?utm_source=commons.wikimedia.org&utm_campaign=imageinfo&utm_content=thumbnail
no,917f61d7-2324-4ad0-9957-b7eaa35b7b9c,Караколь,water_body,File:ISS053-E-32581 - View of Earth.jpg,0.74,nearby,"Earth Science and Remote Sensing Unit, Lyndon B. Johnson Space Center",Public domain,,4928,3280,https://commons.wikimedia.org/wiki/File:ISS053-E-32581_-_View_of_Earth.jpg,https://thumb.wikimedia.org/wikipedia/commons/thumb/3/3c/ISS053-E-32581_-_View_of_Earth.jpg/330px-ISS053-E-32581_-_View_of_Earth.jpg?utm_source=commons.wikimedia.org&utm_campaign=imageinfo&utm_content=thumbnail
no,4228a656-9be5-4d9a-8334-6c41d306994d,Карнизное,water_body,File:Эдельвейс.JPG,0.78,nearby,Smirnov.Sergey95,CC BY-SA 4.0,https://creativecommons.org/licenses/by-sa/4.0,4031,2848,https://commons.wikimedia.org/wiki/File:%D0%AD%D0%B4%D0%B5%D0%BB%D1%8C%D0%B2%D0%B5%D0%B9%D1%81.JPG,https://thumb.wikimedia.org/wikipedia/commons/thumb/3/3d/%D0%AD%D0%B4%D0%B5%D0%BB%D1%8C%D0%B2%D0%B5%D0%B9%D1%81.JPG/330px-%D0%AD%D0%B4%D0%B5%D0%BB%D1%8C%D0%B2%D0%B5%D0%B9%D1%81.JPG?utm_source=commons.wikimedia.org&utm_campaign=imageinfo&utm_content=thumbnail
no,4228a656-9be5-4d9a-8334-6c41d306994d,Карнизное,water_body,File:Древняя панорама - panoramio.jpg,0.77,nearby,Ilya Rudakov,CC BY-SA 3.0,https://creativecommons.org/licenses/by-sa/3.0,10593,1445,https://commons.wikimedia.org/wiki/File:%D0%94%D1%80%D0%B5%D0%B2%D0%BD%D1%8F%D1%8F_%D0%BF%D0%B0%D0%BD%D0%BE%D1%80%D0%B0%D0%BC%D0%B0_-_panoramio.jpg,https://thumb.wikimedia.org/wikipedia/commons/thumb/d/d0/%D0%94%D1%80%D0%B5%D0%B2%D0%BD%D1%8F%D1%8F_%D0%BF%D0%B0%D0%BD%D0%BE%D1%80%D0%B0%D0%BC%D0%B0_-_panoramio.jpg/330px-%D0%94%D1%80%D0%B5%D0%B2%D0%BD%D1%8F%D1%8F_%D0%BF%D0%B0%D0%BD%D0%BE%D1%80%D0%B0%D0%BC%D0%B0_-_panoramio.jpg?utm_source=commons.wikimedia.org&utm_campaign=imageinfo&utm_content=thumbnail
no,4228a656-9be5-4d9a-8334-6c41d306994d,Карнизное,water_body,File:Близ космостанции - panoramio (1).jpg,0.76,nearby,Ilya Rudakov,CC BY-SA 3.0,https://creativecommons.org/licenses/by-sa/3.0,4000,1508,https://commons.wikimedia.org/wiki/File:%D0%91%D0%BB%D0%B8%D0%B7_%D0%BA%D0%BE%D1%81%D0%BC%D0%BE%D1%81%D1%82%D0%B0%D0%BD%D1%86%D0%B8%D0%B8_-_panoramio_(1).jpg,https://thumb.wikimedia.org/wikipedia/commons/thumb/9/9f/%D0%91%D0%BB%D0%B8%D0%B7_%D0%BA%D0%BE%D1%81%D0%BC%D0%BE%D1%81%D1%82%D0%B0%D0%BD%D1%86%D0%B8%D0%B8_-_panoramio_%281%29.jpg/330px-%D0%91%D0%BB%D0%B8%D0%B7_%D0%BA%D0%BE%D1%81%D0%BC%D0%BE%D1%81%D1%82%D0%B0%D0%BD%D1%86%D0%B8%D0%B8_-_panoramio_%281%29.jpg?utm_source=commons.wikimedia.org&utm_campaign=imageinfo&utm_content=thumbnail
no,4228a656-9be5-4d9a-8334-6c41d306994d,Карнизное,water_body,File:Gray marmot at Ile-Alatau National Park in Kazakhstan.jpg,0.76,nearby,IKhalitov,CC BY-SA 4.0,https://creativecommons.org/licenses/by-sa/4.0,2701,1820,https://commons.wikimedia.org/wiki/File:Gray_marmot_at_Ile-Alatau_National_Park_in_Kazakhstan.jpg,https://thumb.wikimedia.org/wikipedia/commons/thumb/f/fd/Gray_marmot_at_Ile-Alatau_National_Park_in_Kazakhstan.jpg/330px-Gray_marmot_at_Ile-Alatau_National_Park_in_Kazakhstan.jpg?utm_source=commons.wikimedia.org&utm_campaign=imageinfo&utm_content=thumbnail
no,4228a656-9be5-4d9a-8334-6c41d306994d,Карнизное,water_body,File:White-winged Grosbeak at Ile-Alatau National Park in Kazakhstan.jpg,0.76,nearby,IKhalitov,CC BY-SA 4.0,https://creativecommons.org/licenses/by-sa/4.0,2656,1980,https://commons.wikimedia.org/wiki/File:White-winged_Grosbeak_at_Ile-Alatau_National_Park_in_Kazakhstan.jpg,https://thumb.wikimedia.org/wikipedia/commons/thumb/d/d1/White-winged_Grosbeak_at_Ile-Alatau_National_Park_in_Kazakhstan.jpg/330px-White-winged_Grosbeak_at_Ile-Alatau_National_Park_in_Kazakhstan.jpg?utm_source=commons.wikimedia.org&utm_campaign=imageinfo&utm_content=thumbnail
no,4228a656-9be5-4d9a-8334-6c41d306994d,Карнизное,water_body,File:Himalayan Accentor at Ile-Alatau National Park in Kazakhstan.jpg,0.76,nearby,IKhalitov,CC BY-SA 4.0,https://creativecommons.org/licenses/by-sa/4.0,3235,2119,https://commons.wikimedia.org/wiki/File:Himalayan_Accentor_at_Ile-Alatau_National_Park_in_Kazakhstan.jpg,https://thumb.wikimedia.org/wikipedia/commons/thumb/a/ab/Himalayan_Accentor_at_Ile-Alatau_National_Park_in_Kazakhstan.jpg/330px-Himalayan_Accentor_at_Ile-Alatau_National_Park_in_Kazakhstan.jpg?utm_source=commons.wikimedia.org&utm_campaign=imageinfo&utm_content=thumbnail
no,4228a656-9be5-4d9a-8334-6c41d306994d,Карнизное,water_body,File:Gray marmot at Ile-Alatau National Park in Kazakhstan (cropped).jpg,0.76,nearby,IKhalitov,CC BY-SA 4.0,https://creativecommons.org/licenses/by-sa/4.0,1620,1186,https://commons.wikimedia.org/wiki/File:Gray_marmot_at_Ile-Alatau_National_Park_in_Kazakhstan_(cropped).jpg,https://thumb.wikimedia.org/wikipedia/commons/thumb/9/9b/Gray_marmot_at_Ile-Alatau_National_Park_in_Kazakhstan_%28cropped%29.jpg/330px-Gray_marmot_at_Ile-Alatau_National_Park_in_Kazakhstan_%28cropped%29.jpg?utm_source=commons.wikimedia.org&utm_campaign=imageinfo&utm_content=thumbnail
no,4228a656-9be5-4d9a-8334-6c41d306994d,Карнизное,water_body,File:Близ космостанции - panoramio.jpg,0.75,nearby,Ilya Rudakov,CC BY-SA 3.0,https://creativecommons.org/licenses/by-sa/3.0,8104,3766,https://commons.wikimedia.org/wiki/File:%D0%91%D0%BB%D0%B8%D0%B7_%D0%BA%D0%BE%D1%81%D0%BC%D0%BE%D1%81%D1%82%D0%B0%D0%BD%D1%86%D0%B8%D0%B8_-_panoramio.jpg,https://thumb.wikimedia.org/wikipedia/commons/thumb/e/e6/%D0%91%D0%BB%D0%B8%D0%B7_%D0%BA%D0%BE%D1%81%D0%BC%D0%BE%D1%81%D1%82%D0%B0%D0%BD%D1%86%D0%B8%D0%B8_-_panoramio.jpg/330px-%D0%91%D0%BB%D0%B8%D0%B7_%D0%BA%D0%BE%D1%81%D0%BC%D0%BE%D1%81%D1%82%D0%B0%D0%BD%D1%86%D0%B8%D0%B8_-_panoramio.jpg?utm_source=commons.wikimedia.org&utm_campaign=imageinfo&utm_content=thumbnail
no,4228a656-9be5-4d9a-8334-6c41d306994d,Карнизное,water_body,File:Пик Пила и каменные осыпи над поляной Терра.jpg,0.75,nearby,Жасминовый Дракон,CC BY-SA 4.0,https://creativecommons.org/licenses/by-sa/4.0,4000,3000,https://commons.wikimedia.org/wiki/File:%D0%9F%D0%B8%D0%BA_%D0%9F%D0%B8%D0%BB%D0%B0_%D0%B8_%D0%BA%D0%B0%D0%BC%D0%B5%D0%BD%D0%BD%D1%8B%D0%B5_%D0%BE%D1%81%D1%8B%D0%BF%D0%B8_%D0%BD%D0%B0%D0%B4_%D0%BF%D0%BE%D0%BB%D1%8F%D0%BD%D0%BE%D0%B9_%D0%A2%D0%B5%D1%80%D1%80%D0%B0.jpg,https://thumb.wikimedia.org/wikipedia/commons/thumb/a/af/%D0%9F%D0%B8%D0%BA_%D0%9F%D0%B8%D0%BB%D0%B0_%D0%B8_%D0%BA%D0%B0%D0%BC%D0%B5%D0%BD%D0%BD%D1%8B%D0%B5_%D0%BE%D1%81%D1%8B%D0%BF%D0%B8_%D0%BD%D0%B0%D0%B4_%D0%BF%D0%BE%D0%BB%D1%8F%D0%BD%D0%BE%D0%B9_%D0%A2%D0%B5%D1%80%D1%80%D0%B0.jpg/330px-%D0%9F%D0%B8%D0%BA_%D0%9F%D0%B8%D0%BB%D0%B0_%D0%B8_%D0%BA%D0%B0%D0%BC%D0%B5%D0%BD%D0%BD%D1%8B%D0%B5_%D0%BE%D1%81%D1%8B%D0%BF%D0%B8_%D0%BD%D0%B0%D0%B4_%D0%BF%D0%BE%D0%BB%D1%8F%D0%BD%D0%BE%D0%B9_%D0%A2%D0%B5%D1%80%D1%80%D0%B0.jpg?utm_source=commons.wikimedia.org&utm_campaign=imageinfo&utm_content=thumbnail
no,4228a656-9be5-4d9a-8334-6c41d306994d,Карнизное,water_body,File:Космостанция. Вид на запад - panoramio.jpg,0.75,nearby,Ilya Rudakov,CC BY-SA 3.0,https://creativecommons.org/licenses/by-sa/3.0,6639,3745,https://commons.wikimedia.org/wiki/File:%D0%9A%D0%BE%D1%81%D0%BC%D0%BE%D1%81%D1%82%D0%B0%D0%BD%D1%86%D0%B8%D1%8F._%D0%92%D0%B8%D0%B4_%D0%BD%D0%B0_%D0%B7%D0%B0%D0%BF%D0%B0%D0%B4_-_panoramio.jpg,https://thumb.wikimedia.org/wikipedia/commons/thumb/d/d6/%D0%9A%D0%BE%D1%81%D0%BC%D0%BE%D1%81%D1%82%D0%B0%D0%BD%D1%86%D0%B8%D1%8F._%D0%92%D0%B8%D0%B4_%D0%BD%D0%B0_%D0%B7%D0%B0%D0%BF%D0%B0%D0%B4_-_panoramio.jpg/330px-%D0%9A%D0%BE%D1%81%D0%BC%D0%BE%D1%81%D1%82%D0%B0%D0%BD%D1%86%D0%B8%D1%8F._%D0%92%D0%B8%D0%B4_%D0%BD%D0%B0_%D0%B7%D0%B0%D0%BF%D0%B0%D0%B4_-_panoramio.jpg?utm_source=commons.wikimedia.org&utm_campaign=imageinfo&utm_content=thumbnail
no,4228a656-9be5-4d9a-8334-6c41d306994d,Карнизное,water_body,File:Пик Пила (вид с тропы на Большой Алматинский Пик).jpg,0.73,nearby,Жасминовый Дракон,CC BY-SA 4.0,https://creativecommons.org/licenses/by-sa/4.0,4000,3000,https://commons.wikimedia.org/wiki/File:%D0%9F%D0%B8%D0%BA_%D0%9F%D0%B8%D0%BB%D0%B0_(%D0%B2%D0%B8%D0%B4_%D1%81_%D1%82%D1%80%D0%BE%D0%BF%D1%8B_%D0%BD%D0%B0_%D0%91%D0%BE%D0%BB%D1%8C%D1%88%D0%BE%D0%B9_%D0%90%D0%BB%D0%BC%D0%B0%D1%82%D0%B8%D0%BD%D1%81%D0%BA%D0%B8%D0%B9_%D0%9F%D0%B8%D0%BA).jpg,https://thumb.wikimedia.org/wikipedia/commons/thumb/1/19/%D0%9F%D0%B8%D0%BA_%D0%9F%D0%B8%D0%BB%D0%B0_%28%D0%B2%D0%B8%D0%B4_%D1%81_%D1%82%D1%80%D0%BE%D0%BF%D1%8B_%D0%BD%D0%B0_%D0%91%D0%BE%D0%BB%D1%8C%D1%88%D0%BE%D0%B9_%D0%90%D0%BB%D0%BC%D0%B0%D1%82%D0%B8%D0%BD%D1%81%D0%BA%D0%B8%D0%B9_%D0%9F%D0%B8%D0%BA%29.jpg/330px-%D0%9F%D0%B8%D0%BA_%D0%9F%D0%B8%D0%BB%D0%B0_%28%D0%B2%D0%B8%D0%B4_%D1%81_%D1%82%D1%80%D0%BE%D0%BF%D1%8B_%D0%BD%D0%B0_%D0%91%D0%BE%D0%BB%D1%8C%D1%88%D0%BE%D0%B9_%D0%90%D0%BB%D0%BC%D0%B0%D1%82%D0%B8%D0%BD%D1%81%D0%BA%D0%B8%D0%B9_%D0%9F%D0%B8%D0%BA%29.jpg?utm_source=commons.wikimedia.org&utm_campaign=imageinfo&utm_content=thumbnail
no,4228a656-9be5-4d9a-8334-6c41d306994d,Карнизное,water_body,File:Үлкен Алматы көлі.jpg,0.70,nearby,Chocopie23,CC BY-SA 4.0,https://creativecommons.org/licenses/by-sa/4.0,6880,3028,https://commons.wikimedia.org/wiki/File:%D2%AE%D0%BB%D0%BA%D0%B5%D0%BD_%D0%90%D0%BB%D0%BC%D0%B0%D1%82%D1%8B_%D0%BA%D3%A9%D0%BB%D1%96.jpg,https://thumb.wikimedia.org/wikipedia/commons/thumb/2/22/%D2%AE%D0%BB%D0%BA%D0%B5%D0%BD_%D0%90%D0%BB%D0%BC%D0%B0%D1%82%D1%8B_%D0%BA%D3%A9%D0%BB%D1%96.jpg/330px-%D2%AE%D0%BB%D0%BA%D0%B5%D0%BD_%D0%90%D0%BB%D0%BC%D0%B0%D1%82%D1%8B_%D0%BA%D3%A9%D0%BB%D1%96.jpg?utm_source=commons.wikimedia.org&utm_campaign=imageinfo&utm_content=thumbnail
no,db7037e4-3cac-48ef-98bf-48d26a84a293,Кельте,water_body,File:Река Каратал.jpg,0.55,nearby,Andrygid,CC BY-SA 4.0,https://creativecommons.org/licenses/by-sa/4.0,3264,1832,https://commons.wikimedia.org/wiki/File:%D0%A0%D0%B5%D0%BA%D0%B0_%D0%9A%D0%B0%D1%80%D0%B0%D1%82%D0%B0%D0%BB.jpg,https://thumb.wikimedia.org/wikipedia/commons/thumb/c/cc/%D0%A0%D0%B5%D0%BA%D0%B0_%D0%9A%D0%B0%D1%80%D0%B0%D1%82%D0%B0%D0%BB.jpg/330px-%D0%A0%D0%B5%D0%BA%D0%B0_%D0%9A%D0%B0%D1%80%D0%B0%D1%82%D0%B0%D0%BB.jpg?utm_source=commons.wikimedia.org&utm_campaign=imageinfo&utm_content=thumbnail
no,db7037e4-3cac-48ef-98bf-48d26a84a293,Кельте,water_body,File:Река Каратал у п. Аккиик.jpg,0.55,nearby,Andrygid,CC BY-SA 4.0,https://creativecommons.org/licenses/by-sa/4.0,3264,1832,https://commons.wikimedia.org/wiki/File:%D0%A0%D0%B5%D0%BA%D0%B0_%D0%9A%D0%B0%D1%80%D0%B0%D1%82%D0%B0%D0%BB_%D1%83_%D0%BF._%D0%90%D0%BA%D0%BA%D0%B8%D0%B8%D0%BA.jpg,https://thumb.wikimedia.org/wikipedia/commons/thumb/c/c4/%D0%A0%D0%B5%D0%BA%D0%B0_%D0%9A%D0%B0%D1%80%D0%B0%D1%82%D0%B0%D0%BB_%D1%83_%D0%BF._%D0%90%D0%BA%D0%BA%D0%B8%D0%B8%D0%BA.jpg/330px-%D0%A0%D0%B5%D0%BA%D0%B0_%D0%9A%D0%B0%D1%80%D0%B0%D1%82%D0%B0%D0%BB_%D1%83_%D0%BF._%D0%90%D0%BA%D0%BA%D0%B8%D0%B8%D0%BA.jpg?utm_source=commons.wikimedia.org&utm_campaign=imageinfo&utm_content=thumbnail
no,af7aede1-1914-4e5b-8206-7f4876cfe5e2,Кербулак,water_body,File:ISS049-E-25457 - View of Earth.jpg,0.93,nearby,"Earth Science and Remote Sensing Unit, Lyndon B. Johnson Space Center",Public domain,,4928,3280,https://commons.wikimedia.org/wiki/File:ISS049-E-25457_-_View_of_Earth.jpg,https://thumb.wikimedia.org/wikipedia/commons/thumb/b/b2/ISS049-E-25457_-_View_of_Earth.jpg/330px-ISS049-E-25457_-_View_of_Earth.jpg?utm_source=commons.wikimedia.org&utm_campaign=imageinfo&utm_content=thumbnail
no,af7aede1-1914-4e5b-8206-7f4876cfe5e2,Кербулак,water_body,File:ISS032-E-16799 - View of Earth.jpg,0.93,nearby,"Earth Science and Remote Sensing Unit, Lyndon B. Johnson Space Center",Public domain,,4288,2848,https://commons.wikimedia.org/wiki/File:ISS032-E-16799_-_View_of_Earth.jpg,https://thumb.wikimedia.org/wikipedia/commons/thumb/5/51/ISS032-E-16799_-_View_of_Earth.jpg/330px-ISS032-E-16799_-_View_of_Earth.jpg?utm_source=commons.wikimedia.org&utm_campaign=imageinfo&utm_content=thumbnail
1,3e2ab054-2ab0-471e-acb1-f7ebf58d55b5,Кольсай №1,water_body,"File:Алматинская область, Нижнее Кольсайское озеро, 2023-05-07 01.jpg",2.48,"nearby, name",Bok,CC BY-SA 4.0,https://creativecommons.org/licenses/by-sa/4.0,5063,3375,"https://commons.wikimedia.org/wiki/File:%D0%90%D0%BB%D0%BC%D0%B0%D1%82%D0%B8%D0%BD%D1%81%D0%BA%D0%B0%D1%8F_%D0%BE%D0%B1%D0%BB%D0%B0%D1%81%D1%82%D1%8C,_%D0%9D%D0%B8%D0%B6%D0%BD%D0%B5%D0%B5_%D0%9A%D0%BE%D0%BB%D1%8C%D1%81%D0%B0%D0%B9%D1%81%D0%BA%D0%BE%D0%B5_%D0%BE%D0%B7%D0%B5%D1%80%D0%BE,_2023-05-07_01.jpg",https://thumb.wikimedia.org/wikipedia/commons/thumb/5/5f/%D0%90%D0%BB%D0%BC%D0%B0%D1%82%D0%B8%D0%BD%D1%81%D0%BA%D0%B0%D1%8F_%D0%BE%D0%B1%D0%BB%D0%B0%D1%81%D1%82%D1%8C%2C_%D0%9D%D0%B8%D0%B6%D0%BD%D0%B5%D0%B5_%D0%9A%D0%BE%D0%BB%D1%8C%D1%81%D0%B0%D0%B9%D1%81%D0%BA%D0%BE%D0%B5_%D0%BE%D0%B7%D0%B5%D1%80%D0%BE%2C_2023-05-07_01.jpg/330px-%D0%90%D0%BB%D0%BC%D0%B0%D1%82%D0%B8%D0%BD%D1%81%D0%BA%D0%B0%D1%8F_%D0%BE%D0%B1%D0%BB%D0%B0%D1%81%D1%82%D1%8C%2C_%D0%9D%D0%B8%D0%B6%D0%BD%D0%B5%D0%B5_%D0%9A%D0%BE%D0%BB%D1%8C%D1%81%D0%B0%D0%B9%D1%81%D0%BA%D0%BE%D0%B5_%D0%BE%D0%B7%D0%B5%D1%80%D0%BE%2C_2023-05-07_01.jpg?utm_source=commons.wikimedia.org&utm_campaign=imageinfo&utm_content=thumbnail
no,3e2ab054-2ab0-471e-acb1-f7ebf58d55b5,Кольсай №1,water_body,"File:Нижнее Кольсайское озеро, вид с берега.jpg",2.48,"nearby, name",Tatiana.Klsn,CC BY-SA 4.0,https://creativecommons.org/licenses/by-sa/4.0,4032,3024,"https://commons.wikimedia.org/wiki/File:%D0%9D%D0%B8%D0%B6%D0%BD%D0%B5%D0%B5_%D0%9A%D0%BE%D0%BB%D1%8C%D1%81%D0%B0%D0%B9%D1%81%D0%BA%D0%BE%D0%B5_%D0%BE%D0%B7%D0%B5%D1%80%D0%BE,_%D0%B2%D0%B8%D0%B4_%D1%81_%D0%B1%D0%B5%D1%80%D0%B5%D0%B3%D0%B0.jpg",https://thumb.wikimedia.org/wikipedia/commons/thumb/0/05/%D0%9D%D0%B8%D0%B6%D0%BD%D0%B5%D0%B5_%D0%9A%D0%BE%D0%BB%D1%8C%D1%81%D0%B0%D0%B9%D1%81%D0%BA%D0%BE%D0%B5_%D0%BE%D0%B7%D0%B5%D1%80%D0%BE%2C_%D0%B2%D0%B8%D0%B4_%D1%81_%D0%B1%D0%B5%D1%80%D0%B5%D0%B3%D0%B0.jpg/330px-%D0%9D%D0%B8%D0%B6%D0%BD%D0%B5%D0%B5_%D0%9A%D0%BE%D0%BB%D1%8C%D1%81%D0%B0%D0%B9%D1%81%D0%BA%D0%BE%D0%B5_%D0%BE%D0%B7%D0%B5%D1%80%D0%BE%2C_%D0%B2%D0%B8%D0%B4_%D1%81_%D0%B1%D0%B5%D1%80%D0%B5%D0%B3%D0%B0.jpg?utm_source=commons.wikimedia.org&utm_campaign=imageinfo&utm_content=thumbnail
no,3e2ab054-2ab0-471e-acb1-f7ebf58d55b5,Кольсай №1,water_body,"File:Нижнее Кольсайское озеро, вид сверху.jpg",2.47,"nearby, name",Tatiana.Klsn,CC BY-SA 4.0,https://creativecommons.org/licenses/by-sa/4.0,2594,3458,"https://commons.wikimedia.org/wiki/File:%D0%9D%D0%B8%D0%B6%D0%BD%D0%B5%D0%B5_%D0%9A%D0%BE%D0%BB%D1%8C%D1%81%D0%B0%D0%B9%D1%81%D0%BA%D0%BE%D0%B5_%D0%BE%D0%B7%D0%B5%D1%80%D0%BE,_%D0%B2%D0%B8%D0%B4_%D1%81%D0%B2%D0%B5%D1%80%D1%85%D1%83.jpg",https://thumb.wikimedia.org/wikipedia/commons/thumb/c/cb/%D0%9D%D0%B8%D0%B6%D0%BD%D0%B5%D0%B5_%D0%9A%D0%BE%D0%BB%D1%8C%D1%81%D0%B0%D0%B9%D1%81%D0%BA%D0%BE%D0%B5_%D0%BE%D0%B7%D0%B5%D1%80%D0%BE%2C_%D0%B2%D0%B8%D0%B4_%D1%81%D0%B2%D0%B5%D1%80%D1%85%D1%83.jpg/330px-%D0%9D%D0%B8%D0%B6%D0%BD%D0%B5%D0%B5_%D0%9A%D0%BE%D0%BB%D1%8C%D1%81%D0%B0%D0%B9%D1%81%D0%BA%D0%BE%D0%B5_%D0%BE%D0%B7%D0%B5%D1%80%D0%BE%2C_%D0%B2%D0%B8%D0%B4_%D1%81%D0%B2%D0%B5%D1%80%D1%85%D1%83.jpg?utm_source=commons.wikimedia.org&utm_campaign=imageinfo&utm_content=thumbnail
no,3e2ab054-2ab0-471e-acb1-f7ebf58d55b5,Кольсай №1,water_body,File:Кольсай глазами Флоры.jpg,2.46,"nearby, name",Yevgeniya2307,CC BY-SA 4.0,https://creativecommons.org/licenses/by-sa/4.0,3024,4032,https://commons.wikimedia.org/wiki/File:%D0%9A%D0%BE%D0%BB%D1%8C%D1%81%D0%B0%D0%B9_%D0%B3%D0%BB%D0%B0%D0%B7%D0%B0%D0%BC%D0%B8_%D0%A4%D0%BB%D0%BE%D1%80%D1%8B.jpg,https://thumb.wikimedia.org/wikipedia/commons/thumb/5/56/%D0%9A%D0%BE%D0%BB%D1%8C%D1%81%D0%B0%D0%B9_%D0%B3%D0%BB%D0%B0%D0%B7%D0%B0%D0%BC%D0%B8_%D0%A4%D0%BB%D0%BE%D1%80%D1%8B.jpg/330px-%D0%9A%D0%BE%D0%BB%D1%8C%D1%81%D0%B0%D0%B9_%D0%B3%D0%BB%D0%B0%D0%B7%D0%B0%D0%BC%D0%B8_%D0%A4%D0%BB%D0%BE%D1%80%D1%8B.jpg?utm_source=commons.wikimedia.org&utm_campaign=imageinfo&utm_content=thumbnail
no,3e2ab054-2ab0-471e-acb1-f7ebf58d55b5,Кольсай №1,water_body,"File:Нижнее Кольсайское озеро, вид пешеходной тропы.jpg",2.46,"nearby, name",Tatiana.Klsn,CC BY-SA 4.0,https://creativecommons.org/licenses/by-sa/4.0,3024,4032,"https://commons.wikimedia.org/wiki/File:%D0%9D%D0%B8%D0%B6%D0%BD%D0%B5%D0%B5_%D0%9A%D0%BE%D0%BB%D1%8C%D1%81%D0%B0%D0%B9%D1%81%D0%BA%D0%BE%D0%B5_%D0%BE%D0%B7%D0%B5%D1%80%D0%BE,_%D0%B2%D0%B8%D0%B4_%D0%BF%D0%B5%D1%88%D0%B5%D1%85%D0%BE%D0%B4%D0%BD%D0%BE%D0%B9_%D1%82%D1%80%D0%BE%D0%BF%D1%8B.jpg",https://thumb.wikimedia.org/wikipedia/commons/thumb/1/17/%D0%9D%D0%B8%D0%B6%D0%BD%D0%B5%D0%B5_%D0%9A%D0%BE%D0%BB%D1%8C%D1%81%D0%B0%D0%B9%D1%81%D0%BA%D0%BE%D0%B5_%D0%BE%D0%B7%D0%B5%D1%80%D0%BE%2C_%D0%B2%D0%B8%D0%B4_%D0%BF%D0%B5%D1%88%D0%B5%D1%85%D0%BE%D0%B4%D0%BD%D0%BE%D0%B9_%D1%82%D1%80%D0%BE%D0%BF%D1%8B.jpg/330px-%D0%9D%D0%B8%D0%B6%D0%BD%D0%B5%D0%B5_%D0%9A%D0%BE%D0%BB%D1%8C%D1%81%D0%B0%D0%B9%D1%81%D0%BA%D0%BE%D0%B5_%D0%BE%D0%B7%D0%B5%D1%80%D0%BE%2C_%D0%B2%D0%B8%D0%B4_%D0%BF%D0%B5%D1%88%D0%B5%D1%85%D0%BE%D0%B4%D0%BD%D0%BE%D0%B9_%D1%82%D1%80%D0%BE%D0%BF%D1%8B.jpg?utm_source=commons.wikimedia.org&utm_campaign=imageinfo&utm_content=thumbnail
3,3e2ab054-2ab0-471e-acb1-f7ebf58d55b5,Кольсай №1,water_body,File:Озеро Кольсай в апреле.jpg,2.45,"nearby, name",Batyr Sultangazin,CC BY-SA 4.0,https://creativecommons.org/licenses/by-sa/4.0,4032,3024,https://commons.wikimedia.org/wiki/File:%D0%9E%D0%B7%D0%B5%D1%80%D0%BE_%D0%9A%D0%BE%D0%BB%D1%8C%D1%81%D0%B0%D0%B9_%D0%B2_%D0%B0%D0%BF%D1%80%D0%B5%D0%BB%D0%B5.jpg,https://thumb.wikimedia.org/wikipedia/commons/thumb/f/f5/%D0%9E%D0%B7%D0%B5%D1%80%D0%BE_%D0%9A%D0%BE%D0%BB%D1%8C%D1%81%D0%B0%D0%B9_%D0%B2_%D0%B0%D0%BF%D1%80%D0%B5%D0%BB%D0%B5.jpg/330px-%D0%9E%D0%B7%D0%B5%D1%80%D0%BE_%D0%9A%D0%BE%D0%BB%D1%8C%D1%81%D0%B0%D0%B9_%D0%B2_%D0%B0%D0%BF%D1%80%D0%B5%D0%BB%D0%B5.jpg?utm_source=commons.wikimedia.org&utm_campaign=imageinfo&utm_content=thumbnail
2,3e2ab054-2ab0-471e-acb1-f7ebf58d55b5,Кольсай №1,water_body,File:Национальный парк Кольсайские озёра Нижнее озеро.jpg,2.45,"nearby, name",Marlen567,CC BY-SA 4.0,https://creativecommons.org/licenses/by-sa/4.0,4080,3072,https://commons.wikimedia.org/wiki/File:%D0%9D%D0%B0%D1%86%D0%B8%D0%BE%D0%BD%D0%B0%D0%BB%D1%8C%D0%BD%D1%8B%D0%B9_%D0%BF%D0%B0%D1%80%D0%BA_%D0%9A%D0%BE%D0%BB%D1%8C%D1%81%D0%B0%D0%B9%D1%81%D0%BA%D0%B8%D0%B5_%D0%BE%D0%B7%D1%91%D1%80%D0%B0_%D0%9D%D0%B8%D0%B6%D0%BD%D0%B5%D0%B5_%D0%BE%D0%B7%D0%B5%D1%80%D0%BE.jpg,https://thumb.wikimedia.org/wikipedia/commons/thumb/2/22/%D0%9D%D0%B0%D1%86%D0%B8%D0%BE%D0%BD%D0%B0%D0%BB%D1%8C%D0%BD%D1%8B%D0%B9_%D0%BF%D0%B0%D1%80%D0%BA_%D0%9A%D0%BE%D0%BB%D1%8C%D1%81%D0%B0%D0%B9%D1%81%D0%BA%D0%B8%D0%B5_%D0%BE%D0%B7%D1%91%D1%80%D0%B0_%D0%9D%D0%B8%D0%B6%D0%BD%D0%B5%D0%B5_%D0%BE%D0%B7%D0%B5%D1%80%D0%BE.jpg/330px-%D0%9D%D0%B0%D1%86%D0%B8%D0%BE%D0%BD%D0%B0%D0%BB%D1%8C%D0%BD%D1%8B%D0%B9_%D0%BF%D0%B0%D1%80%D0%BA_%D0%9A%D0%BE%D0%BB%D1%8C%D1%81%D0%B0%D0%B9%D1%81%D0%BA%D0%B8%D0%B5_%D0%BE%D0%B7%D1%91%D1%80%D0%B0_%D0%9D%D0%B8%D0%B6%D0%BD%D0%B5%D0%B5_%D0%BE%D0%B7%D0%B5%D1%80%D0%BE.jpg?utm_source=commons.wikimedia.org&utm_campaign=imageinfo&utm_content=thumbnail
no,3e2ab054-2ab0-471e-acb1-f7ebf58d55b5,Кольсай №1,water_body,File:Национальный парк Кольсайские озёра Нижнее озеро с изменениями.jpg,2.45,"nearby, name",Marlen567,CC BY-SA 4.0,https://creativecommons.org/licenses/by-sa/4.0,4056,2877,https://commons.wikimedia.org/wiki/File:%D0%9D%D0%B0%D1%86%D0%B8%D0%BE%D0%BD%D0%B0%D0%BB%D1%8C%D0%BD%D1%8B%D0%B9_%D0%BF%D0%B0%D1%80%D0%BA_%D0%9A%D0%BE%D0%BB%D1%8C%D1%81%D0%B0%D0%B9%D1%81%D0%BA%D0%B8%D0%B5_%D0%BE%D0%B7%D1%91%D1%80%D0%B0_%D0%9D%D0%B8%D0%B6%D0%BD%D0%B5%D0%B5_%D0%BE%D0%B7%D0%B5%D1%80%D0%BE_%D1%81_%D0%B8%D0%B7%D0%BC%D0%B5%D0%BD%D0%B5%D0%BD%D0%B8%D1%8F%D0%BC%D0%B8.jpg,https://thumb.wikimedia.org/wikipedia/commons/thumb/6/61/%D0%9D%D0%B0%D1%86%D0%B8%D0%BE%D0%BD%D0%B0%D0%BB%D1%8C%D0%BD%D1%8B%D0%B9_%D0%BF%D0%B0%D1%80%D0%BA_%D0%9A%D0%BE%D0%BB%D1%8C%D1%81%D0%B0%D0%B9%D1%81%D0%BA%D0%B8%D0%B5_%D0%BE%D0%B7%D1%91%D1%80%D0%B0_%D0%9D%D0%B8%D0%B6%D0%BD%D0%B5%D0%B5_%D0%BE%D0%B7%D0%B5%D1%80%D0%BE_%D1%81_%D0%B8%D0%B7%D0%BC%D0%B5%D0%BD%D0%B5%D0%BD%D0%B8%D1%8F%D0%BC%D0%B8.jpg/330px-%D0%9D%D0%B0%D1%86%D0%B8%D0%BE%D0%BD%D0%B0%D0%BB%D1%8C%D0%BD%D1%8B%D0%B9_%D0%BF%D0%B0%D1%80%D0%BA_%D0%9A%D0%BE%D0%BB%D1%8C%D1%81%D0%B0%D0%B9%D1%81%D0%BA%D0%B8%D0%B5_%D0%BE%D0%B7%D1%91%D1%80%D0%B0_%D0%9D%D0%B8%D0%B6%D0%BD%D0%B5%D0%B5_%D0%BE%D0%B7%D0%B5%D1%80%D0%BE_%D1%81_%D0%B8%D0%B7%D0%BC%D0%B5%D0%BD%D0%B5%D0%BD%D0%B8%D1%8F%D0%BC%D0%B8.jpg?utm_source=commons.wikimedia.org&utm_campaign=imageinfo&utm_content=thumbnail
no,3e2ab054-2ab0-471e-acb1-f7ebf58d55b5,Кольсай №1,water_body,File:Озеро Кольсай в.jpg,2.45,"nearby, name",Batyr Sultangazin,CC BY-SA 4.0,https://creativecommons.org/licenses/by-sa/4.0,4032,3024,https://commons.wikimedia.org/wiki/File:%D0%9E%D0%B7%D0%B5%D1%80%D0%BE_%D0%9A%D0%BE%D0%BB%D1%8C%D1%81%D0%B0%D0%B9_%D0%B2.jpg,https://thumb.wikimedia.org/wikipedia/commons/thumb/b/b8/%D0%9E%D0%B7%D0%B5%D1%80%D0%BE_%D0%9A%D0%BE%D0%BB%D1%8C%D1%81%D0%B0%D0%B9_%D0%B2.jpg/330px-%D0%9E%D0%B7%D0%B5%D1%80%D0%BE_%D0%9A%D0%BE%D0%BB%D1%8C%D1%81%D0%B0%D0%B9_%D0%B2.jpg?utm_source=commons.wikimedia.org&utm_campaign=imageinfo&utm_content=thumbnail
5,3e2ab054-2ab0-471e-acb1-f7ebf58d55b5,Кольсай №1,water_body,File:Оз. КОЛЬСАЙ.jpg,2.44,"nearby, name",RS128,CC BY-SA 4.0,https://creativecommons.org/licenses/by-sa/4.0,3000,2000,https://commons.wikimedia.org/wiki/File:%D0%9E%D0%B7._%D0%9A%D0%9E%D0%9B%D0%AC%D0%A1%D0%90%D0%99.jpg,https://thumb.wikimedia.org/wikipedia/commons/thumb/5/5e/%D0%9E%D0%B7._%D0%9A%D0%9E%D0%9B%D0%AC%D0%A1%D0%90%D0%99.jpg/330px-%D0%9E%D0%B7._%D0%9A%D0%9E%D0%9B%D0%AC%D0%A1%D0%90%D0%99.jpg?utm_source=commons.wikimedia.org&utm_campaign=imageinfo&utm_content=thumbnail
no,3e2ab054-2ab0-471e-acb1-f7ebf58d55b5,Кольсай №1,water_body,File:Красивое фото на фоне озера Кольсай.jpg,2.44,"nearby, name",Donpollolinganguli,CC BY-SA 4.0,https://creativecommons.org/licenses/by-sa/4.0,4032,3024,https://commons.wikimedia.org/wiki/File:%D0%9A%D1%80%D0%B0%D1%81%D0%B8%D0%B2%D0%BE%D0%B5_%D1%84%D0%BE%D1%82%D0%BE_%D0%BD%D0%B0_%D1%84%D0%BE%D0%BD%D0%B5_%D0%BE%D0%B7%D0%B5%D1%80%D0%B0_%D0%9A%D0%BE%D0%BB%D1%8C%D1%81%D0%B0%D0%B9.jpg,https://thumb.wikimedia.org/wikipedia/commons/thumb/f/ff/%D0%9A%D1%80%D0%B0%D1%81%D0%B8%D0%B2%D0%BE%D0%B5_%D1%84%D0%BE%D1%82%D0%BE_%D0%BD%D0%B0_%D1%84%D0%BE%D0%BD%D0%B5_%D0%BE%D0%B7%D0%B5%D1%80%D0%B0_%D0%9A%D0%BE%D0%BB%D1%8C%D1%81%D0%B0%D0%B9.jpg/330px-%D0%9A%D1%80%D0%B0%D1%81%D0%B8%D0%B2%D0%BE%D0%B5_%D1%84%D0%BE%D1%82%D0%BE_%D0%BD%D0%B0_%D1%84%D0%BE%D0%BD%D0%B5_%D0%BE%D0%B7%D0%B5%D1%80%D0%B0_%D0%9A%D0%BE%D0%BB%D1%8C%D1%81%D0%B0%D0%B9.jpg?utm_source=commons.wikimedia.org&utm_campaign=imageinfo&utm_content=thumbnail
4,3e2ab054-2ab0-471e-acb1-f7ebf58d55b5,Кольсай №1,water_body,File:Көлсай-1 көлі.jpg,2.44,"nearby, name",Ерсұлтан Жапар,CC BY-SA 4.0,https://creativecommons.org/licenses/by-sa/4.0,2268,4032,https://commons.wikimedia.org/wiki/File:%D0%9A%D3%A9%D0%BB%D1%81%D0%B0%D0%B9-1_%D0%BA%D3%A9%D0%BB%D1%96.jpg,https://thumb.wikimedia.org/wikipedia/commons/thumb/c/c4/%D0%9A%D3%A9%D0%BB%D1%81%D0%B0%D0%B9-1_%D0%BA%D3%A9%D0%BB%D1%96.jpg/330px-%D0%9A%D3%A9%D0%BB%D1%81%D0%B0%D0%B9-1_%D0%BA%D3%A9%D0%BB%D1%96.jpg?utm_source=commons.wikimedia.org&utm_campaign=imageinfo&utm_content=thumbnail
no,dfb7fed9-7b09-4222-a716-7123883cadcf,Кольсай №2,water_body,File:Көлсай және оның таулары жаңбыр уақытында. Кольсай и его горы во время ливня.jpg,2.47,"nearby, name",Aigerim Bekova,CC BY-SA 4.0,https://creativecommons.org/licenses/by-sa/4.0,4928,3264,https://commons.wikimedia.org/wiki/File:%D0%9A%D3%A9%D0%BB%D1%81%D0%B0%D0%B9_%D0%B6%D3%99%D0%BD%D0%B5_%D0%BE%D0%BD%D1%8B%D2%A3_%D1%82%D0%B0%D1%83%D0%BB%D0%B0%D1%80%D1%8B_%D0%B6%D0%B0%D2%A3%D0%B1%D1%8B%D1%80_%D1%83%D0%B0%D2%9B%D1%8B%D1%82%D1%8B%D0%BD%D0%B4%D0%B0._%D0%9A%D0%BE%D0%BB%D1%8C%D1%81%D0%B0%D0%B9_%D0%B8_%D0%B5%D0%B3%D0%BE_%D0%B3%D0%BE%D1%80%D1%8B_%D0%B2%D0%BE_%D0%B2%D1%80%D0%B5%D0%BC%D1%8F_%D0%BB%D0%B8%D0%B2%D0%BD%D1%8F.jpg,https://thumb.wikimedia.org/wikipedia/commons/thumb/1/17/%D0%9A%D3%A9%D0%BB%D1%81%D0%B0%D0%B9_%D0%B6%D3%99%D0%BD%D0%B5_%D0%BE%D0%BD%D1%8B%D2%A3_%D1%82%D0%B0%D1%83%D0%BB%D0%B0%D1%80%D1%8B_%D0%B6%D0%B0%D2%A3%D0%B1%D1%8B%D1%80_%D1%83%D0%B0%D2%9B%D1%8B%D1%82%D1%8B%D0%BD%D0%B4%D0%B0._%D0%9A%D0%BE%D0%BB%D1%8C%D1%81%D0%B0%D0%B9_%D0%B8_%D0%B5%D0%B3%D0%BE_%D0%B3%D0%BE%D1%80%D1%8B_%D0%B2%D0%BE_%D0%B2%D1%80%D0%B5%D0%BC%D1%8F_%D0%BB%D0%B8%D0%B2%D0%BD%D1%8F.jpg/330px-%D0%9A%D3%A9%D0%BB%D1%81%D0%B0%D0%B9_%D0%B6%D3%99%D0%BD%D0%B5_%D0%BE%D0%BD%D1%8B%D2%A3_%D1%82%D0%B0%D1%83%D0%BB%D0%B0%D1%80%D1%8B_%D0%B6%D0%B0%D2%A3%D0%B1%D1%8B%D1%80_%D1%83%D0%B0%D2%9B%D1%8B%D1%82%D1%8B%D0%BD%D0%B4%D0%B0._%D0%9A%D0%BE%D0%BB%D1%8C%D1%81%D0%B0%D0%B9_%D0%B8_%D0%B5%D0%B3%D0%BE_%D0%B3%D0%BE%D1%80%D1%8B_%D0%B2%D0%BE_%D0%B2%D1%80%D0%B5%D0%BC%D1%8F_%D0%BB%D0%B8%D0%B2%D0%BD%D1%8F.jpg?utm_source=commons.wikimedia.org&utm_campaign=imageinfo&utm_content=thumbnail
no,dfb7fed9-7b09-4222-a716-7123883cadcf,Кольсай №2,water_body,"File:Көлсайдың теріс жағындағы таулар. Горы, находящиеся с другой стороны Кольсая.jpg",2.47,"nearby, name",Aigerim Bekova,CC BY-SA 4.0,https://creativecommons.org/licenses/by-sa/4.0,4928,3264,"https://commons.wikimedia.org/wiki/File:%D0%9A%D3%A9%D0%BB%D1%81%D0%B0%D0%B9%D0%B4%D1%8B%D2%A3_%D1%82%D0%B5%D1%80%D1%96%D1%81_%D0%B6%D0%B0%D2%93%D1%8B%D0%BD%D0%B4%D0%B0%D2%93%D1%8B_%D1%82%D0%B0%D1%83%D0%BB%D0%B0%D1%80._%D0%93%D0%BE%D1%80%D1%8B,_%D0%BD%D0%B0%D1%85%D0%BE%D0%B4%D1%8F%D1%89%D0%B8%D0%B5%D1%81%D1%8F_%D1%81_%D0%B4%D1%80%D1%83%D0%B3%D0%BE%D0%B9_%D1%81%D1%82%D0%BE%D1%80%D0%BE%D0%BD%D1%8B_%D0%9A%D0%BE%D0%BB%D1%8C%D1%81%D0%B0%D1%8F.jpg",https://thumb.wikimedia.org/wikipedia/commons/thumb/5/58/%D0%9A%D3%A9%D0%BB%D1%81%D0%B0%D0%B9%D0%B4%D1%8B%D2%A3_%D1%82%D0%B5%D1%80%D1%96%D1%81_%D0%B6%D0%B0%D2%93%D1%8B%D0%BD%D0%B4%D0%B0%D2%93%D1%8B_%D1%82%D0%B0%D1%83%D0%BB%D0%B0%D1%80._%D0%93%D0%BE%D1%80%D1%8B%2C_%D0%BD%D0%B0%D1%85%D0%BE%D0%B4%D1%8F%D1%89%D0%B8%D0%B5%D1%81%D1%8F_%D1%81_%D0%B4%D1%80%D1%83%D0%B3%D0%BE%D0%B9_%D1%81%D1%82%D0%BE%D1%80%D0%BE%D0%BD%D1%8B_%D0%9A%D0%BE%D0%BB%D1%8C%D1%81%D0%B0%D1%8F.jpg/330px-%D0%9A%D3%A9%D0%BB%D1%81%D0%B0%D0%B9%D0%B4%D1%8B%D2%A3_%D1%82%D0%B5%D1%80%D1%96%D1%81_%D0%B6%D0%B0%D2%93%D1%8B%D0%BD%D0%B4%D0%B0%D2%93%D1%8B_%D1%82%D0%B0%D1%83%D0%BB%D0%B0%D1%80._%D0%93%D0%BE%D1%80%D1%8B%2C_%D0%BD%D0%B0%D1%85%D0%BE%D0%B4%D1%8F%D1%89%D0%B8%D0%B5%D1%81%D1%8F_%D1%81_%D0%B4%D1%80%D1%83%D0%B3%D0%BE%D0%B9_%D1%81%D1%82%D0%BE%D1%80%D0%BE%D0%BD%D1%8B_%D0%9A%D0%BE%D0%BB%D1%8C%D1%81%D0%B0%D1%8F.jpg?utm_source=commons.wikimedia.org&utm_campaign=imageinfo&utm_content=thumbnail
no,dfb7fed9-7b09-4222-a716-7123883cadcf,Кольсай №2,water_body,File:Көлсай және оның таулары. Кольсай и его горы.jpg,2.47,"nearby, name",Aigerim Bekova,CC BY-SA 4.0,https://creativecommons.org/licenses/by-sa/4.0,4928,3264,https://commons.wikimedia.org/wiki/File:%D0%9A%D3%A9%D0%BB%D1%81%D0%B0%D0%B9_%D0%B6%D3%99%D0%BD%D0%B5_%D0%BE%D0%BD%D1%8B%D2%A3_%D1%82%D0%B0%D1%83%D0%BB%D0%B0%D1%80%D1%8B._%D0%9A%D0%BE%D0%BB%D1%8C%D1%81%D0%B0%D0%B9_%D0%B8_%D0%B5%D0%B3%D0%BE_%D0%B3%D0%BE%D1%80%D1%8B.jpg,https://thumb.wikimedia.org/wikipedia/commons/thumb/a/a2/%D0%9A%D3%A9%D0%BB%D1%81%D0%B0%D0%B9_%D0%B6%D3%99%D0%BD%D0%B5_%D0%BE%D0%BD%D1%8B%D2%A3_%D1%82%D0%B0%D1%83%D0%BB%D0%B0%D1%80%D1%8B._%D0%9A%D0%BE%D0%BB%D1%8C%D1%81%D0%B0%D0%B9_%D0%B8_%D0%B5%D0%B3%D0%BE_%D0%B3%D0%BE%D1%80%D1%8B.jpg/330px-%D0%9A%D3%A9%D0%BB%D1%81%D0%B0%D0%B9_%D0%B6%D3%99%D0%BD%D0%B5_%D0%BE%D0%BD%D1%8B%D2%A3_%D1%82%D0%B0%D1%83%D0%BB%D0%B0%D1%80%D1%8B._%D0%9A%D0%BE%D0%BB%D1%8C%D1%81%D0%B0%D0%B9_%D0%B8_%D0%B5%D0%B3%D0%BE_%D0%B3%D0%BE%D1%80%D1%8B.jpg?utm_source=commons.wikimedia.org&utm_campaign=imageinfo&utm_content=thumbnail
no,dfb7fed9-7b09-4222-a716-7123883cadcf,Кольсай №2,water_body,"File:Көлсайдың теріс, оң жағындағы таулар. Горы, находящиеся с другой, правой стороны Кольсая.jpg",2.47,"nearby, name",Aigerim Bekova,CC BY-SA 4.0,https://creativecommons.org/licenses/by-sa/4.0,4928,3264,"https://commons.wikimedia.org/wiki/File:%D0%9A%D3%A9%D0%BB%D1%81%D0%B0%D0%B9%D0%B4%D1%8B%D2%A3_%D1%82%D0%B5%D1%80%D1%96%D1%81,_%D0%BE%D2%A3_%D0%B6%D0%B0%D2%93%D1%8B%D0%BD%D0%B4%D0%B0%D2%93%D1%8B_%D1%82%D0%B0%D1%83%D0%BB%D0%B0%D1%80._%D0%93%D0%BE%D1%80%D1%8B,_%D0%BD%D0%B0%D1%85%D0%BE%D0%B4%D1%8F%D1%89%D0%B8%D0%B5%D1%81%D1%8F_%D1%81_%D0%B4%D1%80%D1%83%D0%B3%D0%BE%D0%B9,_%D0%BF%D1%80%D0%B0%D0%B2%D0%BE%D0%B9_%D1%81%D1%82%D0%BE%D1%80%D0%BE%D0%BD%D1%8B_%D0%9A%D0%BE%D0%BB%D1%8C%D1%81%D0%B0%D1%8F.jpg",https://thumb.wikimedia.org/wikipedia/commons/thumb/a/a8/%D0%9A%D3%A9%D0%BB%D1%81%D0%B0%D0%B9%D0%B4%D1%8B%D2%A3_%D1%82%D0%B5%D1%80%D1%96%D1%81%2C_%D0%BE%D2%A3_%D0%B6%D0%B0%D2%93%D1%8B%D0%BD%D0%B4%D0%B0%D2%93%D1%8B_%D1%82%D0%B0%D1%83%D0%BB%D0%B0%D1%80._%D0%93%D0%BE%D1%80%D1%8B%2C_%D0%BD%D0%B0%D1%85%D0%BE%D0%B4%D1%8F%D1%89%D0%B8%D0%B5%D1%81%D1%8F_%D1%81_%D0%B4%D1%80%D1%83%D0%B3%D0%BE%D0%B9%2C_%D0%BF%D1%80%D0%B0%D0%B2%D0%BE%D0%B9_%D1%81%D1%82%D0%BE%D1%80%D0%BE%D0%BD%D1%8B_%D0%9A%D0%BE%D0%BB%D1%8C%D1%81%D0%B0%D1%8F.jpg/330px-thumbnail.jpg?utm_source=commons.wikimedia.org&utm_campaign=imageinfo&utm_content=thumbnail
no,dfb7fed9-7b09-4222-a716-7123883cadcf,Кольсай №2,water_body,"File:Көлсай, таулар және саяхатшы-әйел. Кольсай, горы и путешественница.jpg",2.47,"nearby, name",Aigerim Bekova,CC BY-SA 4.0,https://creativecommons.org/licenses/by-sa/4.0,4928,3264,"https://commons.wikimedia.org/wiki/File:%D0%9A%D3%A9%D0%BB%D1%81%D0%B0%D0%B9,_%D1%82%D0%B0%D1%83%D0%BB%D0%B0%D1%80_%D0%B6%D3%99%D0%BD%D0%B5_%D1%81%D0%B0%D1%8F%D1%85%D0%B0%D1%82%D1%88%D1%8B-%D3%99%D0%B9%D0%B5%D0%BB._%D0%9A%D0%BE%D0%BB%D1%8C%D1%81%D0%B0%D0%B9,_%D0%B3%D0%BE%D1%80%D1%8B_%D0%B8_%D0%BF%D1%83%D1%82%D0%B5%D1%88%D0%B5%D1%81%D1%82%D0%B2%D0%B5%D0%BD%D0%BD%D0%B8%D1%86%D0%B0.jpg",https://thumb.wikimedia.org/wikipedia/commons/thumb/c/c0/%D0%9A%D3%A9%D0%BB%D1%81%D0%B0%D0%B9%2C_%D1%82%D0%B0%D1%83%D0%BB%D0%B0%D1%80_%D0%B6%D3%99%D0%BD%D0%B5_%D1%81%D0%B0%D1%8F%D1%85%D0%B0%D1%82%D1%88%D1%8B-%D3%99%D0%B9%D0%B5%D0%BB._%D0%9A%D0%BE%D0%BB%D1%8C%D1%81%D0%B0%D0%B9%2C_%D0%B3%D0%BE%D1%80%D1%8B_%D0%B8_%D0%BF%D1%83%D1%82%D0%B5%D1%88%D0%B5%D1%81%D1%82%D0%B2%D0%B5%D0%BD%D0%BD%D0%B8%D1%86%D0%B0.jpg/330px-%D0%9A%D3%A9%D0%BB%D1%81%D0%B0%D0%B9%2C_%D1%82%D0%B0%D1%83%D0%BB%D0%B0%D1%80_%D0%B6%D3%99%D0%BD%D0%B5_%D1%81%D0%B0%D1%8F%D1%85%D0%B0%D1%82%D1%88%D1%8B-%D3%99%D0%B9%D0%B5%D0%BB._%D0%9A%D0%BE%D0%BB%D1%8C%D1%81%D0%B0%D0%B9%2C_%D0%B3%D0%BE%D1%80%D1%8B_%D0%B8_%D0%BF%D1%83%D1%82%D0%B5%D1%88%D0%B5%D1%81%D1%82%D0%B2%D0%B5%D0%BD%D0%BD%D0%B8%D1%86%D0%B0.jpg?utm_source=commons.wikimedia.org&utm_campaign=imageinfo&utm_content=thumbnail
no,dfb7fed9-7b09-4222-a716-7123883cadcf,Кольсай №2,water_body,File:Верхнее Кольсай.jpg,2.41,"nearby, name",Yevgeniya2307,CC BY-SA 4.0,https://creativecommons.org/licenses/by-sa/4.0,4032,3024,https://commons.wikimedia.org/wiki/File:%D0%92%D0%B5%D1%80%D1%85%D0%BD%D0%B5%D0%B5_%D0%9A%D0%BE%D0%BB%D1%8C%D1%81%D0%B0%D0%B9.jpg,https://thumb.wikimedia.org/wikipedia/commons/thumb/2/28/%D0%92%D0%B5%D1%80%D1%85%D0%BD%D0%B5%D0%B5_%D0%9A%D0%BE%D0%BB%D1%8C%D1%81%D0%B0%D0%B9.jpg/330px-%D0%92%D0%B5%D1%80%D1%85%D0%BD%D0%B5%D0%B5_%D0%9A%D0%BE%D0%BB%D1%8C%D1%81%D0%B0%D0%B9.jpg?utm_source=commons.wikimedia.org&utm_campaign=imageinfo&utm_content=thumbnail
no,dfb7fed9-7b09-4222-a716-7123883cadcf,Кольсай №2,water_body,File:Флора на Кольсае.jpg,2.15,"nearby, name",Yevgeniya2307,CC BY-SA 4.0,https://creativecommons.org/licenses/by-sa/4.0,3024,4032,https://commons.wikimedia.org/wiki/File:%D0%A4%D0%BB%D0%BE%D1%80%D0%B0_%D0%BD%D0%B0_%D0%9A%D0%BE%D0%BB%D1%8C%D1%81%D0%B0%D0%B5.jpg,https://thumb.wikimedia.org/wikipedia/commons/thumb/f/f9/%D0%A4%D0%BB%D0%BE%D1%80%D0%B0_%D0%BD%D0%B0_%D0%9A%D0%BE%D0%BB%D1%8C%D1%81%D0%B0%D0%B5.jpg/330px-%D0%A4%D0%BB%D0%BE%D1%80%D0%B0_%D0%BD%D0%B0_%D0%9A%D0%BE%D0%BB%D1%8C%D1%81%D0%B0%D0%B5.jpg?utm_source=commons.wikimedia.org&utm_campaign=imageinfo&utm_content=thumbnail
1,dfb7fed9-7b09-4222-a716-7123883cadcf,Кольсай №2,water_body,File:Lk Kolsoy 2 - panoramio.jpg,0.93,nearby,Raki_Man,CC BY 3.0,https://creativecommons.org/licenses/by/3.0,1600,1200,https://commons.wikimedia.org/wiki/File:Lk_Kolsoy_2_-_panoramio.jpg,https://thumb.wikimedia.org/wikipedia/commons/thumb/2/21/Lk_Kolsoy_2_-_panoramio.jpg/330px-Lk_Kolsoy_2_-_panoramio.jpg?utm_source=commons.wikimedia.org&utm_campaign=imageinfo&utm_content=thumbnail
no,dfb7fed9-7b09-4222-a716-7123883cadcf,Кольсай №2,water_body,File:В тени облаков.jpg,0.65,nearby,Yevgeniya2307,CC BY-SA 4.0,https://creativecommons.org/licenses/by-sa/4.0,3024,4032,https://commons.wikimedia.org/wiki/File:%D0%92_%D1%82%D0%B5%D0%BD%D0%B8_%D0%BE%D0%B1%D0%BB%D0%B0%D0%BA%D0%BE%D0%B2.jpg,https://thumb.wikimedia.org/wikipedia/commons/thumb/c/cd/%D0%92_%D1%82%D0%B5%D0%BD%D0%B8_%D0%BE%D0%B1%D0%BB%D0%B0%D0%BA%D0%BE%D0%B2.jpg/330px-%D0%92_%D1%82%D0%B5%D0%BD%D0%B8_%D0%BE%D0%B1%D0%BB%D0%B0%D0%BA%D0%BE%D0%B2.jpg?utm_source=commons.wikimedia.org&utm_campaign=imageinfo&utm_content=thumbnail
no,dfb7fed9-7b09-4222-a716-7123883cadcf,Кольсай №2,water_body,File:Up the hill - panoramio.jpg,0.52,nearby,Raki_Man,CC BY 3.0,https://creativecommons.org/licenses/by/3.0,1600,1200,https://commons.wikimedia.org/wiki/File:Up_the_hill_-_panoramio.jpg,https://thumb.wikimedia.org/wikipedia/commons/thumb/1/1b/Up_the_hill_-_panoramio.jpg/330px-Up_the_hill_-_panoramio.jpg?utm_source=commons.wikimedia.org&utm_campaign=imageinfo&utm_content=thumbnail
4,34130c0a-5860-4291-a42b-b6eb5e87d248,Куртинское водохранилище,water_body,File:Куртинское водохранилище - panoramio (4).jpg,2.49,"nearby, name",Anton Yefimov,CC BY 3.0,https://creativecommons.org/licenses/by/3.0,2048,1536,https://commons.wikimedia.org/wiki/File:%D0%9A%D1%83%D1%80%D1%82%D0%B8%D0%BD%D1%81%D0%BA%D0%BE%D0%B5_%D0%B2%D0%BE%D0%B4%D0%BE%D1%85%D1%80%D0%B0%D0%BD%D0%B8%D0%BB%D0%B8%D1%89%D0%B5_-_panoramio_(4).jpg,https://thumb.wikimedia.org/wikipedia/commons/thumb/0/03/%D0%9A%D1%83%D1%80%D1%82%D0%B8%D0%BD%D1%81%D0%BA%D0%BE%D0%B5_%D0%B2%D0%BE%D0%B4%D0%BE%D1%85%D1%80%D0%B0%D0%BD%D0%B8%D0%BB%D0%B8%D1%89%D0%B5_-_panoramio_%284%29.jpg/330px-%D0%9A%D1%83%D1%80%D1%82%D0%B8%D0%BD%D1%81%D0%BA%D0%BE%D0%B5_%D0%B2%D0%BE%D0%B4%D0%BE%D1%85%D1%80%D0%B0%D0%BD%D0%B8%D0%BB%D0%B8%D1%89%D0%B5_-_panoramio_%284%29.jpg?utm_source=commons.wikimedia.org&utm_campaign=imageinfo&utm_content=thumbnail
no,34130c0a-5860-4291-a42b-b6eb5e87d248,Куртинское водохранилище,water_body,File:Куртинское водохранилище - panoramio (5).jpg,2.48,"nearby, name",Anton Yefimov,CC BY 3.0,https://creativecommons.org/licenses/by/3.0,2048,1536,https://commons.wikimedia.org/wiki/File:%D0%9A%D1%83%D1%80%D1%82%D0%B8%D0%BD%D1%81%D0%BA%D0%BE%D0%B5_%D0%B2%D0%BE%D0%B4%D0%BE%D1%85%D1%80%D0%B0%D0%BD%D0%B8%D0%BB%D0%B8%D1%89%D0%B5_-_panoramio_(5).jpg,https://thumb.wikimedia.org/wikipedia/commons/thumb/a/ab/%D0%9A%D1%83%D1%80%D1%82%D0%B8%D0%BD%D1%81%D0%BA%D0%BE%D0%B5_%D0%B2%D0%BE%D0%B4%D0%BE%D1%85%D1%80%D0%B0%D0%BD%D0%B8%D0%BB%D0%B8%D1%89%D0%B5_-_panoramio_%285%29.jpg/330px-%D0%9A%D1%83%D1%80%D1%82%D0%B8%D0%BD%D1%81%D0%BA%D0%BE%D0%B5_%D0%B2%D0%BE%D0%B4%D0%BE%D1%85%D1%80%D0%B0%D0%BD%D0%B8%D0%BB%D0%B8%D1%89%D0%B5_-_panoramio_%285%29.jpg?utm_source=commons.wikimedia.org&utm_campaign=imageinfo&utm_content=thumbnail
no,34130c0a-5860-4291-a42b-b6eb5e87d248,Куртинское водохранилище,water_body,File:Куртинское водохранилище - panoramio (6).jpg,2.46,"nearby, name",Anton Yefimov,CC BY 3.0,https://creativecommons.org/licenses/by/3.0,2048,1536,https://commons.wikimedia.org/wiki/File:%D0%9A%D1%83%D1%80%D1%82%D0%B8%D0%BD%D1%81%D0%BA%D0%BE%D0%B5_%D0%B2%D0%BE%D0%B4%D0%BE%D1%85%D1%80%D0%B0%D0%BD%D0%B8%D0%BB%D0%B8%D1%89%D0%B5_-_panoramio_(6).jpg,https://thumb.wikimedia.org/wikipedia/commons/thumb/0/03/%D0%9A%D1%83%D1%80%D1%82%D0%B8%D0%BD%D1%81%D0%BA%D0%BE%D0%B5_%D0%B2%D0%BE%D0%B4%D0%BE%D1%85%D1%80%D0%B0%D0%BD%D0%B8%D0%BB%D0%B8%D1%89%D0%B5_-_panoramio_%286%29.jpg/330px-%D0%9A%D1%83%D1%80%D1%82%D0%B8%D0%BD%D1%81%D0%BA%D0%BE%D0%B5_%D0%B2%D0%BE%D0%B4%D0%BE%D1%85%D1%80%D0%B0%D0%BD%D0%B8%D0%BB%D0%B8%D1%89%D0%B5_-_panoramio_%286%29.jpg?utm_source=commons.wikimedia.org&utm_campaign=imageinfo&utm_content=thumbnail
2,34130c0a-5860-4291-a42b-b6eb5e87d248,Куртинское водохранилище,water_body,File:Куртинское водохранилище - panoramio (1).jpg,2.46,"nearby, name",Anton Yefimov,CC BY 3.0,https://creativecommons.org/licenses/by/3.0,2048,1536,https://commons.wikimedia.org/wiki/File:%D0%9A%D1%83%D1%80%D1%82%D0%B8%D0%BD%D1%81%D0%BA%D0%BE%D0%B5_%D0%B2%D0%BE%D0%B4%D0%BE%D1%85%D1%80%D0%B0%D0%BD%D0%B8%D0%BB%D0%B8%D1%89%D0%B5_-_panoramio_(1).jpg,https://thumb.wikimedia.org/wikipedia/commons/thumb/7/72/%D0%9A%D1%83%D1%80%D1%82%D0%B8%D0%BD%D1%81%D0%BA%D0%BE%D0%B5_%D0%B2%D0%BE%D0%B4%D0%BE%D1%85%D1%80%D0%B0%D0%BD%D0%B8%D0%BB%D0%B8%D1%89%D0%B5_-_panoramio_%281%29.jpg/330px-%D0%9A%D1%83%D1%80%D1%82%D0%B8%D0%BD%D1%81%D0%BA%D0%BE%D0%B5_%D0%B2%D0%BE%D0%B4%D0%BE%D1%85%D1%80%D0%B0%D0%BD%D0%B8%D0%BB%D0%B8%D1%89%D0%B5_-_panoramio_%281%29.jpg?utm_source=commons.wikimedia.org&utm_campaign=imageinfo&utm_content=thumbnail
1,34130c0a-5860-4291-a42b-b6eb5e87d248,Куртинское водохранилище,water_body,File:Куртинское водохранилище - panoramio.jpg,2.45,"nearby, name",Anton Yefimov,CC BY 3.0,https://creativecommons.org/licenses/by/3.0,2048,1536,https://commons.wikimedia.org/wiki/File:%D0%9A%D1%83%D1%80%D1%82%D0%B8%D0%BD%D1%81%D0%BA%D0%BE%D0%B5_%D0%B2%D0%BE%D0%B4%D0%BE%D1%85%D1%80%D0%B0%D0%BD%D0%B8%D0%BB%D0%B8%D1%89%D0%B5_-_panoramio.jpg,https://thumb.wikimedia.org/wikipedia/commons/thumb/2/2a/%D0%9A%D1%83%D1%80%D1%82%D0%B8%D0%BD%D1%81%D0%BA%D0%BE%D0%B5_%D0%B2%D0%BE%D0%B4%D0%BE%D1%85%D1%80%D0%B0%D0%BD%D0%B8%D0%BB%D0%B8%D1%89%D0%B5_-_panoramio.jpg/330px-%D0%9A%D1%83%D1%80%D1%82%D0%B8%D0%BD%D1%81%D0%BA%D0%BE%D0%B5_%D0%B2%D0%BE%D0%B4%D0%BE%D1%85%D1%80%D0%B0%D0%BD%D0%B8%D0%BB%D0%B8%D1%89%D0%B5_-_panoramio.jpg?utm_source=commons.wikimedia.org&utm_campaign=imageinfo&utm_content=thumbnail
3,34130c0a-5860-4291-a42b-b6eb5e87d248,Куртинское водохранилище,water_body,File:Куртинское водохранилище - panoramio (2).jpg,2.45,"nearby, name",Anton Yefimov,CC BY 3.0,https://creativecommons.org/licenses/by/3.0,2048,1536,https://commons.wikimedia.org/wiki/File:%D0%9A%D1%83%D1%80%D1%82%D0%B8%D0%BD%D1%81%D0%BA%D0%BE%D0%B5_%D0%B2%D0%BE%D0%B4%D0%BE%D1%85%D1%80%D0%B0%D0%BD%D0%B8%D0%BB%D0%B8%D1%89%D0%B5_-_panoramio_(2).jpg,https://thumb.wikimedia.org/wikipedia/commons/thumb/c/c0/%D0%9A%D1%83%D1%80%D1%82%D0%B8%D0%BD%D1%81%D0%BA%D0%BE%D0%B5_%D0%B2%D0%BE%D0%B4%D0%BE%D1%85%D1%80%D0%B0%D0%BD%D0%B8%D0%BB%D0%B8%D1%89%D0%B5_-_panoramio_%282%29.jpg/330px-%D0%9A%D1%83%D1%80%D1%82%D0%B8%D0%BD%D1%81%D0%BA%D0%BE%D0%B5_%D0%B2%D0%BE%D0%B4%D0%BE%D1%85%D1%80%D0%B0%D0%BD%D0%B8%D0%BB%D0%B8%D1%89%D0%B5_-_panoramio_%282%29.jpg?utm_source=commons.wikimedia.org&utm_campaign=imageinfo&utm_content=thumbnail
no,34130c0a-5860-4291-a42b-b6eb5e87d248,Куртинское водохранилище,water_body,File:Куртинское водохранилище - panoramio (3).jpg,2.45,"nearby, name",Anton Yefimov,CC BY 3.0,https://creativecommons.org/licenses/by/3.0,2048,1536,https://commons.wikimedia.org/wiki/File:%D0%9A%D1%83%D1%80%D1%82%D0%B8%D0%BD%D1%81%D0%BA%D0%BE%D0%B5_%D0%B2%D0%BE%D0%B4%D0%BE%D1%85%D1%80%D0%B0%D0%BD%D0%B8%D0%BB%D0%B8%D1%89%D0%B5_-_panoramio_(3).jpg,https://thumb.wikimedia.org/wikipedia/commons/thumb/f/f7/%D0%9A%D1%83%D1%80%D1%82%D0%B8%D0%BD%D1%81%D0%BA%D0%BE%D0%B5_%D0%B2%D0%BE%D0%B4%D0%BE%D1%85%D1%80%D0%B0%D0%BD%D0%B8%D0%BB%D0%B8%D1%89%D0%B5_-_panoramio_%283%29.jpg/330px-%D0%9A%D1%83%D1%80%D1%82%D0%B8%D0%BD%D1%81%D0%BA%D0%BE%D0%B5_%D0%B2%D0%BE%D0%B4%D0%BE%D1%85%D1%80%D0%B0%D0%BD%D0%B8%D0%BB%D0%B8%D1%89%D0%B5_-_panoramio_%283%29.jpg?utm_source=commons.wikimedia.org&utm_campaign=imageinfo&utm_content=thumbnail
no,34130c0a-5860-4291-a42b-b6eb5e87d248,Куртинское водохранилище,water_body,File:Куртинское водохранилище - panoramio (7).jpg,2.44,"nearby, name",Anton Yefimov,CC BY 3.0,https://creativecommons.org/licenses/by/3.0,1536,2048,https://commons.wikimedia.org/wiki/File:%D0%9A%D1%83%D1%80%D1%82%D0%B8%D0%BD%D1%81%D0%BA%D0%BE%D0%B5_%D0%B2%D0%BE%D0%B4%D0%BE%D1%85%D1%80%D0%B0%D0%BD%D0%B8%D0%BB%D0%B8%D1%89%D0%B5_-_panoramio_(7).jpg,https://thumb.wikimedia.org/wikipedia/commons/thumb/6/61/%D0%9A%D1%83%D1%80%D1%82%D0%B8%D0%BD%D1%81%D0%BA%D0%BE%D0%B5_%D0%B2%D0%BE%D0%B4%D0%BE%D1%85%D1%80%D0%B0%D0%BD%D0%B8%D0%BB%D0%B8%D1%89%D0%B5_-_panoramio_%287%29.jpg/330px-%D0%9A%D1%83%D1%80%D1%82%D0%B8%D0%BD%D1%81%D0%BA%D0%BE%D0%B5_%D0%B2%D0%BE%D0%B4%D0%BE%D1%85%D1%80%D0%B0%D0%BD%D0%B8%D0%BB%D0%B8%D1%89%D0%B5_-_panoramio_%287%29.jpg?utm_source=commons.wikimedia.org&utm_campaign=imageinfo&utm_content=thumbnail
no,34130c0a-5860-4291-a42b-b6eb5e87d248,Куртинское водохранилище,water_body,File:Куртинское водохранилище - panoramio (9).jpg,2.37,"nearby, name",Anton Yefimov,CC BY 3.0,https://creativecommons.org/licenses/by/3.0,2048,1536,https://commons.wikimedia.org/wiki/File:%D0%9A%D1%83%D1%80%D1%82%D0%B8%D0%BD%D1%81%D0%BA%D0%BE%D0%B5_%D0%B2%D0%BE%D0%B4%D0%BE%D1%85%D1%80%D0%B0%D0%BD%D0%B8%D0%BB%D0%B8%D1%89%D0%B5_-_panoramio_(9).jpg,https://thumb.wikimedia.org/wikipedia/commons/thumb/c/cf/%D0%9A%D1%83%D1%80%D1%82%D0%B8%D0%BD%D1%81%D0%BA%D0%BE%D0%B5_%D0%B2%D0%BE%D0%B4%D0%BE%D1%85%D1%80%D0%B0%D0%BD%D0%B8%D0%BB%D0%B8%D1%89%D0%B5_-_panoramio_%289%29.jpg/330px-%D0%9A%D1%83%D1%80%D1%82%D0%B8%D0%BD%D1%81%D0%BA%D0%BE%D0%B5_%D0%B2%D0%BE%D0%B4%D0%BE%D1%85%D1%80%D0%B0%D0%BD%D0%B8%D0%BB%D0%B8%D1%89%D0%B5_-_panoramio_%289%29.jpg?utm_source=commons.wikimedia.org&utm_campaign=imageinfo&utm_content=thumbnail
no,34130c0a-5860-4291-a42b-b6eb5e87d248,Куртинское водохранилище,water_body,File:Куртинское водохранилище - panoramio (8).jpg,2.37,"nearby, name",Anton Yefimov,CC BY 3.0,https://creativecommons.org/licenses/by/3.0,2048,1536,https://commons.wikimedia.org/wiki/File:%D0%9A%D1%83%D1%80%D1%82%D0%B8%D0%BD%D1%81%D0%BA%D0%BE%D0%B5_%D0%B2%D0%BE%D0%B4%D0%BE%D1%85%D1%80%D0%B0%D0%BD%D0%B8%D0%BB%D0%B8%D1%89%D0%B5_-_panoramio_(8).jpg,https://thumb.wikimedia.org/wikipedia/commons/thumb/1/1e/%D0%9A%D1%83%D1%80%D1%82%D0%B8%D0%BD%D1%81%D0%BA%D0%BE%D0%B5_%D0%B2%D0%BE%D0%B4%D0%BE%D1%85%D1%80%D0%B0%D0%BD%D0%B8%D0%BB%D0%B8%D1%89%D0%B5_-_panoramio_%288%29.jpg/330px-%D0%9A%D1%83%D1%80%D1%82%D0%B8%D0%BD%D1%81%D0%BA%D0%BE%D0%B5_%D0%B2%D0%BE%D0%B4%D0%BE%D1%85%D1%80%D0%B0%D0%BD%D0%B8%D0%BB%D0%B8%D1%89%D0%B5_-_panoramio_%288%29.jpg?utm_source=commons.wikimedia.org&utm_campaign=imageinfo&utm_content=thumbnail
5,34130c0a-5860-4291-a42b-b6eb5e87d248,Куртинское водохранилище,water_body,File:Куртинское водохранилище - panoramio (11).jpg,2.28,"nearby, name",Anton Yefimov,CC BY 3.0,https://creativecommons.org/licenses/by/3.0,2048,1536,https://commons.wikimedia.org/wiki/File:%D0%9A%D1%83%D1%80%D1%82%D0%B8%D0%BD%D1%81%D0%BA%D0%BE%D0%B5_%D0%B2%D0%BE%D0%B4%D0%BE%D1%85%D1%80%D0%B0%D0%BD%D0%B8%D0%BB%D0%B8%D1%89%D0%B5_-_panoramio_(11).jpg,https://thumb.wikimedia.org/wikipedia/commons/thumb/e/e4/%D0%9A%D1%83%D1%80%D1%82%D0%B8%D0%BD%D1%81%D0%BA%D0%BE%D0%B5_%D0%B2%D0%BE%D0%B4%D0%BE%D1%85%D1%80%D0%B0%D0%BD%D0%B8%D0%BB%D0%B8%D1%89%D0%B5_-_panoramio_%2811%29.jpg/330px-%D0%9A%D1%83%D1%80%D1%82%D0%B8%D0%BD%D1%81%D0%BA%D0%BE%D0%B5_%D0%B2%D0%BE%D0%B4%D0%BE%D1%85%D1%80%D0%B0%D0%BD%D0%B8%D0%BB%D0%B8%D1%89%D0%B5_-_panoramio_%2811%29.jpg?utm_source=commons.wikimedia.org&utm_campaign=imageinfo&utm_content=thumbnail
no,34130c0a-5860-4291-a42b-b6eb5e87d248,Куртинское водохранилище,water_body,File:Куртинское водохранилище - panoramio (10).jpg,2.27,"nearby, name",Anton Yefimov,CC BY 3.0,https://creativecommons.org/licenses/by/3.0,2048,1536,https://commons.wikimedia.org/wiki/File:%D0%9A%D1%83%D1%80%D1%82%D0%B8%D0%BD%D1%81%D0%BA%D0%BE%D0%B5_%D0%B2%D0%BE%D0%B4%D0%BE%D1%85%D1%80%D0%B0%D0%BD%D0%B8%D0%BB%D0%B8%D1%89%D0%B5_-_panoramio_(10).jpg,https://thumb.wikimedia.org/wikipedia/commons/thumb/3/3b/%D0%9A%D1%83%D1%80%D1%82%D0%B8%D0%BD%D1%81%D0%BA%D0%BE%D0%B5_%D0%B2%D0%BE%D0%B4%D0%BE%D1%85%D1%80%D0%B0%D0%BD%D0%B8%D0%BB%D0%B8%D1%89%D0%B5_-_panoramio_%2810%29.jpg/330px-%D0%9A%D1%83%D1%80%D1%82%D0%B8%D0%BD%D1%81%D0%BA%D0%BE%D0%B5_%D0%B2%D0%BE%D0%B4%D0%BE%D1%85%D1%80%D0%B0%D0%BD%D0%B8%D0%BB%D0%B8%D1%89%D0%B5_-_panoramio_%2810%29.jpg?utm_source=commons.wikimedia.org&utm_campaign=imageinfo&utm_content=thumbnail
no,9fbd5ec3-ef75-48c9-b34c-6873ae258a1d,Кызылагаш,water_body,File:ISS065-E-68406 - View of Earth.jpg,0.73,nearby,"Earth Science and Remote Sensing Unit, Lyndon B. Johnson Space Center",Public domain,,5568,3712,https://commons.wikimedia.org/wiki/File:ISS065-E-68406_-_View_of_Earth.jpg,https://thumb.wikimedia.org/wikipedia/commons/thumb/8/88/ISS065-E-68406_-_View_of_Earth.jpg/330px-ISS065-E-68406_-_View_of_Earth.jpg?utm_source=commons.wikimedia.org&utm_campaign=imageinfo&utm_content=thumbnail
no,9fbd5ec3-ef75-48c9-b34c-6873ae258a1d,Кызылагаш,water_body,File:ISS065-E-68407 - View of Earth.jpg,0.73,nearby,"Earth Science and Remote Sensing Unit, Lyndon B. Johnson Space Center",Public domain,,5568,3712,https://commons.wikimedia.org/wiki/File:ISS065-E-68407_-_View_of_Earth.jpg,https://thumb.wikimedia.org/wikipedia/commons/thumb/b/b7/ISS065-E-68407_-_View_of_Earth.jpg/330px-ISS065-E-68407_-_View_of_Earth.jpg?utm_source=commons.wikimedia.org&utm_campaign=imageinfo&utm_content=thumbnail
no,d6460c34-09b6-4c7c-9baa-24b374e21685,Кызылкайын,water_body,File:ISS016-E-16915 - View of Earth.jpg,0.63,nearby,"Earth Science and Remote Sensing Unit, Lyndon B. Johnson Space Center",Public domain,,3032,2008,https://commons.wikimedia.org/wiki/File:ISS016-E-16915_-_View_of_Earth.jpg,https://thumb.wikimedia.org/wikipedia/commons/thumb/2/26/ISS016-E-16915_-_View_of_Earth.jpg/330px-ISS016-E-16915_-_View_of_Earth.jpg?utm_source=commons.wikimedia.org&utm_campaign=imageinfo&utm_content=thumbnail
no,d6460c34-09b6-4c7c-9baa-24b374e21685,Кызылкайын,water_body,File:ISS065-E-487213 - View of Earth.jpg,0.63,nearby,"Earth Science and Remote Sensing Unit, Lyndon B. Johnson Space Center",Public domain,,5568,3712,https://commons.wikimedia.org/wiki/File:ISS065-E-487213_-_View_of_Earth.jpg,https://thumb.wikimedia.org/wikipedia/commons/thumb/b/bf/ISS065-E-487213_-_View_of_Earth.jpg/330px-ISS065-E-487213_-_View_of_Earth.jpg?utm_source=commons.wikimedia.org&utm_campaign=imageinfo&utm_content=thumbnail
no,6f198864-5275-43d6-8952-5b1326d86d82,Мойнакское водохранилище,water_body,File:ISS053-E-32564 - View of Earth.jpg,0.80,nearby,"Earth Science and Remote Sensing Unit, Lyndon B. Johnson Space Center",Public domain,,4928,3280,https://commons.wikimedia.org/wiki/File:ISS053-E-32564_-_View_of_Earth.jpg,https://thumb.wikimedia.org/wikipedia/commons/thumb/9/99/ISS053-E-32564_-_View_of_Earth.jpg/330px-ISS053-E-32564_-_View_of_Earth.jpg?utm_source=commons.wikimedia.org&utm_campaign=imageinfo&utm_content=thumbnail
no,6f198864-5275-43d6-8952-5b1326d86d82,Мойнакское водохранилище,water_body,File:ISS053-E-32565 - View of Earth.jpg,0.80,nearby,"Earth Science and Remote Sensing Unit, Lyndon B. Johnson Space Center",Public domain,,4928,3280,https://commons.wikimedia.org/wiki/File:ISS053-E-32565_-_View_of_Earth.jpg,https://thumb.wikimedia.org/wikipedia/commons/thumb/3/3a/ISS053-E-32565_-_View_of_Earth.jpg/330px-ISS053-E-32565_-_View_of_Earth.jpg?utm_source=commons.wikimedia.org&utm_campaign=imageinfo&utm_content=thumbnail
no,5c8dedf0-47e6-4878-987a-f5bbe2610803,Музколь,water_body,File:ISS054-E-60829 - View of Earth.jpg,0.81,nearby,"Earth Science and Remote Sensing Unit, NASA Johnson Space Center",Public domain,,5568,3712,https://commons.wikimedia.org/wiki/File:ISS054-E-60829_-_View_of_Earth.jpg,https://thumb.wikimedia.org/wikipedia/commons/thumb/c/c3/ISS054-E-60829_-_View_of_Earth.jpg/330px-ISS054-E-60829_-_View_of_Earth.jpg?utm_source=commons.wikimedia.org&utm_campaign=imageinfo&utm_content=thumbnail
no,5c8dedf0-47e6-4878-987a-f5bbe2610803,Музколь,water_body,File:ISS022-E-100137 - View of Earth.jpg,0.81,nearby,"Earth Science and Remote Sensing Unit, Lyndon B. Johnson Space Center",Public domain,,4288,2848,https://commons.wikimedia.org/wiki/File:ISS022-E-100137_-_View_of_Earth.jpg,https://thumb.wikimedia.org/wikipedia/commons/thumb/4/43/ISS022-E-100137_-_View_of_Earth.jpg/330px-ISS022-E-100137_-_View_of_Earth.jpg?utm_source=commons.wikimedia.org&utm_campaign=imageinfo&utm_content=thumbnail
no,bb1ab888-0a91-48b6-a4ac-298b379401a6,Нижнее озеро Тогызак,water_body,File:Mount of Alatau.jpg,0.59,nearby,Torinari,CC0,http://creativecommons.org/publicdomain/zero/1.0/deed.en,1080,1350,https://commons.wikimedia.org/wiki/File:Mount_of_Alatau.jpg,https://thumb.wikimedia.org/wikipedia/commons/thumb/b/b1/Mount_of_Alatau.jpg/330px-Mount_of_Alatau.jpg?utm_source=commons.wikimedia.org&utm_campaign=imageinfo&utm_content=thumbnail
no,a6ce733a-b63d-4aac-b198-3dcbf6215a8f,Нижний Жасылколь,water_body,File:ISS053-E-38410 - View of Earth.jpg,0.79,nearby,"Earth Science and Remote Sensing Unit, Lyndon B. Johnson Space Center",Public domain,,4928,3280,https://commons.wikimedia.org/wiki/File:ISS053-E-38410_-_View_of_Earth.jpg,https://thumb.wikimedia.org/wikipedia/commons/thumb/1/11/ISS053-E-38410_-_View_of_Earth.jpg/330px-ISS053-E-38410_-_View_of_Earth.jpg?utm_source=commons.wikimedia.org&utm_campaign=imageinfo&utm_content=thumbnail
no,a6ce733a-b63d-4aac-b198-3dcbf6215a8f,Нижний Жасылколь,water_body,File:ISS053-E-38411 - View of Earth.jpg,0.79,nearby,"Earth Science and Remote Sensing Unit, Lyndon B. Johnson Space Center",Public domain,,4928,3280,https://commons.wikimedia.org/wiki/File:ISS053-E-38411_-_View_of_Earth.jpg,https://thumb.wikimedia.org/wikipedia/commons/thumb/a/a2/ISS053-E-38411_-_View_of_Earth.jpg/330px-ISS053-E-38411_-_View_of_Earth.jpg?utm_source=commons.wikimedia.org&utm_campaign=imageinfo&utm_content=thumbnail
no,a5394070-dd7e-4789-98af-595e03872350,Нижняя Терренкара,water_body,"File:Ile District, Kazakhstan - panoramio (34).jpg",0.85,nearby,Anton Yefimov,CC BY 3.0,https://creativecommons.org/licenses/by/3.0,3264,2448,"https://commons.wikimedia.org/wiki/File:Ile_District,_Kazakhstan_-_panoramio_(34).jpg",https://thumb.wikimedia.org/wikipedia/commons/thumb/d/dc/Ile_District%2C_Kazakhstan_-_panoramio_%2834%29.jpg/330px-Ile_District%2C_Kazakhstan_-_panoramio_%2834%29.jpg?utm_source=commons.wikimedia.org&utm_campaign=imageinfo&utm_content=thumbnail
no,a5394070-dd7e-4789-98af-595e03872350,Нижняя Терренкара,water_body,"File:Ile District, Kazakhstan - panoramio (35).jpg",0.85,nearby,Anton Yefimov,CC BY 3.0,https://creativecommons.org/licenses/by/3.0,3264,2448,"https://commons.wikimedia.org/wiki/File:Ile_District,_Kazakhstan_-_panoramio_(35).jpg",https://thumb.wikimedia.org/wikipedia/commons/thumb/0/0b/Ile_District%2C_Kazakhstan_-_panoramio_%2835%29.jpg/330px-Ile_District%2C_Kazakhstan_-_panoramio_%2835%29.jpg?utm_source=commons.wikimedia.org&utm_campaign=imageinfo&utm_content=thumbnail
no,a5394070-dd7e-4789-98af-595e03872350,Нижняя Терренкара,water_body,"File:Ile District, Kazakhstan - panoramio (36).jpg",0.85,nearby,Anton Yefimov,CC BY 3.0,https://creativecommons.org/licenses/by/3.0,3264,2448,"https://commons.wikimedia.org/wiki/File:Ile_District,_Kazakhstan_-_panoramio_(36).jpg",https://thumb.wikimedia.org/wikipedia/commons/thumb/6/60/Ile_District%2C_Kazakhstan_-_panoramio_%2836%29.jpg/330px-Ile_District%2C_Kazakhstan_-_panoramio_%2836%29.jpg?utm_source=commons.wikimedia.org&utm_campaign=imageinfo&utm_content=thumbnail
no,a5394070-dd7e-4789-98af-595e03872350,Нижняя Терренкара,water_body,"File:Ile District, Kazakhstan - panoramio (25).jpg",0.84,nearby,Anton Yefimov,CC BY 3.0,https://creativecommons.org/licenses/by/3.0,3264,2448,"https://commons.wikimedia.org/wiki/File:Ile_District,_Kazakhstan_-_panoramio_(25).jpg",https://thumb.wikimedia.org/wikipedia/commons/thumb/b/ba/Ile_District%2C_Kazakhstan_-_panoramio_%2825%29.jpg/330px-Ile_District%2C_Kazakhstan_-_panoramio_%2825%29.jpg?utm_source=commons.wikimedia.org&utm_campaign=imageinfo&utm_content=thumbnail
no,a5394070-dd7e-4789-98af-595e03872350,Нижняя Терренкара,water_body,"File:Ile District, Kazakhstan - panoramio (33).jpg",0.84,nearby,Anton Yefimov,CC BY 3.0,https://creativecommons.org/licenses/by/3.0,3264,2448,"https://commons.wikimedia.org/wiki/File:Ile_District,_Kazakhstan_-_panoramio_(33).jpg",https://thumb.wikimedia.org/wikipedia/commons/thumb/a/a0/Ile_District%2C_Kazakhstan_-_panoramio_%2833%29.jpg/330px-Ile_District%2C_Kazakhstan_-_panoramio_%2833%29.jpg?utm_source=commons.wikimedia.org&utm_campaign=imageinfo&utm_content=thumbnail
no,a5394070-dd7e-4789-98af-595e03872350,Нижняя Терренкара,water_body,"File:Ile District, Kazakhstan - panoramio (26).jpg",0.84,nearby,Anton Yefimov,CC BY 3.0,https://creativecommons.org/licenses/by/3.0,3264,2448,"https://commons.wikimedia.org/wiki/File:Ile_District,_Kazakhstan_-_panoramio_(26).jpg",https://thumb.wikimedia.org/wikipedia/commons/thumb/b/bd/Ile_District%2C_Kazakhstan_-_panoramio_%2826%29.jpg/330px-Ile_District%2C_Kazakhstan_-_panoramio_%2826%29.jpg?utm_source=commons.wikimedia.org&utm_campaign=imageinfo&utm_content=thumbnail
no,a5394070-dd7e-4789-98af-595e03872350,Нижняя Терренкара,water_body,"File:Ile District, Kazakhstan - panoramio (32).jpg",0.83,nearby,Anton Yefimov,CC BY 3.0,https://creativecommons.org/licenses/by/3.0,3264,2448,"https://commons.wikimedia.org/wiki/File:Ile_District,_Kazakhstan_-_panoramio_(32).jpg",https://thumb.wikimedia.org/wikipedia/commons/thumb/0/07/Ile_District%2C_Kazakhstan_-_panoramio_%2832%29.jpg/330px-Ile_District%2C_Kazakhstan_-_panoramio_%2832%29.jpg?utm_source=commons.wikimedia.org&utm_campaign=imageinfo&utm_content=thumbnail
no,a5394070-dd7e-4789-98af-595e03872350,Нижняя Терренкара,water_body,File:Радиоцентр - panoramio.jpg,0.83,nearby,Anton Yefimov,CC BY 3.0,https://creativecommons.org/licenses/by/3.0,2048,1536,https://commons.wikimedia.org/wiki/File:%D0%A0%D0%B0%D0%B4%D0%B8%D0%BE%D1%86%D0%B5%D0%BD%D1%82%D1%80_-_panoramio.jpg,https://thumb.wikimedia.org/wikipedia/commons/thumb/4/41/%D0%A0%D0%B0%D0%B4%D0%B8%D0%BE%D1%86%D0%B5%D0%BD%D1%82%D1%80_-_panoramio.jpg/330px-%D0%A0%D0%B0%D0%B4%D0%B8%D0%BE%D1%86%D0%B5%D0%BD%D1%82%D1%80_-_panoramio.jpg?utm_source=commons.wikimedia.org&utm_campaign=imageinfo&utm_content=thumbnail
no,a5394070-dd7e-4789-98af-595e03872350,Нижняя Терренкара,water_body,"File:Ile District, Kazakhstan - panoramio (19).jpg",0.82,nearby,Anton Yefimov,CC BY 3.0,https://creativecommons.org/licenses/by/3.0,3264,2448,"https://commons.wikimedia.org/wiki/File:Ile_District,_Kazakhstan_-_panoramio_(19).jpg",https://thumb.wikimedia.org/wikipedia/commons/thumb/2/21/Ile_District%2C_Kazakhstan_-_panoramio_%2819%29.jpg/330px-Ile_District%2C_Kazakhstan_-_panoramio_%2819%29.jpg?utm_source=commons.wikimedia.org&utm_campaign=imageinfo&utm_content=thumbnail
no,a5394070-dd7e-4789-98af-595e03872350,Нижняя Терренкара,water_body,"File:Ile District, Kazakhstan - panoramio (20).jpg",0.82,nearby,Anton Yefimov,CC BY 3.0,https://creativecommons.org/licenses/by/3.0,3264,2448,"https://commons.wikimedia.org/wiki/File:Ile_District,_Kazakhstan_-_panoramio_(20).jpg",https://thumb.wikimedia.org/wikipedia/commons/thumb/7/74/Ile_District%2C_Kazakhstan_-_panoramio_%2820%29.jpg/330px-Ile_District%2C_Kazakhstan_-_panoramio_%2820%29.jpg?utm_source=commons.wikimedia.org&utm_campaign=imageinfo&utm_content=thumbnail
no,a5394070-dd7e-4789-98af-595e03872350,Нижняя Терренкара,water_body,"File:Ile District, Kazakhstan - panoramio (24).jpg",0.82,nearby,Anton Yefimov,CC BY 3.0,https://creativecommons.org/licenses/by/3.0,3264,2448,"https://commons.wikimedia.org/wiki/File:Ile_District,_Kazakhstan_-_panoramio_(24).jpg",https://thumb.wikimedia.org/wikipedia/commons/thumb/d/d4/Ile_District%2C_Kazakhstan_-_panoramio_%2824%29.jpg/330px-Ile_District%2C_Kazakhstan_-_panoramio_%2824%29.jpg?utm_source=commons.wikimedia.org&utm_campaign=imageinfo&utm_content=thumbnail
no,a5394070-dd7e-4789-98af-595e03872350,Нижняя Терренкара,water_body,"File:Ile District, Kazakhstan - panoramio (21).jpg",0.82,nearby,Anton Yefimov,CC BY 3.0,https://creativecommons.org/licenses/by/3.0,3264,2448,"https://commons.wikimedia.org/wiki/File:Ile_District,_Kazakhstan_-_panoramio_(21).jpg",https://thumb.wikimedia.org/wikipedia/commons/thumb/5/55/Ile_District%2C_Kazakhstan_-_panoramio_%2821%29.jpg/330px-Ile_District%2C_Kazakhstan_-_panoramio_%2821%29.jpg?utm_source=commons.wikimedia.org&utm_campaign=imageinfo&utm_content=thumbnail
1,c7a67d7f-eebf-4ad7-80d4-b2da5f30f1ad,Озера Титова,water_body,File:Титов көліне аттас асудан көрініс. Озеро Титова с одноименного перевала.jpg,2.42,"nearby, name",Kubakan,CC BY-SA 4.0,https://creativecommons.org/licenses/by-sa/4.0,9913,4450,https://commons.wikimedia.org/wiki/File:%D0%A2%D0%B8%D1%82%D0%BE%D0%B2_%D0%BA%D3%A9%D0%BB%D1%96%D0%BD%D0%B5_%D0%B0%D1%82%D1%82%D0%B0%D1%81_%D0%B0%D1%81%D1%83%D0%B4%D0%B0%D0%BD_%D0%BA%D3%A9%D1%80%D1%96%D0%BD%D1%96%D1%81._%D0%9E%D0%B7%D0%B5%D1%80%D0%BE_%D0%A2%D0%B8%D1%82%D0%BE%D0%B2%D0%B0_%D1%81_%D0%BE%D0%B4%D0%BD%D0%BE%D0%B8%D0%BC%D0%B5%D0%BD%D0%BD%D0%BE%D0%B3%D0%BE_%D0%BF%D0%B5%D1%80%D0%B5%D0%B2%D0%B0%D0%BB%D0%B0.jpg,https://thumb.wikimedia.org/wikipedia/commons/thumb/6/60/%D0%A2%D0%B8%D1%82%D0%BE%D0%B2_%D0%BA%D3%A9%D0%BB%D1%96%D0%BD%D0%B5_%D0%B0%D1%82%D1%82%D0%B0%D1%81_%D0%B0%D1%81%D1%83%D0%B4%D0%B0%D0%BD_%D0%BA%D3%A9%D1%80%D1%96%D0%BD%D1%96%D1%81._%D0%9E%D0%B7%D0%B5%D1%80%D0%BE_%D0%A2%D0%B8%D1%82%D0%BE%D0%B2%D0%B0_%D1%81_%D0%BE%D0%B4%D0%BD%D0%BE%D0%B8%D0%BC%D0%B5%D0%BD%D0%BD%D0%BE%D0%B3%D0%BE_%D0%BF%D0%B5%D1%80%D0%B5%D0%B2%D0%B0%D0%BB%D0%B0.jpg/330px-%D0%A2%D0%B8%D1%82%D0%BE%D0%B2_%D0%BA%D3%A9%D0%BB%D1%96%D0%BD%D0%B5_%D0%B0%D1%82%D1%82%D0%B0%D1%81_%D0%B0%D1%81%D1%83%D0%B4%D0%B0%D0%BD_%D0%BA%D3%A9%D1%80%D1%96%D0%BD%D1%96%D1%81._%D0%9E%D0%B7%D0%B5%D1%80%D0%BE_%D0%A2%D0%B8%D1%82%D0%BE%D0%B2%D0%B0_%D1%81_%D0%BE%D0%B4%D0%BD%D0%BE%D0%B8%D0%BC%D0%B5%D0%BD%D0%BD%D0%BE%D0%B3%D0%BE_%D0%BF%D0%B5%D1%80%D0%B5%D0%B2%D0%B0%D0%BB%D0%B0.jpg?utm_source=commons.wikimedia.org&utm_campaign=imageinfo&utm_content=thumbnail
no,c7a67d7f-eebf-4ad7-80d4-b2da5f30f1ad,Озера Титова,water_body,File:Верховье Иле-Алатау.jpg,0.87,nearby,Alessandro893,CC BY-SA 4.0,https://creativecommons.org/licenses/by-sa/4.0,4032,3024,https://commons.wikimedia.org/wiki/File:%D0%92%D0%B5%D1%80%D1%85%D0%BE%D0%B2%D1%8C%D0%B5_%D0%98%D0%BB%D0%B5-%D0%90%D0%BB%D0%B0%D1%82%D0%B0%D1%83.jpg,https://thumb.wikimedia.org/wikipedia/commons/thumb/b/bb/%D0%92%D0%B5%D1%80%D1%85%D0%BE%D0%B2%D1%8C%D0%B5_%D0%98%D0%BB%D0%B5-%D0%90%D0%BB%D0%B0%D1%82%D0%B0%D1%83.jpg/330px-%D0%92%D0%B5%D1%80%D1%85%D0%BE%D0%B2%D1%8C%D0%B5_%D0%98%D0%BB%D0%B5-%D0%90%D0%BB%D0%B0%D1%82%D0%B0%D1%83.jpg?utm_source=commons.wikimedia.org&utm_campaign=imageinfo&utm_content=thumbnail
no,c7a67d7f-eebf-4ad7-80d4-b2da5f30f1ad,Озера Титова,water_body,File:Мыңжылқыдан жоғары 2 км.jpg,0.87,nearby,Хасен Айсауле,CC BY-SA 4.0,https://creativecommons.org/licenses/by-sa/4.0,2232,3968,https://commons.wikimedia.org/wiki/File:%D0%9C%D1%8B%D2%A3%D0%B6%D1%8B%D0%BB%D2%9B%D1%8B%D0%B4%D0%B0%D0%BD_%D0%B6%D0%BE%D2%93%D0%B0%D1%80%D1%8B_2_%D0%BA%D0%BC.jpg,https://thumb.wikimedia.org/wikipedia/commons/thumb/a/a2/%D0%9C%D1%8B%D2%A3%D0%B6%D1%8B%D0%BB%D2%9B%D1%8B%D0%B4%D0%B0%D0%BD_%D0%B6%D0%BE%D2%93%D0%B0%D1%80%D1%8B_2_%D0%BA%D0%BC.jpg/330px-%D0%9C%D1%8B%D2%A3%D0%B6%D1%8B%D0%BB%D2%9B%D1%8B%D0%B4%D0%B0%D0%BD_%D0%B6%D0%BE%D2%93%D0%B0%D1%80%D1%8B_2_%D0%BA%D0%BC.jpg?utm_source=commons.wikimedia.org&utm_campaign=imageinfo&utm_content=thumbnail
no,c7a67d7f-eebf-4ad7-80d4-b2da5f30f1ad,Озера Титова,water_body,File:Мыңжылқы.jpg,0.86,nearby,Хасен Айсауле,CC BY-SA 4.0,https://creativecommons.org/licenses/by-sa/4.0,3968,2232,https://commons.wikimedia.org/wiki/File:%D0%9C%D1%8B%D2%A3%D0%B6%D1%8B%D0%BB%D2%9B%D1%8B.jpg,https://thumb.wikimedia.org/wikipedia/commons/thumb/5/5f/%D0%9C%D1%8B%D2%A3%D0%B6%D1%8B%D0%BB%D2%9B%D1%8B.jpg/330px-%D0%9C%D1%8B%D2%A3%D0%B6%D1%8B%D0%BB%D2%9B%D1%8B.jpg?utm_source=commons.wikimedia.org&utm_campaign=imageinfo&utm_content=thumbnail
no,c7a67d7f-eebf-4ad7-80d4-b2da5f30f1ad,Озера Титова,water_body,File:Almaty IMG 3315 Almaty (24047148718).jpg,0.84,nearby,"Ninara from Helsinki, Finland",CC BY 2.0,https://creativecommons.org/licenses/by/2.0,2999,1999,https://commons.wikimedia.org/wiki/File:Almaty_IMG_3315_Almaty_(24047148718).jpg,https://thumb.wikimedia.org/wikipedia/commons/thumb/3/38/Almaty_IMG_3315_Almaty_%2824047148718%29.jpg/330px-Almaty_IMG_3315_Almaty_%2824047148718%29.jpg?utm_source=commons.wikimedia.org&utm_campaign=imageinfo&utm_content=thumbnail
no,c7a67d7f-eebf-4ad7-80d4-b2da5f30f1ad,Озера Титова,water_body,File:Вид на Большое Алматинское Озеро.jpg,0.82,nearby,Alessandro893,CC BY-SA 4.0,https://creativecommons.org/licenses/by-sa/4.0,4032,3024,https://commons.wikimedia.org/wiki/File:%D0%92%D0%B8%D0%B4_%D0%BD%D0%B0_%D0%91%D0%BE%D0%BB%D1%8C%D1%88%D0%BE%D0%B5_%D0%90%D0%BB%D0%BC%D0%B0%D1%82%D0%B8%D0%BD%D1%81%D0%BA%D0%BE%D0%B5_%D0%9E%D0%B7%D0%B5%D1%80%D0%BE.jpg,https://thumb.wikimedia.org/wikipedia/commons/thumb/d/dc/%D0%92%D0%B8%D0%B4_%D0%BD%D0%B0_%D0%91%D0%BE%D0%BB%D1%8C%D1%88%D0%BE%D0%B5_%D0%90%D0%BB%D0%BC%D0%B0%D1%82%D0%B8%D0%BD%D1%81%D0%BA%D0%BE%D0%B5_%D0%9E%D0%B7%D0%B5%D1%80%D0%BE.jpg/330px-%D0%92%D0%B8%D0%B4_%D0%BD%D0%B0_%D0%91%D0%BE%D0%BB%D1%8C%D1%88%D0%BE%D0%B5_%D0%90%D0%BB%D0%BC%D0%B0%D1%82%D0%B8%D0%BD%D1%81%D0%BA%D0%BE%D0%B5_%D0%9E%D0%B7%D0%B5%D1%80%D0%BE.jpg?utm_source=commons.wikimedia.org&utm_campaign=imageinfo&utm_content=thumbnail
no,c7a67d7f-eebf-4ad7-80d4-b2da5f30f1ad,Озера Титова,water_body,File:Stone path.jpg,0.82,nearby,Rogiven,CC BY-SA 4.0,https://creativecommons.org/licenses/by-sa/4.0,4608,3456,https://commons.wikimedia.org/wiki/File:Stone_path.jpg,https://thumb.wikimedia.org/wikipedia/commons/thumb/7/75/Stone_path.jpg/330px-Stone_path.jpg?utm_source=commons.wikimedia.org&utm_campaign=imageinfo&utm_content=thumbnail
no,c7a67d7f-eebf-4ad7-80d4-b2da5f30f1ad,Озера Титова,water_body,File:Almaty IMG 3321 Almaty (37641969690).jpg,0.81,nearby,"Ninara from Helsinki, Finland",CC BY 2.0,https://creativecommons.org/licenses/by/2.0,3251,1845,https://commons.wikimedia.org/wiki/File:Almaty_IMG_3321_Almaty_(37641969690).jpg,https://thumb.wikimedia.org/wikipedia/commons/thumb/0/01/Almaty_IMG_3321_Almaty_%2837641969690%29.jpg/330px-Almaty_IMG_3321_Almaty_%2837641969690%29.jpg?utm_source=commons.wikimedia.org&utm_campaign=imageinfo&utm_content=thumbnail
no,c7a67d7f-eebf-4ad7-80d4-b2da5f30f1ad,Озера Титова,water_body,File:Shymbulak Ile Alatau Mountains in Almaty 03.jpg,0.79,nearby,Ninaras,CC BY 4.0,https://creativecommons.org/licenses/by/4.0,3290,1822,https://commons.wikimedia.org/wiki/File:Shymbulak_Ile_Alatau_Mountains_in_Almaty_03.jpg,https://thumb.wikimedia.org/wikipedia/commons/thumb/b/bb/Shymbulak_Ile_Alatau_Mountains_in_Almaty_03.jpg/330px-Shymbulak_Ile_Alatau_Mountains_in_Almaty_03.jpg?utm_source=commons.wikimedia.org&utm_campaign=imageinfo&utm_content=thumbnail
no,c7a67d7f-eebf-4ad7-80d4-b2da5f30f1ad,Озера Титова,water_body,File:Almaty IMG 3309 Almaty (37189238714).jpg,0.78,nearby,"Ninara from Helsinki, Finland",CC BY 2.0,https://creativecommons.org/licenses/by/2.0,3065,1957,https://commons.wikimedia.org/wiki/File:Almaty_IMG_3309_Almaty_(37189238714).jpg,https://thumb.wikimedia.org/wikipedia/commons/thumb/1/14/Almaty_IMG_3309_Almaty_%2837189238714%29.jpg/330px-Almaty_IMG_3309_Almaty_%2837189238714%29.jpg?utm_source=commons.wikimedia.org&utm_campaign=imageinfo&utm_content=thumbnail
no,c7a67d7f-eebf-4ad7-80d4-b2da5f30f1ad,Озера Титова,water_body,File:Almaty IMG 3348 Almaty (37868247402).jpg,0.78,nearby,"Ninara from Helsinki, Finland",CC BY 2.0,https://creativecommons.org/licenses/by/2.0,2999,1999,https://commons.wikimedia.org/wiki/File:Almaty_IMG_3348_Almaty_(37868247402).jpg,https://thumb.wikimedia.org/wikipedia/commons/thumb/6/60/Almaty_IMG_3348_Almaty_%2837868247402%29.jpg/330px-Almaty_IMG_3348_Almaty_%2837868247402%29.jpg?utm_source=commons.wikimedia.org&utm_campaign=imageinfo&utm_content=thumbnail
no,c7a67d7f-eebf-4ad7-80d4-b2da5f30f1ad,Озера Титова,water_body,File:Туюксай2.jpg,0.77,nearby,Tariaq,CC BY-SA 4.0,https://creativecommons.org/licenses/by-sa/4.0,4032,1960,https://commons.wikimedia.org/wiki/File:%D0%A2%D1%83%D1%8E%D0%BA%D1%81%D0%B0%D0%B92.jpg,https://thumb.wikimedia.org/wikipedia/commons/thumb/9/91/%D0%A2%D1%83%D1%8E%D0%BA%D1%81%D0%B0%D0%B92.jpg/330px-%D0%A2%D1%83%D1%8E%D0%BA%D1%81%D0%B0%D0%B92.jpg?utm_source=commons.wikimedia.org&utm_campaign=imageinfo&utm_content=thumbnail
no,83e32ea6-051e-4f83-9592-cf84f5d63189,Озеро Асаубай,water_body,File:ISS053-E-147206 - View of Earth.jpg,0.62,nearby,"Earth Science and Remote Sensing Unit, Lyndon B. Johnson Space Center",Public domain,,4928,3280,https://commons.wikimedia.org/wiki/File:ISS053-E-147206_-_View_of_Earth.jpg,https://thumb.wikimedia.org/wikipedia/commons/thumb/5/56/ISS053-E-147206_-_View_of_Earth.jpg/330px-ISS053-E-147206_-_View_of_Earth.jpg?utm_source=commons.wikimedia.org&utm_campaign=imageinfo&utm_content=thumbnail
no,83e32ea6-051e-4f83-9592-cf84f5d63189,Озеро Асаубай,water_body,File:ISS053-E-222277 - View of Earth.jpg,0.62,nearby,"Earth Science and Remote Sensing Unit, Lyndon B. Johnson Space Center",Public domain,,4928,3280,https://commons.wikimedia.org/wiki/File:ISS053-E-222277_-_View_of_Earth.jpg,https://thumb.wikimedia.org/wikipedia/commons/thumb/3/37/ISS053-E-222277_-_View_of_Earth.jpg/330px-ISS053-E-222277_-_View_of_Earth.jpg?utm_source=commons.wikimedia.org&utm_campaign=imageinfo&utm_content=thumbnail
no,83e32ea6-051e-4f83-9592-cf84f5d63189,Озеро Асаубай,water_body,File:ISS016-E-18702 - View of Earth.jpg,0.62,nearby,"Earth Science and Remote Sensing Unit, Lyndon B. Johnson Space Center",Public domain,,3032,2008,https://commons.wikimedia.org/wiki/File:ISS016-E-18702_-_View_of_Earth.jpg,https://thumb.wikimedia.org/wikipedia/commons/thumb/e/ee/ISS016-E-18702_-_View_of_Earth.jpg/330px-ISS016-E-18702_-_View_of_Earth.jpg?utm_source=commons.wikimedia.org&utm_campaign=imageinfo&utm_content=thumbnail
no,cca032ff-fbce-42b1-9794-f4d527cf0c07,Озеро Балакашкан,water_body,File:ISS062-E-141988 - View of Earth.jpg,0.71,nearby,"Earth Science and Remote Sensing Unit, NASA Johnson Space Center",Public domain,,5568,3712,https://commons.wikimedia.org/wiki/File:ISS062-E-141988_-_View_of_Earth.jpg,https://thumb.wikimedia.org/wikipedia/commons/thumb/1/18/ISS062-E-141988_-_View_of_Earth.jpg/330px-ISS062-E-141988_-_View_of_Earth.jpg?utm_source=commons.wikimedia.org&utm_campaign=imageinfo&utm_content=thumbnail
no,937db283-82db-429f-b4f8-4c7c5c2cb022,Озеро Басколь,water_body,File:ISS065-E-68442 - View of Earth.jpg,0.61,nearby,"Earth Science and Remote Sensing Unit, Lyndon B. Johnson Space Center",Public domain,,5568,3712,https://commons.wikimedia.org/wiki/File:ISS065-E-68442_-_View_of_Earth.jpg,https://thumb.wikimedia.org/wikipedia/commons/thumb/3/3a/ISS065-E-68442_-_View_of_Earth.jpg/330px-ISS065-E-68442_-_View_of_Earth.jpg?utm_source=commons.wikimedia.org&utm_campaign=imageinfo&utm_content=thumbnail
no,937db283-82db-429f-b4f8-4c7c5c2cb022,Озеро Басколь,water_body,File:ISS065-E-68443 - View of Earth.jpg,0.61,nearby,"Earth Science and Remote Sensing Unit, Lyndon B. Johnson Space Center",Public domain,,5568,3712,https://commons.wikimedia.org/wiki/File:ISS065-E-68443_-_View_of_Earth.jpg,https://thumb.wikimedia.org/wikipedia/commons/thumb/7/7e/ISS065-E-68443_-_View_of_Earth.jpg/330px-ISS065-E-68443_-_View_of_Earth.jpg?utm_source=commons.wikimedia.org&utm_campaign=imageinfo&utm_content=thumbnail
no,937db283-82db-429f-b4f8-4c7c5c2cb022,Озеро Басколь,water_body,File:ISS023-E-19422 - View of Earth.jpg,0.60,nearby,"Earth Science and Remote Sensing Unit, Lyndon B. Johnson Space Center",Public domain,,4288,2848,https://commons.wikimedia.org/wiki/File:ISS023-E-19422_-_View_of_Earth.jpg,https://thumb.wikimedia.org/wikipedia/commons/thumb/7/78/ISS023-E-19422_-_View_of_Earth.jpg/330px-ISS023-E-19422_-_View_of_Earth.jpg?utm_source=commons.wikimedia.org&utm_campaign=imageinfo&utm_content=thumbnail
no,937db283-82db-429f-b4f8-4c7c5c2cb022,Озеро Басколь,water_body,File:ISS065-E-68440 - View of Earth.jpg,0.60,nearby,"Earth Science and Remote Sensing Unit, Lyndon B. Johnson Space Center",Public domain,,5568,3712,https://commons.wikimedia.org/wiki/File:ISS065-E-68440_-_View_of_Earth.jpg,https://thumb.wikimedia.org/wikipedia/commons/thumb/0/03/ISS065-E-68440_-_View_of_Earth.jpg/330px-ISS065-E-68440_-_View_of_Earth.jpg?utm_source=commons.wikimedia.org&utm_campaign=imageinfo&utm_content=thumbnail
no,937db283-82db-429f-b4f8-4c7c5c2cb022,Озеро Басколь,water_body,File:ISS065-E-68441 - View of Earth.jpg,0.60,nearby,"Earth Science and Remote Sensing Unit, Lyndon B. Johnson Space Center",Public domain,,5568,3712,https://commons.wikimedia.org/wiki/File:ISS065-E-68441_-_View_of_Earth.jpg,https://thumb.wikimedia.org/wikipedia/commons/thumb/c/cf/ISS065-E-68441_-_View_of_Earth.jpg/330px-ISS065-E-68441_-_View_of_Earth.jpg?utm_source=commons.wikimedia.org&utm_campaign=imageinfo&utm_content=thumbnail
no,dd830fd1-9957-4de5-a8f7-880d9e9e9832,Озеро Белое,water_body,File:ISS042-E-220679 - View of Earth.jpg,0.70,nearby,"Earth Science and Remote Sensing Unit, Lyndon B. Johnson Space Center",Public domain,,4928,3280,https://commons.wikimedia.org/wiki/File:ISS042-E-220679_-_View_of_Earth.jpg,https://thumb.wikimedia.org/wikipedia/commons/thumb/d/dd/ISS042-E-220679_-_View_of_Earth.jpg/330px-ISS042-E-220679_-_View_of_Earth.jpg?utm_source=commons.wikimedia.org&utm_campaign=imageinfo&utm_content=thumbnail
no,dd830fd1-9957-4de5-a8f7-880d9e9e9832,Озеро Белое,water_body,File:ISS042-E-220678 - View of Earth.jpg,0.70,nearby,"Earth Science and Remote Sensing Unit, Lyndon B. Johnson Space Center",Public domain,,4928,3280,https://commons.wikimedia.org/wiki/File:ISS042-E-220678_-_View_of_Earth.jpg,https://thumb.wikimedia.org/wikipedia/commons/thumb/b/b5/ISS042-E-220678_-_View_of_Earth.jpg/330px-ISS042-E-220678_-_View_of_Earth.jpg?utm_source=commons.wikimedia.org&utm_campaign=imageinfo&utm_content=thumbnail
no,566c907f-5409-4e9c-89a1-3220cd5c8247,Озеро Деревянное,water_body,File:Lagochilus platyacanthus 66048056.jpg,0.64,nearby,desertnaturalist,CC BY 4.0,https://creativecommons.org/licenses/by/4.0,1898,2048,https://commons.wikimedia.org/wiki/File:Lagochilus_platyacanthus_66048056.jpg,https://thumb.wikimedia.org/wikipedia/commons/thumb/b/b0/Lagochilus_platyacanthus_66048056.jpg/330px-Lagochilus_platyacanthus_66048056.jpg?utm_source=commons.wikimedia.org&utm_campaign=imageinfo&utm_content=thumbnail
no,566c907f-5409-4e9c-89a1-3220cd5c8247,Озеро Деревянное,water_body,File:Lagochilus platyacanthus 66052780.jpg,0.64,nearby,desertnaturalist,CC BY 4.0,https://creativecommons.org/licenses/by/4.0,1536,2048,https://commons.wikimedia.org/wiki/File:Lagochilus_platyacanthus_66052780.jpg,https://thumb.wikimedia.org/wikipedia/commons/thumb/a/a4/Lagochilus_platyacanthus_66052780.jpg/330px-Lagochilus_platyacanthus_66052780.jpg?utm_source=commons.wikimedia.org&utm_campaign=imageinfo&utm_content=thumbnail
no,566c907f-5409-4e9c-89a1-3220cd5c8247,Озеро Деревянное,water_body,File:ISS062-E-23126 - View of Earth.jpg,0.51,nearby,"Earth Science and Remote Sensing Unit, NASA Johnson Space Center",Public domain,,5568,3712,https://commons.wikimedia.org/wiki/File:ISS062-E-23126_-_View_of_Earth.jpg,https://thumb.wikimedia.org/wikipedia/commons/thumb/d/da/ISS062-E-23126_-_View_of_Earth.jpg/330px-ISS062-E-23126_-_View_of_Earth.jpg?utm_source=commons.wikimedia.org&utm_campaign=imageinfo&utm_content=thumbnail
no,566c907f-5409-4e9c-89a1-3220cd5c8247,Озеро Деревянное,water_body,File:ISS062-E-23125 - View of Earth.jpg,0.51,nearby,"Earth Science and Remote Sensing Unit, NASA Johnson Space Center",Public domain,,5568,3712,https://commons.wikimedia.org/wiki/File:ISS062-E-23125_-_View_of_Earth.jpg,https://thumb.wikimedia.org/wikipedia/commons/thumb/7/7b/ISS062-E-23125_-_View_of_Earth.jpg/330px-ISS062-E-23125_-_View_of_Earth.jpg?utm_source=commons.wikimedia.org&utm_campaign=imageinfo&utm_content=thumbnail
no,566c907f-5409-4e9c-89a1-3220cd5c8247,Озеро Деревянное,water_body,File:ISS062-E-23127 - View of Earth.jpg,0.51,nearby,"Earth Science and Remote Sensing Unit, NASA Johnson Space Center",Public domain,,5568,3712,https://commons.wikimedia.org/wiki/File:ISS062-E-23127_-_View_of_Earth.jpg,https://thumb.wikimedia.org/wikipedia/commons/thumb/c/c2/ISS062-E-23127_-_View_of_Earth.jpg/330px-ISS062-E-23127_-_View_of_Earth.jpg?utm_source=commons.wikimedia.org&utm_campaign=imageinfo&utm_content=thumbnail
no,566c907f-5409-4e9c-89a1-3220cd5c8247,Озеро Деревянное,water_body,File:ISS062-E-23128 - View of Earth.jpg,0.51,nearby,"Earth Science and Remote Sensing Unit, NASA Johnson Space Center",Public domain,,5568,3712,https://commons.wikimedia.org/wiki/File:ISS062-E-23128_-_View_of_Earth.jpg,https://thumb.wikimedia.org/wikipedia/commons/thumb/f/fb/ISS062-E-23128_-_View_of_Earth.jpg/330px-ISS062-E-23128_-_View_of_Earth.jpg?utm_source=commons.wikimedia.org&utm_campaign=imageinfo&utm_content=thumbnail
no,42b05f2f-4854-4801-a866-2bb8666ad5af,Озеро Жанасу,water_body,File:Река Каратал.jpg,0.80,nearby,Andrygid,CC BY-SA 4.0,https://creativecommons.org/licenses/by-sa/4.0,3264,1832,https://commons.wikimedia.org/wiki/File:%D0%A0%D0%B5%D0%BA%D0%B0_%D0%9A%D0%B0%D1%80%D0%B0%D1%82%D0%B0%D0%BB.jpg,https://thumb.wikimedia.org/wikipedia/commons/thumb/c/cc/%D0%A0%D0%B5%D0%BA%D0%B0_%D0%9A%D0%B0%D1%80%D0%B0%D1%82%D0%B0%D0%BB.jpg/330px-%D0%A0%D0%B5%D0%BA%D0%B0_%D0%9A%D0%B0%D1%80%D0%B0%D1%82%D0%B0%D0%BB.jpg?utm_source=commons.wikimedia.org&utm_campaign=imageinfo&utm_content=thumbnail
no,42b05f2f-4854-4801-a866-2bb8666ad5af,Озеро Жанасу,water_body,File:Река Каратал у п. Аккиик.jpg,0.80,nearby,Andrygid,CC BY-SA 4.0,https://creativecommons.org/licenses/by-sa/4.0,3264,1832,https://commons.wikimedia.org/wiki/File:%D0%A0%D0%B5%D0%BA%D0%B0_%D0%9A%D0%B0%D1%80%D0%B0%D1%82%D0%B0%D0%BB_%D1%83_%D0%BF._%D0%90%D0%BA%D0%BA%D0%B8%D0%B8%D0%BA.jpg,https://thumb.wikimedia.org/wikipedia/commons/thumb/c/c4/%D0%A0%D0%B5%D0%BA%D0%B0_%D0%9A%D0%B0%D1%80%D0%B0%D1%82%D0%B0%D0%BB_%D1%83_%D0%BF._%D0%90%D0%BA%D0%BA%D0%B8%D0%B8%D0%BA.jpg/330px-%D0%A0%D0%B5%D0%BA%D0%B0_%D0%9A%D0%B0%D1%80%D0%B0%D1%82%D0%B0%D0%BB_%D1%83_%D0%BF._%D0%90%D0%BA%D0%BA%D0%B8%D0%B8%D0%BA.jpg?utm_source=commons.wikimedia.org&utm_campaign=imageinfo&utm_content=thumbnail
no,a012f585-847b-43a0-a283-8a007af2d0f6,Озеро Жасыл,water_body,File:ISS020-E-17855 - View of Asia.jpg,0.50,nearby,"Earth Science and Remote Sensing Unit, Lyndon B. Johnson Space Center",Public domain,,4256,2832,https://commons.wikimedia.org/wiki/File:ISS020-E-17855_-_View_of_Asia.jpg,https://thumb.wikimedia.org/wikipedia/commons/thumb/c/cc/ISS020-E-17855_-_View_of_Asia.jpg/330px-ISS020-E-17855_-_View_of_Asia.jpg?utm_source=commons.wikimedia.org&utm_campaign=imageinfo&utm_content=thumbnail
1,6db70fc0-63a7-4679-8c3f-e8ab76cf6145,Озеро Иссык,water_body,File:Issyk Lake.JPG,4.00,osm category,Дмитрий Савельев,Public domain,,2816,2112,https://commons.wikimedia.org/wiki/File:Issyk_Lake.JPG,https://thumb.wikimedia.org/wikipedia/commons/thumb/9/92/Issyk_Lake.JPG/330px-Issyk_Lake.JPG?utm_source=commons.wikimedia.org&utm_campaign=imageinfo&utm_content=thumbnail
no,6db70fc0-63a7-4679-8c3f-e8ab76cf6145,Озеро Иссык,water_body,File:Вид на Иссыкское озеро 2.jpg,4.00,osm category,Timas38,CC BY-SA 4.0,https://creativecommons.org/licenses/by-sa/4.0,4032,2268,https://commons.wikimedia.org/wiki/File:%D0%92%D0%B8%D0%B4_%D0%BD%D0%B0_%D0%98%D1%81%D1%81%D1%8B%D0%BA%D1%81%D0%BA%D0%BE%D0%B5_%D0%BE%D0%B7%D0%B5%D1%80%D0%BE_2.jpg,https://thumb.wikimedia.org/wikipedia/commons/thumb/e/ee/%D0%92%D0%B8%D0%B4_%D0%BD%D0%B0_%D0%98%D1%81%D1%81%D1%8B%D0%BA%D1%81%D0%BA%D0%BE%D0%B5_%D0%BE%D0%B7%D0%B5%D1%80%D0%BE_2.jpg/330px-%D0%92%D0%B8%D0%B4_%D0%BD%D0%B0_%D0%98%D1%81%D1%81%D1%8B%D0%BA%D1%81%D0%BA%D0%BE%D0%B5_%D0%BE%D0%B7%D0%B5%D1%80%D0%BE_2.jpg?utm_source=commons.wikimedia.org&utm_campaign=imageinfo&utm_content=thumbnail
4,6db70fc0-63a7-4679-8c3f-e8ab76cf6145,Озеро Иссык,water_body,File:Issyk lake. Almaty.jpg,4.00,osm category,Altair07,CC BY-SA 4.0,https://creativecommons.org/licenses/by-sa/4.0,4000,3000,https://commons.wikimedia.org/wiki/File:Issyk_lake._Almaty.jpg,https://thumb.wikimedia.org/wikipedia/commons/thumb/d/de/Issyk_lake._Almaty.jpg/330px-Issyk_lake._Almaty.jpg?utm_source=commons.wikimedia.org&utm_campaign=imageinfo&utm_content=thumbnail
2,6db70fc0-63a7-4679-8c3f-e8ab76cf6145,Озеро Иссык,water_body,File:Lake Esik.jpg,4.00,osm category,wnvture,CC BY-SA 4.0,https://creativecommons.org/licenses/by-sa/4.0,3024,3024,https://commons.wikimedia.org/wiki/File:Lake_Esik.jpg,https://thumb.wikimedia.org/wikipedia/commons/thumb/2/2b/Lake_Esik.jpg/330px-Lake_Esik.jpg?utm_source=commons.wikimedia.org&utm_campaign=imageinfo&utm_content=thumbnail
no,6db70fc0-63a7-4679-8c3f-e8ab76cf6145,Озеро Иссык,water_body,File:Lake E.jpg,4.00,osm category,wnvture,CC BY-SA 4.0,https://creativecommons.org/licenses/by-sa/4.0,2268,4032,https://commons.wikimedia.org/wiki/File:Lake_E.jpg,https://thumb.wikimedia.org/wikipedia/commons/thumb/4/46/Lake_E.jpg/330px-Lake_E.jpg?utm_source=commons.wikimedia.org&utm_campaign=imageinfo&utm_content=thumbnail
3,6db70fc0-63a7-4679-8c3f-e8ab76cf6145,Озеро Иссык,water_body,File:Lake Es.jpg,4.00,osm category,wnvture,CC BY-SA 4.0,https://creativecommons.org/licenses/by-sa/4.0,3024,3024,https://commons.wikimedia.org/wiki/File:Lake_Es.jpg,https://thumb.wikimedia.org/wikipedia/commons/thumb/8/8f/Lake_Es.jpg/330px-Lake_Es.jpg?utm_source=commons.wikimedia.org&utm_campaign=imageinfo&utm_content=thumbnail
no,6db70fc0-63a7-4679-8c3f-e8ab76cf6145,Озеро Иссык,water_body,File:Mountain Esik.jpg,4.00,osm category,wnvture,CC BY-SA 4.0,https://creativecommons.org/licenses/by-sa/4.0,3024,4032,https://commons.wikimedia.org/wiki/File:Mountain_Esik.jpg,https://thumb.wikimedia.org/wikipedia/commons/thumb/b/b1/Mountain_Esik.jpg/330px-Mountain_Esik.jpg?utm_source=commons.wikimedia.org&utm_campaign=imageinfo&utm_content=thumbnail
no,6db70fc0-63a7-4679-8c3f-e8ab76cf6145,Озеро Иссык,water_body,File:Esik.jp.jpg,4.00,osm category,wnvture,CC BY-SA 4.0,https://creativecommons.org/licenses/by-sa/4.0,3024,4032,https://commons.wikimedia.org/wiki/File:Esik.jp.jpg,https://thumb.wikimedia.org/wikipedia/commons/thumb/9/91/Esik.jp.jpg/330px-Esik.jp.jpg?utm_source=commons.wikimedia.org&utm_campaign=imageinfo&utm_content=thumbnail
no,6db70fc0-63a7-4679-8c3f-e8ab76cf6145,Озеро Иссык,water_body,File:Rainy da.jpg,4.00,osm category,wnvture,CC BY-SA 4.0,https://creativecommons.org/licenses/by-sa/4.0,3024,4032,https://commons.wikimedia.org/wiki/File:Rainy_da.jpg,https://thumb.wikimedia.org/wikipedia/commons/thumb/7/75/Rainy_da.jpg/330px-Rainy_da.jpg?utm_source=commons.wikimedia.org&utm_campaign=imageinfo&utm_content=thumbnail
no,6db70fc0-63a7-4679-8c3f-e8ab76cf6145,Озеро Иссык,water_body,File:Весеннее озеро Иссык.jpg,4.00,osm category,Natgeokz,CC BY-SA 4.0,https://creativecommons.org/licenses/by-sa/4.0,3024,4032,https://commons.wikimedia.org/wiki/File:%D0%92%D0%B5%D1%81%D0%B5%D0%BD%D0%BD%D0%B5%D0%B5_%D0%BE%D0%B7%D0%B5%D1%80%D0%BE_%D0%98%D1%81%D1%81%D1%8B%D0%BA.jpg,https://thumb.wikimedia.org/wikipedia/commons/thumb/d/df/%D0%92%D0%B5%D1%81%D0%B5%D0%BD%D0%BD%D0%B5%D0%B5_%D0%BE%D0%B7%D0%B5%D1%80%D0%BE_%D0%98%D1%81%D1%81%D1%8B%D0%BA.jpg/330px-%D0%92%D0%B5%D1%81%D0%B5%D0%BD%D0%BD%D0%B5%D0%B5_%D0%BE%D0%B7%D0%B5%D1%80%D0%BE_%D0%98%D1%81%D1%81%D1%8B%D0%BA.jpg?utm_source=commons.wikimedia.org&utm_campaign=imageinfo&utm_content=thumbnail
no,6db70fc0-63a7-4679-8c3f-e8ab76cf6145,Озеро Иссык,water_body,File:Весенние озеро Иссык.jpg,4.00,osm category,Natgeokz,CC BY-SA 4.0,https://creativecommons.org/licenses/by-sa/4.0,3024,4032,https://commons.wikimedia.org/wiki/File:%D0%92%D0%B5%D1%81%D0%B5%D0%BD%D0%BD%D0%B8%D0%B5_%D0%BE%D0%B7%D0%B5%D1%80%D0%BE_%D0%98%D1%81%D1%81%D1%8B%D0%BA.jpg,https://thumb.wikimedia.org/wikipedia/commons/thumb/1/1c/%D0%92%D0%B5%D1%81%D0%B5%D0%BD%D0%BD%D0%B8%D0%B5_%D0%BE%D0%B7%D0%B5%D1%80%D0%BE_%D0%98%D1%81%D1%81%D1%8B%D0%BA.jpg/330px-%D0%92%D0%B5%D1%81%D0%B5%D0%BD%D0%BD%D0%B8%D0%B5_%D0%BE%D0%B7%D0%B5%D1%80%D0%BE_%D0%98%D1%81%D1%81%D1%8B%D0%BA.jpg?utm_source=commons.wikimedia.org&utm_campaign=imageinfo&utm_content=thumbnail
5,6db70fc0-63a7-4679-8c3f-e8ab76cf6145,Озеро Иссык,water_body,File:Issyk lake1.jpg,4.00,osm category,Tariaq,CC BY-SA 4.0,https://creativecommons.org/licenses/by-sa/4.0,4032,1960,https://commons.wikimedia.org/wiki/File:Issyk_lake1.jpg,https://thumb.wikimedia.org/wikipedia/commons/thumb/7/7d/Issyk_lake1.jpg/330px-Issyk_lake1.jpg?utm_source=commons.wikimedia.org&utm_campaign=imageinfo&utm_content=thumbnail
no,a058cdb9-2816-40b0-ba7d-ccd93cab506f,Озеро Кокколь,water_body,File:ISS065-E-68434 - View of Earth.jpg,0.66,nearby,"Earth Science and Remote Sensing Unit, Lyndon B. Johnson Space Center",Public domain,,5568,3712,https://commons.wikimedia.org/wiki/File:ISS065-E-68434_-_View_of_Earth.jpg,https://thumb.wikimedia.org/wikipedia/commons/thumb/c/c2/ISS065-E-68434_-_View_of_Earth.jpg/330px-ISS065-E-68434_-_View_of_Earth.jpg?utm_source=commons.wikimedia.org&utm_campaign=imageinfo&utm_content=thumbnail
no,a058cdb9-2816-40b0-ba7d-ccd93cab506f,Озеро Кокколь,water_body,File:ISS065-E-68435 - View of Earth.jpg,0.66,nearby,"Earth Science and Remote Sensing Unit, Lyndon B. Johnson Space Center",Public domain,,5568,3712,https://commons.wikimedia.org/wiki/File:ISS065-E-68435_-_View_of_Earth.jpg,https://thumb.wikimedia.org/wikipedia/commons/thumb/b/b1/ISS065-E-68435_-_View_of_Earth.jpg/330px-ISS065-E-68435_-_View_of_Earth.jpg?utm_source=commons.wikimedia.org&utm_campaign=imageinfo&utm_content=thumbnail
no,26144fa1-6d14-4564-ad9a-56bd4e6dc8e9,Озеро Коржын,water_body,File:ISS020-E-17855 - View of Asia.jpg,0.51,nearby,"Earth Science and Remote Sensing Unit, Lyndon B. Johnson Space Center",Public domain,,4256,2832,https://commons.wikimedia.org/wiki/File:ISS020-E-17855_-_View_of_Asia.jpg,https://thumb.wikimedia.org/wikipedia/commons/thumb/c/cc/ISS020-E-17855_-_View_of_Asia.jpg/330px-ISS020-E-17855_-_View_of_Asia.jpg?utm_source=commons.wikimedia.org&utm_campaign=imageinfo&utm_content=thumbnail
no,4eb163b5-6995-4561-8139-f2eab30a2f32,Озеро Майликоль,water_body,File:ISS030-E-98296 - View of Earth.jpg,0.70,nearby,"Earth Science and Remote Sensing Unit, Lyndon B. Johnson Space Center",Public domain,,4288,2848,https://commons.wikimedia.org/wiki/File:ISS030-E-98296_-_View_of_Earth.jpg,https://thumb.wikimedia.org/wikipedia/commons/thumb/d/dd/ISS030-E-98296_-_View_of_Earth.jpg/330px-ISS030-E-98296_-_View_of_Earth.jpg?utm_source=commons.wikimedia.org&utm_campaign=imageinfo&utm_content=thumbnail
no,4eb163b5-6995-4561-8139-f2eab30a2f32,Озеро Майликоль,water_body,File:ISS030-E-98295 - View of Earth.jpg,0.70,nearby,"Earth Science and Remote Sensing Unit, Lyndon B. Johnson Space Center",Public domain,,4288,2848,https://commons.wikimedia.org/wiki/File:ISS030-E-98295_-_View_of_Earth.jpg,https://thumb.wikimedia.org/wikipedia/commons/thumb/b/bd/ISS030-E-98295_-_View_of_Earth.jpg/330px-ISS030-E-98295_-_View_of_Earth.jpg?utm_source=commons.wikimedia.org&utm_campaign=imageinfo&utm_content=thumbnail
no,25e6b979-9e8b-4eb0-9c52-1ecff8fa7d0b,Озеро Маншук Маметовой,water_body,File:Geroev-Panfilovcev peak.jpg,0.99,nearby,On The Hidden Mountain,CC0,http://creativecommons.org/publicdomain/zero/1.0/deed.en,1908,2376,https://commons.wikimedia.org/wiki/File:Geroev-Panfilovcev_peak.jpg,https://thumb.wikimedia.org/wikipedia/commons/thumb/c/c8/Geroev-Panfilovcev_peak.jpg/330px-Geroev-Panfilovcev_peak.jpg?utm_source=commons.wikimedia.org&utm_campaign=imageinfo&utm_content=thumbnail
no,25e6b979-9e8b-4eb0-9c52-1ecff8fa7d0b,Озеро Маншук Маметовой,water_body,File:2004 08 30 12 19 41 - panoramio.jpg,0.96,nearby,SirJohn,CC BY-SA 3.0,https://creativecommons.org/licenses/by-sa/3.0,2600,1951,https://commons.wikimedia.org/wiki/File:2004_08_30_12_19_41_-_panoramio.jpg,https://thumb.wikimedia.org/wikipedia/commons/thumb/0/0b/2004_08_30_12_19_41_-_panoramio.jpg/330px-2004_08_30_12_19_41_-_panoramio.jpg?utm_source=commons.wikimedia.org&utm_campaign=imageinfo&utm_content=thumbnail
no,25e6b979-9e8b-4eb0-9c52-1ecff8fa7d0b,Озеро Маншук Маметовой,water_body,File:Rockglacier tien shan.jpg,0.93,nearby,Tienshanicum,CC BY-SA 3.0,https://creativecommons.org/licenses/by-sa/3.0,2412,3999,https://commons.wikimedia.org/wiki/File:Rockglacier_tien_shan.jpg,https://thumb.wikimedia.org/wikipedia/commons/thumb/0/02/Rockglacier_tien_shan.jpg/330px-Rockglacier_tien_shan.jpg?utm_source=commons.wikimedia.org&utm_campaign=imageinfo&utm_content=thumbnail
no,25e6b979-9e8b-4eb0-9c52-1ecff8fa7d0b,Озеро Маншук Маметовой,water_body,File:Shymbulak Ile Alatau Mountains in Almaty 02.jpg,0.85,nearby,Ninaras,CC BY 4.0,https://creativecommons.org/licenses/by/4.0,2999,1999,https://commons.wikimedia.org/wiki/File:Shymbulak_Ile_Alatau_Mountains_in_Almaty_02.jpg,https://thumb.wikimedia.org/wikipedia/commons/thumb/8/83/Shymbulak_Ile_Alatau_Mountains_in_Almaty_02.jpg/330px-Shymbulak_Ile_Alatau_Mountains_in_Almaty_02.jpg?utm_source=commons.wikimedia.org&utm_campaign=imageinfo&utm_content=thumbnail
no,25e6b979-9e8b-4eb0-9c52-1ecff8fa7d0b,Озеро Маншук Маметовой,water_body,File:Almaty IMG 3305 Almaty (37850481356).jpg,0.84,nearby,"Ninara from Helsinki, Finland",CC BY 2.0,https://creativecommons.org/licenses/by/2.0,2999,1999,https://commons.wikimedia.org/wiki/File:Almaty_IMG_3305_Almaty_(37850481356).jpg,https://thumb.wikimedia.org/wikipedia/commons/thumb/f/fc/Almaty_IMG_3305_Almaty_%2837850481356%29.jpg/330px-Almaty_IMG_3305_Almaty_%2837850481356%29.jpg?utm_source=commons.wikimedia.org&utm_campaign=imageinfo&utm_content=thumbnail
no,25e6b979-9e8b-4eb0-9c52-1ecff8fa7d0b,Озеро Маншук Маметовой,water_body,File:View from Komsomol peak.jpg,0.83,nearby,Vihljun,CC BY-SA 3.0,https://creativecommons.org/licenses/by-sa/3.0,10800,2332,https://commons.wikimedia.org/wiki/File:View_from_Komsomol_peak.jpg,https://thumb.wikimedia.org/wikipedia/commons/thumb/7/74/View_from_Komsomol_peak.jpg/330px-View_from_Komsomol_peak.jpg?utm_source=commons.wikimedia.org&utm_campaign=imageinfo&utm_content=thumbnail
no,25e6b979-9e8b-4eb0-9c52-1ecff8fa7d0b,Озеро Маншук Маметовой,water_body,File:Пик Нурсултан (4300+ метров).jpg,0.82,nearby,Kuanyshbek Sayabek,CC BY 4.0,https://creativecommons.org/licenses/by/4.0,4000,1808,https://commons.wikimedia.org/wiki/File:%D0%9F%D0%B8%D0%BA_%D0%9D%D1%83%D1%80%D1%81%D1%83%D0%BB%D1%82%D0%B0%D0%BD_(4300%2B_%D0%BC%D0%B5%D1%82%D1%80%D0%BE%D0%B2).jpg,https://thumb.wikimedia.org/wikipedia/commons/thumb/d/d1/%D0%9F%D0%B8%D0%BA_%D0%9D%D1%83%D1%80%D1%81%D1%83%D0%BB%D1%82%D0%B0%D0%BD_%284300%2B_%D0%BC%D0%B5%D1%82%D1%80%D0%BE%D0%B2%29.jpg/330px-%D0%9F%D0%B8%D0%BA_%D0%9D%D1%83%D1%80%D1%81%D1%83%D0%BB%D1%82%D0%B0%D0%BD_%284300%2B_%D0%BC%D0%B5%D1%82%D1%80%D0%BE%D0%B2%29.jpg?utm_source=commons.wikimedia.org&utm_campaign=imageinfo&utm_content=thumbnail
no,25e6b979-9e8b-4eb0-9c52-1ecff8fa7d0b,Озеро Маншук Маметовой,water_body,File:Shymbulak Ile Alatau Mountains in Almaty 03.jpg,0.80,nearby,Ninaras,CC BY 4.0,https://creativecommons.org/licenses/by/4.0,3290,1822,https://commons.wikimedia.org/wiki/File:Shymbulak_Ile_Alatau_Mountains_in_Almaty_03.jpg,https://thumb.wikimedia.org/wikipedia/commons/thumb/b/bb/Shymbulak_Ile_Alatau_Mountains_in_Almaty_03.jpg/330px-Shymbulak_Ile_Alatau_Mountains_in_Almaty_03.jpg?utm_source=commons.wikimedia.org&utm_campaign=imageinfo&utm_content=thumbnail
no,25e6b979-9e8b-4eb0-9c52-1ecff8fa7d0b,Озеро Маншук Маметовой,water_body,File:Almaty IMG 3309 Almaty (37189238714).jpg,0.79,nearby,"Ninara from Helsinki, Finland",CC BY 2.0,https://creativecommons.org/licenses/by/2.0,3065,1957,https://commons.wikimedia.org/wiki/File:Almaty_IMG_3309_Almaty_(37189238714).jpg,https://thumb.wikimedia.org/wikipedia/commons/thumb/1/14/Almaty_IMG_3309_Almaty_%2837189238714%29.jpg/330px-Almaty_IMG_3309_Almaty_%2837189238714%29.jpg?utm_source=commons.wikimedia.org&utm_campaign=imageinfo&utm_content=thumbnail
no,25e6b979-9e8b-4eb0-9c52-1ecff8fa7d0b,Озеро Маншук Маметовой,water_body,File:Almaty IMG 3321 Almaty (37641969690).jpg,0.78,nearby,"Ninara from Helsinki, Finland",CC BY 2.0,https://creativecommons.org/licenses/by/2.0,3251,1845,https://commons.wikimedia.org/wiki/File:Almaty_IMG_3321_Almaty_(37641969690).jpg,https://thumb.wikimedia.org/wikipedia/commons/thumb/0/01/Almaty_IMG_3321_Almaty_%2837641969690%29.jpg/330px-Almaty_IMG_3321_Almaty_%2837641969690%29.jpg?utm_source=commons.wikimedia.org&utm_campaign=imageinfo&utm_content=thumbnail
no,25e6b979-9e8b-4eb0-9c52-1ecff8fa7d0b,Озеро Маншук Маметовой,water_body,File:ISS047-E-56817 - View of Earth.jpg,0.77,nearby,"Earth Science and Remote Sensing Unit, Lyndon B. Johnson Space Center",Public domain,,3280,4928,https://commons.wikimedia.org/wiki/File:ISS047-E-56817_-_View_of_Earth.jpg,https://thumb.wikimedia.org/wikipedia/commons/thumb/d/d0/ISS047-E-56817_-_View_of_Earth.jpg/330px-ISS047-E-56817_-_View_of_Earth.jpg?utm_source=commons.wikimedia.org&utm_campaign=imageinfo&utm_content=thumbnail
no,25e6b979-9e8b-4eb0-9c52-1ecff8fa7d0b,Озеро Маншук Маметовой,water_body,File:ISS047-E-56818 - View of Earth.jpg,0.77,nearby,"Earth Science and Remote Sensing Unit, Lyndon B. Johnson Space Center",Public domain,,3280,4928,https://commons.wikimedia.org/wiki/File:ISS047-E-56818_-_View_of_Earth.jpg,https://thumb.wikimedia.org/wikipedia/commons/thumb/9/9f/ISS047-E-56818_-_View_of_Earth.jpg/330px-ISS047-E-56818_-_View_of_Earth.jpg?utm_source=commons.wikimedia.org&utm_campaign=imageinfo&utm_content=thumbnail
no,c41ca252-8ee1-412e-8746-032f78b96e90,Озеро Орловка,water_body,File:ISS052-E-14726 - View of Earth.jpg,0.69,nearby,"Earth Science and Remote Sensing Unit, Lyndon B. Johnson Space Center",Public domain,,4928,3280,https://commons.wikimedia.org/wiki/File:ISS052-E-14726_-_View_of_Earth.jpg,https://thumb.wikimedia.org/wikipedia/commons/thumb/9/97/ISS052-E-14726_-_View_of_Earth.jpg/330px-ISS052-E-14726_-_View_of_Earth.jpg?utm_source=commons.wikimedia.org&utm_campaign=imageinfo&utm_content=thumbnail
no,c41ca252-8ee1-412e-8746-032f78b96e90,Озеро Орловка,water_body,File:ISS065-E-270586 - View of Earth.jpg,0.69,nearby,"Earth Science and Remote Sensing Unit, Lyndon B. Johnson Space Center",Public domain,,5568,3712,https://commons.wikimedia.org/wiki/File:ISS065-E-270586_-_View_of_Earth.jpg,https://thumb.wikimedia.org/wikipedia/commons/thumb/d/d5/ISS065-E-270586_-_View_of_Earth.jpg/330px-ISS065-E-270586_-_View_of_Earth.jpg?utm_source=commons.wikimedia.org&utm_campaign=imageinfo&utm_content=thumbnail
no,c41ca252-8ee1-412e-8746-032f78b96e90,Озеро Орловка,water_body,File:ISS065-E-270587 - View of Earth.jpg,0.69,nearby,"Earth Science and Remote Sensing Unit, Lyndon B. Johnson Space Center",Public domain,,5568,3712,https://commons.wikimedia.org/wiki/File:ISS065-E-270587_-_View_of_Earth.jpg,https://thumb.wikimedia.org/wikipedia/commons/thumb/3/38/ISS065-E-270587_-_View_of_Earth.jpg/330px-ISS065-E-270587_-_View_of_Earth.jpg?utm_source=commons.wikimedia.org&utm_campaign=imageinfo&utm_content=thumbnail
no,c41ca252-8ee1-412e-8746-032f78b96e90,Озеро Орловка,water_body,File:ISS065-E-270588 - View of Earth.jpg,0.69,nearby,"Earth Science and Remote Sensing Unit, Lyndon B. Johnson Space Center",Public domain,,5568,3712,https://commons.wikimedia.org/wiki/File:ISS065-E-270588_-_View_of_Earth.jpg,https://thumb.wikimedia.org/wikipedia/commons/thumb/8/83/ISS065-E-270588_-_View_of_Earth.jpg/330px-ISS065-E-270588_-_View_of_Earth.jpg?utm_source=commons.wikimedia.org&utm_campaign=imageinfo&utm_content=thumbnail
no,c41ca252-8ee1-412e-8746-032f78b96e90,Озеро Орловка,water_body,File:ISS065-E-270589 - View of Earth.jpg,0.69,nearby,"Earth Science and Remote Sensing Unit, Lyndon B. Johnson Space Center",Public domain,,5568,3712,https://commons.wikimedia.org/wiki/File:ISS065-E-270589_-_View_of_Earth.jpg,https://thumb.wikimedia.org/wikipedia/commons/thumb/4/49/ISS065-E-270589_-_View_of_Earth.jpg/330px-ISS065-E-270589_-_View_of_Earth.jpg?utm_source=commons.wikimedia.org&utm_campaign=imageinfo&utm_content=thumbnail
no,6680217c-d993-4b15-8fcc-506ef78665a5,Озеро Саты,water_body,File:На Кольсае.jpg,0.74,nearby,Yevgeniya2307,CC BY-SA 4.0,https://creativecommons.org/licenses/by-sa/4.0,4032,2460,https://commons.wikimedia.org/wiki/File:%D0%9D%D0%B0_%D0%9A%D0%BE%D0%BB%D1%8C%D1%81%D0%B0%D0%B5.jpg,https://thumb.wikimedia.org/wikipedia/commons/thumb/9/99/%D0%9D%D0%B0_%D0%9A%D0%BE%D0%BB%D1%8C%D1%81%D0%B0%D0%B5.jpg/330px-%D0%9D%D0%B0_%D0%9A%D0%BE%D0%BB%D1%8C%D1%81%D0%B0%D0%B5.jpg?utm_source=commons.wikimedia.org&utm_campaign=imageinfo&utm_content=thumbnail
no,6680217c-d993-4b15-8fcc-506ef78665a5,Озеро Саты,water_body,"File:НП Кольсайские озера, озеро Каинды, 2023-05-07 01.jpg",0.65,nearby,Bok,CC BY-SA 4.0,https://creativecommons.org/licenses/by-sa/4.0,3006,4004,"https://commons.wikimedia.org/wiki/File:%D0%9D%D0%9F_%D0%9A%D0%BE%D0%BB%D1%8C%D1%81%D0%B0%D0%B9%D1%81%D0%BA%D0%B8%D0%B5_%D0%BE%D0%B7%D0%B5%D1%80%D0%B0,_%D0%BE%D0%B7%D0%B5%D1%80%D0%BE_%D0%9A%D0%B0%D0%B8%D0%BD%D0%B4%D1%8B,_2023-05-07_01.jpg",https://thumb.wikimedia.org/wikipedia/commons/thumb/e/ec/%D0%9D%D0%9F_%D0%9A%D0%BE%D0%BB%D1%8C%D1%81%D0%B0%D0%B9%D1%81%D0%BA%D0%B8%D0%B5_%D0%BE%D0%B7%D0%B5%D1%80%D0%B0%2C_%D0%BE%D0%B7%D0%B5%D1%80%D0%BE_%D0%9A%D0%B0%D0%B8%D0%BD%D0%B4%D1%8B%2C_2023-05-07_01.jpg/330px-%D0%9D%D0%9F_%D0%9A%D0%BE%D0%BB%D1%8C%D1%81%D0%B0%D0%B9%D1%81%D0%BA%D0%B8%D0%B5_%D0%BE%D0%B7%D0%B5%D1%80%D0%B0%2C_%D0%BE%D0%B7%D0%B5%D1%80%D0%BE_%D0%9A%D0%B0%D0%B8%D0%BD%D0%B4%D1%8B%2C_2023-05-07_01.jpg?utm_source=commons.wikimedia.org&utm_campaign=imageinfo&utm_content=thumbnail
no,6680217c-d993-4b15-8fcc-506ef78665a5,Озеро Саты,water_body,File:Betula tianschanica 380726194.jpg,0.59,nearby,dschigel,CC BY 4.0,https://creativecommons.org/licenses/by/4.0,1536,2048,https://commons.wikimedia.org/wiki/File:Betula_tianschanica_380726194.jpg,https://thumb.wikimedia.org/wikipedia/commons/thumb/f/f5/Betula_tianschanica_380726194.jpg/330px-Betula_tianschanica_380726194.jpg?utm_source=commons.wikimedia.org&utm_campaign=imageinfo&utm_content=thumbnail
no,6680217c-d993-4b15-8fcc-506ef78665a5,Озеро Саты,water_body,"File:Таңғы көрініс, жіңішке өзен.jpg",0.51,nearby,Ерсұлтан Жапар,CC BY-SA 4.0,https://creativecommons.org/licenses/by-sa/4.0,2268,4032,"https://commons.wikimedia.org/wiki/File:%D0%A2%D0%B0%D2%A3%D2%93%D1%8B_%D0%BA%D3%A9%D1%80%D1%96%D0%BD%D1%96%D1%81,_%D0%B6%D1%96%D2%A3%D1%96%D1%88%D0%BA%D0%B5_%D3%A9%D0%B7%D0%B5%D0%BD.jpg",https://thumb.wikimedia.org/wikipedia/commons/thumb/f/f4/%D0%A2%D0%B0%D2%A3%D2%93%D1%8B_%D0%BA%D3%A9%D1%80%D1%96%D0%BD%D1%96%D1%81%2C_%D0%B6%D1%96%D2%A3%D1%96%D1%88%D0%BA%D0%B5_%D3%A9%D0%B7%D0%B5%D0%BD.jpg/330px-%D0%A2%D0%B0%D2%A3%D2%93%D1%8B_%D0%BA%D3%A9%D1%80%D1%96%D0%BD%D1%96%D1%81%2C_%D0%B6%D1%96%D2%A3%D1%96%D1%88%D0%BA%D0%B5_%D3%A9%D0%B7%D0%B5%D0%BD.jpg?utm_source=commons.wikimedia.org&utm_campaign=imageinfo&utm_content=thumbnail
no,6680217c-d993-4b15-8fcc-506ef78665a5,Озеро Саты,water_body,"File:Таңғы көрініс, жіңішке өзен (cropped).jpg",0.51,nearby,Ерсұлтан Жапар,CC BY-SA 4.0,https://creativecommons.org/licenses/by-sa/4.0,2268,1943,"https://commons.wikimedia.org/wiki/File:%D0%A2%D0%B0%D2%A3%D2%93%D1%8B_%D0%BA%D3%A9%D1%80%D1%96%D0%BD%D1%96%D1%81,_%D0%B6%D1%96%D2%A3%D1%96%D1%88%D0%BA%D0%B5_%D3%A9%D0%B7%D0%B5%D0%BD_(cropped).jpg",https://thumb.wikimedia.org/wikipedia/commons/thumb/c/c5/%D0%A2%D0%B0%D2%A3%D2%93%D1%8B_%D0%BA%D3%A9%D1%80%D1%96%D0%BD%D1%96%D1%81%2C_%D0%B6%D1%96%D2%A3%D1%96%D1%88%D0%BA%D0%B5_%D3%A9%D0%B7%D0%B5%D0%BD_%28cropped%29.jpg/330px-%D0%A2%D0%B0%D2%A3%D2%93%D1%8B_%D0%BA%D3%A9%D1%80%D1%96%D0%BD%D1%96%D1%81%2C_%D0%B6%D1%96%D2%A3%D1%96%D1%88%D0%BA%D0%B5_%D3%A9%D0%B7%D0%B5%D0%BD_%28cropped%29.jpg?utm_source=commons.wikimedia.org&utm_campaign=imageinfo&utm_content=thumbnail
no,33202312-7041-4f7a-956e-60aa2296b029,Озеро Улькен-Исы,water_body,File:ISS063-E-31751 - View of Earth.jpg,0.75,nearby,"Earth Science and Remote Sensing Unit, NASA Johnson Space Center",Public domain,,5568,3712,https://commons.wikimedia.org/wiki/File:ISS063-E-31751_-_View_of_Earth.jpg,https://thumb.wikimedia.org/wikipedia/commons/thumb/d/d8/ISS063-E-31751_-_View_of_Earth.jpg/330px-ISS063-E-31751_-_View_of_Earth.jpg?utm_source=commons.wikimedia.org&utm_campaign=imageinfo&utm_content=thumbnail
no,33202312-7041-4f7a-956e-60aa2296b029,Озеро Улькен-Исы,water_body,File:ISS063-E-31752 - View of Earth.jpg,0.75,nearby,"Earth Science and Remote Sensing Unit, NASA Johnson Space Center",Public domain,,5568,3712,https://commons.wikimedia.org/wiki/File:ISS063-E-31752_-_View_of_Earth.jpg,https://thumb.wikimedia.org/wikipedia/commons/thumb/6/63/ISS063-E-31752_-_View_of_Earth.jpg/330px-ISS063-E-31752_-_View_of_Earth.jpg?utm_source=commons.wikimedia.org&utm_campaign=imageinfo&utm_content=thumbnail
no,33202312-7041-4f7a-956e-60aa2296b029,Озеро Улькен-Исы,water_body,File:ISS020-E-49770 - View of Earth.jpg,0.75,nearby,"Earth Science and Remote Sensing Unit, Lyndon B. Johnson Space Center",Public domain,,4288,2848,https://commons.wikimedia.org/wiki/File:ISS020-E-49770_-_View_of_Earth.jpg,https://thumb.wikimedia.org/wikipedia/commons/thumb/c/cb/ISS020-E-49770_-_View_of_Earth.jpg/330px-ISS020-E-49770_-_View_of_Earth.jpg?utm_source=commons.wikimedia.org&utm_campaign=imageinfo&utm_content=thumbnail
no,be9eeddb-a915-4f83-9716-73189319e8d6,Первомайские озера,water_body,"File:Аскара Токпанова, остановка на Бережинского (1).jpg",0.72,nearby,Nikolai Bulykin,CC BY-SA 4.0,https://creativecommons.org/licenses/by-sa/4.0,4967,3311,"https://commons.wikimedia.org/wiki/File:%D0%90%D1%81%D0%BA%D0%B0%D1%80%D0%B0_%D0%A2%D0%BE%D0%BA%D0%BF%D0%B0%D0%BD%D0%BE%D0%B2%D0%B0,_%D0%BE%D1%81%D1%82%D0%B0%D0%BD%D0%BE%D0%B2%D0%BA%D0%B0_%D0%BD%D0%B0_%D0%91%D0%B5%D1%80%D0%B5%D0%B6%D0%B8%D0%BD%D1%81%D0%BA%D0%BE%D0%B3%D0%BE_(1).jpg",https://thumb.wikimedia.org/wikipedia/commons/thumb/b/b2/%D0%90%D1%81%D0%BA%D0%B0%D1%80%D0%B0_%D0%A2%D0%BE%D0%BA%D0%BF%D0%B0%D0%BD%D0%BE%D0%B2%D0%B0%2C_%D0%BE%D1%81%D1%82%D0%B0%D0%BD%D0%BE%D0%B2%D0%BA%D0%B0_%D0%BD%D0%B0_%D0%91%D0%B5%D1%80%D0%B5%D0%B6%D0%B8%D0%BD%D1%81%D0%BA%D0%BE%D0%B3%D0%BE_%281%29.jpg/330px-%D0%90%D1%81%D0%BA%D0%B0%D1%80%D0%B0_%D0%A2%D0%BE%D0%BA%D0%BF%D0%B0%D0%BD%D0%BE%D0%B2%D0%B0%2C_%D0%BE%D1%81%D1%82%D0%B0%D0%BD%D0%BE%D0%B2%D0%BA%D0%B0_%D0%BD%D0%B0_%D0%91%D0%B5%D1%80%D0%B5%D0%B6%D0%B8%D0%BD%D1%81%D0%BA%D0%BE%D0%B3%D0%BE_%281%29.jpg?utm_source=commons.wikimedia.org&utm_campaign=imageinfo&utm_content=thumbnail
no,be9eeddb-a915-4f83-9716-73189319e8d6,Первомайские озера,water_body,"File:Аскара Токпанова, заправка на Бережинского.jpg",0.70,nearby,Nikolai Bulykin,CC BY-SA 4.0,https://creativecommons.org/licenses/by-sa/4.0,5472,3078,"https://commons.wikimedia.org/wiki/File:%D0%90%D1%81%D0%BA%D0%B0%D1%80%D0%B0_%D0%A2%D0%BE%D0%BA%D0%BF%D0%B0%D0%BD%D0%BE%D0%B2%D0%B0,_%D0%B7%D0%B0%D0%BF%D1%80%D0%B0%D0%B2%D0%BA%D0%B0_%D0%BD%D0%B0_%D0%91%D0%B5%D1%80%D0%B5%D0%B6%D0%B8%D0%BD%D1%81%D0%BA%D0%BE%D0%B3%D0%BE.jpg",https://thumb.wikimedia.org/wikipedia/commons/thumb/7/72/%D0%90%D1%81%D0%BA%D0%B0%D1%80%D0%B0_%D0%A2%D0%BE%D0%BA%D0%BF%D0%B0%D0%BD%D0%BE%D0%B2%D0%B0%2C_%D0%B7%D0%B0%D0%BF%D1%80%D0%B0%D0%B2%D0%BA%D0%B0_%D0%BD%D0%B0_%D0%91%D0%B5%D1%80%D0%B5%D0%B6%D0%B8%D0%BD%D1%81%D0%BA%D0%BE%D0%B3%D0%BE.jpg/330px-%D0%90%D1%81%D0%BA%D0%B0%D1%80%D0%B0_%D0%A2%D0%BE%D0%BA%D0%BF%D0%B0%D0%BD%D0%BE%D0%B2%D0%B0%2C_%D0%B7%D0%B0%D0%BF%D1%80%D0%B0%D0%B2%D0%BA%D0%B0_%D0%BD%D0%B0_%D0%91%D0%B5%D1%80%D0%B5%D0%B6%D0%B8%D0%BD%D1%81%D0%BA%D0%BE%D0%B3%D0%BE.jpg?utm_source=commons.wikimedia.org&utm_campaign=imageinfo&utm_content=thumbnail
no,be9eeddb-a915-4f83-9716-73189319e8d6,Первомайские озера,water_body,"File:Boralday, Kazakhstan - panoramio.jpg",0.61,nearby,Anton Yefimov,CC BY 3.0,https://creativecommons.org/licenses/by/3.0,2048,1536,"https://commons.wikimedia.org/wiki/File:Boralday,_Kazakhstan_-_panoramio.jpg",https://thumb.wikimedia.org/wikipedia/commons/thumb/7/75/Boralday%2C_Kazakhstan_-_panoramio.jpg/330px-Boralday%2C_Kazakhstan_-_panoramio.jpg?utm_source=commons.wikimedia.org&utm_campaign=imageinfo&utm_content=thumbnail
no,be9eeddb-a915-4f83-9716-73189319e8d6,Первомайские озера,water_body,"File:VL80S-2563, Boralday, Kazakhstan.jpg",0.60,nearby,Anton Yefimov,CC BY 3.0,https://creativecommons.org/licenses/by/3.0,2048,1536,"https://commons.wikimedia.org/wiki/File:VL80S-2563,_Boralday,_Kazakhstan.jpg",https://thumb.wikimedia.org/wikipedia/commons/thumb/e/e2/VL80S-2563%2C_Boralday%2C_Kazakhstan.jpg/330px-VL80S-2563%2C_Boralday%2C_Kazakhstan.jpg?utm_source=commons.wikimedia.org&utm_campaign=imageinfo&utm_content=thumbnail
no,be9eeddb-a915-4f83-9716-73189319e8d6,Первомайские озера,water_body,"File:VL80S-235, Boralday, Kazakhstan.jpg",0.60,nearby,Anton Yefimov,CC BY 3.0,https://creativecommons.org/licenses/by/3.0,2048,1536,"https://commons.wikimedia.org/wiki/File:VL80S-235,_Boralday,_Kazakhstan.jpg",https://thumb.wikimedia.org/wikipedia/commons/thumb/f/ff/VL80S-235%2C_Boralday%2C_Kazakhstan.jpg/330px-VL80S-235%2C_Boralday%2C_Kazakhstan.jpg?utm_source=commons.wikimedia.org&utm_campaign=imageinfo&utm_content=thumbnail
no,be9eeddb-a915-4f83-9716-73189319e8d6,Первомайские озера,water_body,"File:Boralday, Kazakhstan - panoramio - Anton Yefimov (2).jpg",0.60,nearby,Anton Yefimov,CC BY 3.0,https://creativecommons.org/licenses/by/3.0,2048,1536,"https://commons.wikimedia.org/wiki/File:Boralday,_Kazakhstan_-_panoramio_-_Anton_Yefimov_(2).jpg",https://thumb.wikimedia.org/wikipedia/commons/thumb/6/6d/Boralday%2C_Kazakhstan_-_panoramio_-_Anton_Yefimov_%282%29.jpg/330px-Boralday%2C_Kazakhstan_-_panoramio_-_Anton_Yefimov_%282%29.jpg?utm_source=commons.wikimedia.org&utm_campaign=imageinfo&utm_content=thumbnail
no,be9eeddb-a915-4f83-9716-73189319e8d6,Первомайские озера,water_body,File:Алматинка - panoramio (11).jpg,0.59,nearby,Anton Yefimov,CC BY 3.0,https://creativecommons.org/licenses/by/3.0,3264,2448,https://commons.wikimedia.org/wiki/File:%D0%90%D0%BB%D0%BC%D0%B0%D1%82%D0%B8%D0%BD%D0%BA%D0%B0_-_panoramio_(11).jpg,https://thumb.wikimedia.org/wikipedia/commons/thumb/2/2c/%D0%90%D0%BB%D0%BC%D0%B0%D1%82%D0%B8%D0%BD%D0%BA%D0%B0_-_panoramio_%2811%29.jpg/330px-%D0%90%D0%BB%D0%BC%D0%B0%D1%82%D0%B8%D0%BD%D0%BA%D0%B0_-_panoramio_%2811%29.jpg?utm_source=commons.wikimedia.org&utm_campaign=imageinfo&utm_content=thumbnail
no,be9eeddb-a915-4f83-9716-73189319e8d6,Первомайские озера,water_body,"File:Assistant Secretary Gottemoeller meets Representatives McGovern, Markey, and Kazakh Ambassador Idrissov (6143470147).jpg",0.59,nearby,U.S. Department of State from United States,Public domain,,3264,2448,"https://commons.wikimedia.org/wiki/File:Assistant_Secretary_Gottemoeller_meets_Representatives_McGovern,_Markey,_and_Kazakh_Ambassador_Idrissov_(6143470147).jpg",https://thumb.wikimedia.org/wikipedia/commons/thumb/7/71/Assistant_Secretary_Gottemoeller_meets_Representatives_McGovern%2C_Markey%2C_and_Kazakh_Ambassador_Idrissov_%286143470147%29.jpg/330px-Assistant_Secretary_Gottemoeller_meets_Representatives_McGovern%2C_Markey%2C_and_Kazakh_Ambassador_Idrissov_%286143470147%29.jpg?utm_source=commons.wikimedia.org&utm_campaign=imageinfo&utm_content=thumbnail
no,be9eeddb-a915-4f83-9716-73189319e8d6,Первомайские озера,water_body,"File:Deputy Secretary Steinberg, Ambassador Kelly, and Assistant Secretary Blake attend teh OSCE Informal Ministerial (4875565601).jpg",0.59,nearby,U.S. Department of State from United States,Public domain,,4000,3000,"https://commons.wikimedia.org/wiki/File:Deputy_Secretary_Steinberg,_Ambassador_Kelly,_and_Assistant_Secretary_Blake_attend_teh_OSCE_Informal_Ministerial_(4875565601).jpg",https://thumb.wikimedia.org/wikipedia/commons/thumb/b/be/Deputy_Secretary_Steinberg%2C_Ambassador_Kelly%2C_and_Assistant_Secretary_Blake_attend_teh_OSCE_Informal_Ministerial_%284875565601%29.jpg/330px-Deputy_Secretary_Steinberg%2C_Ambassador_Kelly%2C_and_Assistant_Secretary_Blake_attend_teh_OSCE_Informal_Ministerial_%284875565601%29.jpg?utm_source=commons.wikimedia.org&utm_campaign=imageinfo&utm_content=thumbnail
no,be9eeddb-a915-4f83-9716-73189319e8d6,Первомайские озера,water_body,File:РКФ - panoramio.jpg,0.52,nearby,Anton Yefimov,CC BY 3.0,https://creativecommons.org/licenses/by/3.0,2048,1536,https://commons.wikimedia.org/wiki/File:%D0%A0%D0%9A%D0%A4_-_panoramio.jpg,https://thumb.wikimedia.org/wikipedia/commons/thumb/2/22/%D0%A0%D0%9A%D0%A4_-_panoramio.jpg/330px-%D0%A0%D0%9A%D0%A4_-_panoramio.jpg?utm_source=commons.wikimedia.org&utm_campaign=imageinfo&utm_content=thumbnail
no,be9eeddb-a915-4f83-9716-73189319e8d6,Первомайские озера,water_body,File:Республиканская Картографическая Фабрика - panoramio.jpg,0.52,nearby,Anton Yefimov,CC BY 3.0,https://creativecommons.org/licenses/by/3.0,3264,2448,https://commons.wikimedia.org/wiki/File:%D0%A0%D0%B5%D1%81%D0%BF%D1%83%D0%B1%D0%BB%D0%B8%D0%BA%D0%B0%D0%BD%D1%81%D0%BA%D0%B0%D1%8F_%D0%9A%D0%B0%D1%80%D1%82%D0%BE%D0%B3%D1%80%D0%B0%D1%84%D0%B8%D1%87%D0%B5%D1%81%D0%BA%D0%B0%D1%8F_%D0%A4%D0%B0%D0%B1%D1%80%D0%B8%D0%BA%D0%B0_-_panoramio.jpg,https://thumb.wikimedia.org/wikipedia/commons/thumb/3/38/%D0%A0%D0%B5%D1%81%D0%BF%D1%83%D0%B1%D0%BB%D0%B8%D0%BA%D0%B0%D0%BD%D1%81%D0%BA%D0%B0%D1%8F_%D0%9A%D0%B0%D1%80%D1%82%D0%BE%D0%B3%D1%80%D0%B0%D1%84%D0%B8%D1%87%D0%B5%D1%81%D0%BA%D0%B0%D1%8F_%D0%A4%D0%B0%D0%B1%D1%80%D0%B8%D0%BA%D0%B0_-_panoramio.jpg/330px-%D0%A0%D0%B5%D1%81%D0%BF%D1%83%D0%B1%D0%BB%D0%B8%D0%BA%D0%B0%D0%BD%D1%81%D0%BA%D0%B0%D1%8F_%D0%9A%D0%B0%D1%80%D1%82%D0%BE%D0%B3%D1%80%D0%B0%D1%84%D0%B8%D1%87%D0%B5%D1%81%D0%BA%D0%B0%D1%8F_%D0%A4%D0%B0%D0%B1%D1%80%D0%B8%D0%BA%D0%B0_-_panoramio.jpg?utm_source=commons.wikimedia.org&utm_campaign=imageinfo&utm_content=thumbnail
no,bc3f0789-6531-4808-b4f0-4ba152148b1d,Пятнистое,water_body,File:ISS042-E-190736 - View of Earth.jpg,0.76,nearby,"Earth Science and Remote Sensing Unit, Lyndon B. Johnson Space Center",Public domain,,4928,3280,https://commons.wikimedia.org/wiki/File:ISS042-E-190736_-_View_of_Earth.jpg,https://thumb.wikimedia.org/wikipedia/commons/thumb/d/d2/ISS042-E-190736_-_View_of_Earth.jpg/330px-ISS042-E-190736_-_View_of_Earth.jpg?utm_source=commons.wikimedia.org&utm_campaign=imageinfo&utm_content=thumbnail
no,bc3f0789-6531-4808-b4f0-4ba152148b1d,Пятнистое,water_body,File:ISS042-E-190735 - View of Earth.jpg,0.76,nearby,"Earth Science and Remote Sensing Unit, Lyndon B. Johnson Space Center",Public domain,,4928,3280,https://commons.wikimedia.org/wiki/File:ISS042-E-190735_-_View_of_Earth.jpg,https://thumb.wikimedia.org/wikipedia/commons/thumb/8/86/ISS042-E-190735_-_View_of_Earth.jpg/330px-ISS042-E-190735_-_View_of_Earth.jpg?utm_source=commons.wikimedia.org&utm_campaign=imageinfo&utm_content=thumbnail
no,bc3f0789-6531-4808-b4f0-4ba152148b1d,Пятнистое,water_body,File:ISS042-E-191599 - View of Earth.jpg,0.76,nearby,"Earth Science and Remote Sensing Unit, Lyndon B. Johnson Space Center",Public domain,,4928,3280,https://commons.wikimedia.org/wiki/File:ISS042-E-191599_-_View_of_Earth.jpg,https://thumb.wikimedia.org/wikipedia/commons/thumb/8/81/ISS042-E-191599_-_View_of_Earth.jpg/330px-ISS042-E-191599_-_View_of_Earth.jpg?utm_source=commons.wikimedia.org&utm_campaign=imageinfo&utm_content=thumbnail
no,470a77d7-86a4-4bcc-b4fb-308999ffd276,Райское озеро,water_body,File:ISS067-E-3548 - View of Earth.jpg,0.59,nearby,"Earth Science and Remote Sensing Unit, Lyndon B. Johnson Space Center",Public domain,,5568,3712,https://commons.wikimedia.org/wiki/File:ISS067-E-3548_-_View_of_Earth.jpg,https://thumb.wikimedia.org/wikipedia/commons/thumb/0/01/ISS067-E-3548_-_View_of_Earth.jpg/330px-ISS067-E-3548_-_View_of_Earth.jpg?utm_source=commons.wikimedia.org&utm_campaign=imageinfo&utm_content=thumbnail
no,d6bae8cd-dc49-4f00-a5ee-6d9a7e24b768,Райхан,water_body,File:ISS067-E-3548 - View of Earth.jpg,0.56,nearby,"Earth Science and Remote Sensing Unit, Lyndon B. Johnson Space Center",Public domain,,5568,3712,https://commons.wikimedia.org/wiki/File:ISS067-E-3548_-_View_of_Earth.jpg,https://thumb.wikimedia.org/wikipedia/commons/thumb/0/01/ISS067-E-3548_-_View_of_Earth.jpg/330px-ISS067-E-3548_-_View_of_Earth.jpg?utm_source=commons.wikimedia.org&utm_campaign=imageinfo&utm_content=thumbnail
2,0b916712-48e4-4d86-ab0b-940cd4aadfcf,Сайран,water_body,File:E8559-Almaty-Lake-Sayran.jpg,4.00,osm category,Vmenkov,CC BY-SA 3.0,http://creativecommons.org/licenses/by-sa/3.0/,2560,1712,https://commons.wikimedia.org/wiki/File:E8559-Almaty-Lake-Sayran.jpg,https://thumb.wikimedia.org/wikipedia/commons/thumb/a/a7/E8559-Almaty-Lake-Sayran.jpg/330px-E8559-Almaty-Lake-Sayran.jpg?utm_source=commons.wikimedia.org&utm_campaign=imageinfo&utm_content=thumbnail
5,0b916712-48e4-4d86-ab0b-940cd4aadfcf,Сайран,water_body,File:E8560-Almaty-Lake-Sayran.jpg,4.00,osm category,Vmenkov,CC BY-SA 3.0,http://creativecommons.org/licenses/by-sa/3.0/,2560,1712,https://commons.wikimedia.org/wiki/File:E8560-Almaty-Lake-Sayran.jpg,https://thumb.wikimedia.org/wikipedia/commons/thumb/3/3d/E8560-Almaty-Lake-Sayran.jpg/330px-E8560-Almaty-Lake-Sayran.jpg?utm_source=commons.wikimedia.org&utm_campaign=imageinfo&utm_content=thumbnail
no,0b916712-48e4-4d86-ab0b-940cd4aadfcf,Сайран,water_body,File:E8561-Almaty-Lake-Sayran.jpg,4.00,osm category,Vmenkov,CC BY-SA 3.0,http://creativecommons.org/licenses/by-sa/3.0/,2560,1712,https://commons.wikimedia.org/wiki/File:E8561-Almaty-Lake-Sayran.jpg,https://thumb.wikimedia.org/wikipedia/commons/thumb/4/47/E8561-Almaty-Lake-Sayran.jpg/330px-E8561-Almaty-Lake-Sayran.jpg?utm_source=commons.wikimedia.org&utm_campaign=imageinfo&utm_content=thumbnail
no,0b916712-48e4-4d86-ab0b-940cd4aadfcf,Сайран,water_body,File:E8562-Almaty-Lake-Sayran.jpg,4.00,osm category,Vmenkov,CC BY-SA 3.0,http://creativecommons.org/licenses/by-sa/3.0/,2048,1536,https://commons.wikimedia.org/wiki/File:E8562-Almaty-Lake-Sayran.jpg,https://thumb.wikimedia.org/wikipedia/commons/thumb/5/53/E8562-Almaty-Lake-Sayran.jpg/330px-E8562-Almaty-Lake-Sayran.jpg?utm_source=commons.wikimedia.org&utm_campaign=imageinfo&utm_content=thumbnail
4,0b916712-48e4-4d86-ab0b-940cd4aadfcf,Сайран,water_body,File:E8560-Almaty-Lake-Sayranp.jpg,4.00,osm category,"Vmenkov, Marku1988",CC BY-SA 3.0,http://creativecommons.org/licenses/by-sa/3.0/,3934,1668,https://commons.wikimedia.org/wiki/File:E8560-Almaty-Lake-Sayranp.jpg,https://thumb.wikimedia.org/wikipedia/commons/thumb/a/af/E8560-Almaty-Lake-Sayranp.jpg/330px-E8560-Almaty-Lake-Sayranp.jpg?utm_source=commons.wikimedia.org&utm_campaign=imageinfo&utm_content=thumbnail
3,0b916712-48e4-4d86-ab0b-940cd4aadfcf,Сайран,water_body,File:Вид на озеро Сайран с работавшим фонтаном.JPG,4.00,osm category,Kalabaha1969,CC BY-SA 3.0,https://creativecommons.org/licenses/by-sa/3.0,2816,2112,https://commons.wikimedia.org/wiki/File:%D0%92%D0%B8%D0%B4_%D0%BD%D0%B0_%D0%BE%D0%B7%D0%B5%D1%80%D0%BE_%D0%A1%D0%B0%D0%B9%D1%80%D0%B0%D0%BD_%D1%81_%D1%80%D0%B0%D0%B1%D0%BE%D1%82%D0%B0%D0%B2%D1%88%D0%B8%D0%BC_%D1%84%D0%BE%D0%BD%D1%82%D0%B0%D0%BD%D0%BE%D0%BC.JPG,https://thumb.wikimedia.org/wikipedia/commons/thumb/4/41/%D0%92%D0%B8%D0%B4_%D0%BD%D0%B0_%D0%BE%D0%B7%D0%B5%D1%80%D0%BE_%D0%A1%D0%B0%D0%B9%D1%80%D0%B0%D0%BD_%D1%81_%D1%80%D0%B0%D0%B1%D0%BE%D1%82%D0%B0%D0%B2%D1%88%D0%B8%D0%BC_%D1%84%D0%BE%D0%BD%D1%82%D0%B0%D0%BD%D0%BE%D0%BC.JPG/330px-%D0%92%D0%B8%D0%B4_%D0%BD%D0%B0_%D0%BE%D0%B7%D0%B5%D1%80%D0%BE_%D0%A1%D0%B0%D0%B9%D1%80%D0%B0%D0%BD_%D1%81_%D1%80%D0%B0%D0%B1%D0%BE%D1%82%D0%B0%D0%B2%D1%88%D0%B8%D0%BC_%D1%84%D0%BE%D0%BD%D1%82%D0%B0%D0%BD%D0%BE%D0%BC.JPG?utm_source=commons.wikimedia.org&utm_campaign=imageinfo&utm_content=thumbnail
1,0b916712-48e4-4d86-ab0b-940cd4aadfcf,Сайран,water_body,"File:Varlamov Street, Almaty, Kazakhstan - panoramio.jpg",4.00,osm category,LizaZhitskaya,CC BY 3.0,https://creativecommons.org/licenses/by/3.0,1181,791,"https://commons.wikimedia.org/wiki/File:Varlamov_Street,_Almaty,_Kazakhstan_-_panoramio.jpg",https://thumb.wikimedia.org/wikipedia/commons/thumb/6/6f/Varlamov_Street%2C_Almaty%2C_Kazakhstan_-_panoramio.jpg/330px-Varlamov_Street%2C_Almaty%2C_Kazakhstan_-_panoramio.jpg?utm_source=commons.wikimedia.org&utm_campaign=imageinfo&utm_content=thumbnail
no,0b916712-48e4-4d86-ab0b-940cd4aadfcf,Сайран,water_body,File:Саиран - panoramio.jpg,4.00,osm category,Anton Yefimov,CC BY 3.0,https://creativecommons.org/licenses/by/3.0,2048,1536,https://commons.wikimedia.org/wiki/File:%D0%A1%D0%B0%D0%B8%D1%80%D0%B0%D0%BD_-_panoramio.jpg,https://thumb.wikimedia.org/wikipedia/commons/thumb/f/f9/%D0%A1%D0%B0%D0%B8%D1%80%D0%B0%D0%BD_-_panoramio.jpg/330px-%D0%A1%D0%B0%D0%B8%D1%80%D0%B0%D0%BD_-_panoramio.jpg?utm_source=commons.wikimedia.org&utm_campaign=imageinfo&utm_content=thumbnail
no,0b916712-48e4-4d86-ab0b-940cd4aadfcf,Сайран,water_body,"File:Beach of Lake Sayran, Almaty.jpg",4.00,osm category,МаратД,CC BY-SA 4.0,https://creativecommons.org/licenses/by-sa/4.0,1632,1224,"https://commons.wikimedia.org/wiki/File:Beach_of_Lake_Sayran,_Almaty.jpg",https://thumb.wikimedia.org/wikipedia/commons/thumb/0/0d/Beach_of_Lake_Sayran%2C_Almaty.jpg/330px-Beach_of_Lake_Sayran%2C_Almaty.jpg?utm_source=commons.wikimedia.org&utm_campaign=imageinfo&utm_content=thumbnail
no,0b916712-48e4-4d86-ab0b-940cd4aadfcf,Сайран,water_body,File:Sairan.jpg,4.00,osm category,Ds02006,Public domain,,2272,1704,https://commons.wikimedia.org/wiki/File:Sairan.jpg,https://thumb.wikimedia.org/wikipedia/commons/thumb/4/44/Sairan.jpg/330px-Sairan.jpg?utm_source=commons.wikimedia.org&utm_campaign=imageinfo&utm_content=thumbnail
no,0b916712-48e4-4d86-ab0b-940cd4aadfcf,Сайран,water_body,"File:Алматы, сферопанорама Сайрана над фонтаном.jpg",4.00,osm category,Nikolai Bulykin,CC BY-SA 4.0,https://creativecommons.org/licenses/by-sa/4.0,14400,7200,"https://commons.wikimedia.org/wiki/File:%D0%90%D0%BB%D0%BC%D0%B0%D1%82%D1%8B,_%D1%81%D1%84%D0%B5%D1%80%D0%BE%D0%BF%D0%B0%D0%BD%D0%BE%D1%80%D0%B0%D0%BC%D0%B0_%D0%A1%D0%B0%D0%B9%D1%80%D0%B0%D0%BD%D0%B0_%D0%BD%D0%B0%D0%B4_%D1%84%D0%BE%D0%BD%D1%82%D0%B0%D0%BD%D0%BE%D0%BC.jpg",https://thumb.wikimedia.org/wikipedia/commons/thumb/d/d9/%D0%90%D0%BB%D0%BC%D0%B0%D1%82%D1%8B%2C_%D1%81%D1%84%D0%B5%D1%80%D0%BE%D0%BF%D0%B0%D0%BD%D0%BE%D1%80%D0%B0%D0%BC%D0%B0_%D0%A1%D0%B0%D0%B9%D1%80%D0%B0%D0%BD%D0%B0_%D0%BD%D0%B0%D0%B4_%D1%84%D0%BE%D0%BD%D1%82%D0%B0%D0%BD%D0%BE%D0%BC.jpg/330px-%D0%90%D0%BB%D0%BC%D0%B0%D1%82%D1%8B%2C_%D1%81%D1%84%D0%B5%D1%80%D0%BE%D0%BF%D0%B0%D0%BD%D0%BE%D1%80%D0%B0%D0%BC%D0%B0_%D0%A1%D0%B0%D0%B9%D1%80%D0%B0%D0%BD%D0%B0_%D0%BD%D0%B0%D0%B4_%D1%84%D0%BE%D0%BD%D1%82%D0%B0%D0%BD%D0%BE%D0%BC.jpg?utm_source=commons.wikimedia.org&utm_campaign=imageinfo&utm_content=thumbnail
no,0b916712-48e4-4d86-ab0b-940cd4aadfcf,Сайран,water_body,File:Almaty city(KZ). Sairan reservoir.jpg,4.00,wikidata depicts,Dimash Kenesbek,CC BY-SA 4.0,https://creativecommons.org/licenses/by-sa/4.0,4160,1970,https://commons.wikimedia.org/wiki/File:Almaty_city(KZ)._Sairan_reservoir.jpg,https://thumb.wikimedia.org/wikipedia/commons/thumb/1/18/Almaty_city%28KZ%29._Sairan_reservoir.jpg/330px-Almaty_city%28KZ%29._Sairan_reservoir.jpg?utm_source=commons.wikimedia.org&utm_campaign=imageinfo&utm_content=thumbnail
no,feee8214-6268-4681-9e3b-30931a547b6a,Сасыкколь,water_body,File:ISS041-E-58610 - View of Earth.jpg,0.69,nearby,"Earth Science and Remote Sensing Unit, Lyndon B. Johnson Space Center",Public domain,,4256,2832,https://commons.wikimedia.org/wiki/File:ISS041-E-58610_-_View_of_Earth.jpg,https://thumb.wikimedia.org/wikipedia/commons/thumb/9/9c/ISS041-E-58610_-_View_of_Earth.jpg/330px-ISS041-E-58610_-_View_of_Earth.jpg?utm_source=commons.wikimedia.org&utm_campaign=imageinfo&utm_content=thumbnail
no,02e45564-2970-42ea-aac5-6905ecb30f98,Сасыкпай,water_body,File:Жамбыл көшесі ұзынағаш.jpg,0.74,nearby,Almatrkh,CC BY 4.0,https://creativecommons.org/licenses/by/4.0,4624,3468,https://commons.wikimedia.org/wiki/File:%D0%96%D0%B0%D0%BC%D0%B1%D1%8B%D0%BB_%D0%BA%D3%A9%D1%88%D0%B5%D1%81%D1%96_%D2%B1%D0%B7%D1%8B%D0%BD%D0%B0%D2%93%D0%B0%D1%88.jpg,https://thumb.wikimedia.org/wikipedia/commons/thumb/a/a6/%D0%96%D0%B0%D0%BC%D0%B1%D1%8B%D0%BB_%D0%BA%D3%A9%D1%88%D0%B5%D1%81%D1%96_%D2%B1%D0%B7%D1%8B%D0%BD%D0%B0%D2%93%D0%B0%D1%88.jpg/330px-%D0%96%D0%B0%D0%BC%D0%B1%D1%8B%D0%BB_%D0%BA%D3%A9%D1%88%D0%B5%D1%81%D1%96_%D2%B1%D0%B7%D1%8B%D0%BD%D0%B0%D2%93%D0%B0%D1%88.jpg?utm_source=commons.wikimedia.org&utm_campaign=imageinfo&utm_content=thumbnail
no,02e45564-2970-42ea-aac5-6905ecb30f98,Сасыкпай,water_body,File:Абай Жапар базары.jpg,0.74,nearby,Almatrkh,CC BY 4.0,https://creativecommons.org/licenses/by/4.0,4624,3468,https://commons.wikimedia.org/wiki/File:%D0%90%D0%B1%D0%B0%D0%B9_%D0%96%D0%B0%D0%BF%D0%B0%D1%80_%D0%B1%D0%B0%D0%B7%D0%B0%D1%80%D1%8B.jpg,https://thumb.wikimedia.org/wikipedia/commons/thumb/4/46/%D0%90%D0%B1%D0%B0%D0%B9_%D0%96%D0%B0%D0%BF%D0%B0%D1%80_%D0%B1%D0%B0%D0%B7%D0%B0%D1%80%D1%8B.jpg/330px-%D0%90%D0%B1%D0%B0%D0%B9_%D0%96%D0%B0%D0%BF%D0%B0%D1%80_%D0%B1%D0%B0%D0%B7%D0%B0%D1%80%D1%8B.jpg?utm_source=commons.wikimedia.org&utm_campaign=imageinfo&utm_content=thumbnail
no,02e45564-2970-42ea-aac5-6905ecb30f98,Сасыкпай,water_body,File:Жол сақинасы Ұзынағаш.jpg,0.73,nearby,Almatrkh,CC BY 4.0,https://creativecommons.org/licenses/by/4.0,4624,3468,https://commons.wikimedia.org/wiki/File:%D0%96%D0%BE%D0%BB_%D1%81%D0%B0%D2%9B%D0%B8%D0%BD%D0%B0%D1%81%D1%8B_%D2%B0%D0%B7%D1%8B%D0%BD%D0%B0%D2%93%D0%B0%D1%88.jpg,https://thumb.wikimedia.org/wikipedia/commons/thumb/b/bf/%D0%96%D0%BE%D0%BB_%D1%81%D0%B0%D2%9B%D0%B8%D0%BD%D0%B0%D1%81%D1%8B_%D2%B0%D0%B7%D1%8B%D0%BD%D0%B0%D2%93%D0%B0%D1%88.jpg/330px-%D0%96%D0%BE%D0%BB_%D1%81%D0%B0%D2%9B%D0%B8%D0%BD%D0%B0%D1%81%D1%8B_%D2%B0%D0%B7%D1%8B%D0%BD%D0%B0%D2%93%D0%B0%D1%88.jpg?utm_source=commons.wikimedia.org&utm_campaign=imageinfo&utm_content=thumbnail
no,02e45564-2970-42ea-aac5-6905ecb30f98,Сасыкпай,water_body,File:Ресей-қоқан соғысының ескерткіші.jpg,0.70,nearby,Almatrkh,CC BY 4.0,https://creativecommons.org/licenses/by/4.0,3468,4624,https://commons.wikimedia.org/wiki/File:%D0%A0%D0%B5%D1%81%D0%B5%D0%B9-%D2%9B%D0%BE%D2%9B%D0%B0%D0%BD_%D1%81%D0%BE%D2%93%D1%8B%D1%81%D1%8B%D0%BD%D1%8B%D2%A3_%D0%B5%D1%81%D0%BA%D0%B5%D1%80%D1%82%D0%BA%D1%96%D1%88%D1%96.jpg,https://thumb.wikimedia.org/wikipedia/commons/thumb/0/0e/%D0%A0%D0%B5%D1%81%D0%B5%D0%B9-%D2%9B%D0%BE%D2%9B%D0%B0%D0%BD_%D1%81%D0%BE%D2%93%D1%8B%D1%81%D1%8B%D0%BD%D1%8B%D2%A3_%D0%B5%D1%81%D0%BA%D0%B5%D1%80%D1%82%D0%BA%D1%96%D1%88%D1%96.jpg/330px-%D0%A0%D0%B5%D1%81%D0%B5%D0%B9-%D2%9B%D0%BE%D2%9B%D0%B0%D0%BD_%D1%81%D0%BE%D2%93%D1%8B%D1%81%D1%8B%D0%BD%D1%8B%D2%A3_%D0%B5%D1%81%D0%BA%D0%B5%D1%80%D1%82%D0%BA%D1%96%D1%88%D1%96.jpg?utm_source=commons.wikimedia.org&utm_campaign=imageinfo&utm_content=thumbnail
no,02e45564-2970-42ea-aac5-6905ecb30f98,Сасыкпай,water_body,File:Қарасай батыр.jpg,0.69,nearby,Almatrkh,CC BY 4.0,https://creativecommons.org/licenses/by/4.0,3468,4624,https://commons.wikimedia.org/wiki/File:%D2%9A%D0%B0%D1%80%D0%B0%D1%81%D0%B0%D0%B9_%D0%B1%D0%B0%D1%82%D1%8B%D1%80.jpg,https://thumb.wikimedia.org/wikipedia/commons/thumb/b/bb/%D2%9A%D0%B0%D1%80%D0%B0%D1%81%D0%B0%D0%B9_%D0%B1%D0%B0%D1%82%D1%8B%D1%80.jpg/330px-%D2%9A%D0%B0%D1%80%D0%B0%D1%81%D0%B0%D0%B9_%D0%B1%D0%B0%D1%82%D1%8B%D1%80.jpg?utm_source=commons.wikimedia.org&utm_campaign=imageinfo&utm_content=thumbnail
no,02e45564-2970-42ea-aac5-6905ecb30f98,Сасыкпай,water_body,File:Абай алаңы Ұзынағаш.jpg,0.68,nearby,Almatrkh,CC BY 4.0,https://creativecommons.org/licenses/by/4.0,4624,3468,https://commons.wikimedia.org/wiki/File:%D0%90%D0%B1%D0%B0%D0%B9_%D0%B0%D0%BB%D0%B0%D2%A3%D1%8B_%D2%B0%D0%B7%D1%8B%D0%BD%D0%B0%D2%93%D0%B0%D1%88.jpg,https://thumb.wikimedia.org/wikipedia/commons/thumb/b/bc/%D0%90%D0%B1%D0%B0%D0%B9_%D0%B0%D0%BB%D0%B0%D2%A3%D1%8B_%D2%B0%D0%B7%D1%8B%D0%BD%D0%B0%D2%93%D0%B0%D1%88.jpg/330px-%D0%90%D0%B1%D0%B0%D0%B9_%D0%B0%D0%BB%D0%B0%D2%A3%D1%8B_%D2%B0%D0%B7%D1%8B%D0%BD%D0%B0%D2%93%D0%B0%D1%88.jpg?utm_source=commons.wikimedia.org&utm_campaign=imageinfo&utm_content=thumbnail
no,02e45564-2970-42ea-aac5-6905ecb30f98,Сасыкпай,water_body,File:Абай алаңы (Ұзынағаш).jpg,0.68,nearby,Almatrkh,CC BY 4.0,https://creativecommons.org/licenses/by/4.0,4624,3468,https://commons.wikimedia.org/wiki/File:%D0%90%D0%B1%D0%B0%D0%B9_%D0%B0%D0%BB%D0%B0%D2%A3%D1%8B_(%D2%B0%D0%B7%D1%8B%D0%BD%D0%B0%D2%93%D0%B0%D1%88).jpg,https://thumb.wikimedia.org/wikipedia/commons/thumb/9/91/%D0%90%D0%B1%D0%B0%D0%B9_%D0%B0%D0%BB%D0%B0%D2%A3%D1%8B_%28%D2%B0%D0%B7%D1%8B%D0%BD%D0%B0%D2%93%D0%B0%D1%88%29.jpg/330px-%D0%90%D0%B1%D0%B0%D0%B9_%D0%B0%D0%BB%D0%B0%D2%A3%D1%8B_%28%D2%B0%D0%B7%D1%8B%D0%BD%D0%B0%D2%93%D0%B0%D1%88%29.jpg?utm_source=commons.wikimedia.org&utm_campaign=imageinfo&utm_content=thumbnail
no,02e45564-2970-42ea-aac5-6905ecb30f98,Сасыкпай,water_body,File:Ұзынағаштағы Даңқ алаңы.jpg,0.68,nearby,Almatrkh,CC BY 4.0,https://creativecommons.org/licenses/by/4.0,4624,3468,https://commons.wikimedia.org/wiki/File:%D2%B0%D0%B7%D1%8B%D0%BD%D0%B0%D2%93%D0%B0%D1%88%D1%82%D0%B0%D2%93%D1%8B_%D0%94%D0%B0%D2%A3%D2%9B_%D0%B0%D0%BB%D0%B0%D2%A3%D1%8B.jpg,https://thumb.wikimedia.org/wikipedia/commons/thumb/d/d2/%D2%B0%D0%B7%D1%8B%D0%BD%D0%B0%D2%93%D0%B0%D1%88%D1%82%D0%B0%D2%93%D1%8B_%D0%94%D0%B0%D2%A3%D2%9B_%D0%B0%D0%BB%D0%B0%D2%A3%D1%8B.jpg/330px-%D2%B0%D0%B7%D1%8B%D0%BD%D0%B0%D2%93%D0%B0%D1%88%D1%82%D0%B0%D2%93%D1%8B_%D0%94%D0%B0%D2%A3%D2%9B_%D0%B0%D0%BB%D0%B0%D2%A3%D1%8B.jpg?utm_source=commons.wikimedia.org&utm_campaign=imageinfo&utm_content=thumbnail
no,02e45564-2970-42ea-aac5-6905ecb30f98,Сасыкпай,water_body,File:Қараш Батыр Абай Ұзынағаш.jpg,0.67,nearby,Almatrkh,CC BY 4.0,https://creativecommons.org/licenses/by/4.0,4624,3468,https://commons.wikimedia.org/wiki/File:%D2%9A%D0%B0%D1%80%D0%B0%D1%88_%D0%91%D0%B0%D1%82%D1%8B%D1%80_%D0%90%D0%B1%D0%B0%D0%B9_%D2%B0%D0%B7%D1%8B%D0%BD%D0%B0%D2%93%D0%B0%D1%88.jpg,https://thumb.wikimedia.org/wikipedia/commons/thumb/a/ae/%D2%9A%D0%B0%D1%80%D0%B0%D1%88_%D0%91%D0%B0%D1%82%D1%8B%D1%80_%D0%90%D0%B1%D0%B0%D0%B9_%D2%B0%D0%B7%D1%8B%D0%BD%D0%B0%D2%93%D0%B0%D1%88.jpg/330px-%D2%9A%D0%B0%D1%80%D0%B0%D1%88_%D0%91%D0%B0%D1%82%D1%8B%D1%80_%D0%90%D0%B1%D0%B0%D0%B9_%D2%B0%D0%B7%D1%8B%D0%BD%D0%B0%D2%93%D0%B0%D1%88.jpg?utm_source=commons.wikimedia.org&utm_campaign=imageinfo&utm_content=thumbnail
no,02e45564-2970-42ea-aac5-6905ecb30f98,Сасыкпай,water_body,File:Ұзынағаштағы арбат.jpg,0.67,nearby,Almatrkh,CC BY 4.0,https://creativecommons.org/licenses/by/4.0,4624,3468,https://commons.wikimedia.org/wiki/File:%D2%B0%D0%B7%D1%8B%D0%BD%D0%B0%D2%93%D0%B0%D1%88%D1%82%D0%B0%D2%93%D1%8B_%D0%B0%D1%80%D0%B1%D0%B0%D1%82.jpg,https://thumb.wikimedia.org/wikipedia/commons/thumb/a/af/%D2%B0%D0%B7%D1%8B%D0%BD%D0%B0%D2%93%D0%B0%D1%88%D1%82%D0%B0%D2%93%D1%8B_%D0%B0%D1%80%D0%B1%D0%B0%D1%82.jpg/330px-%D2%B0%D0%B7%D1%8B%D0%BD%D0%B0%D2%93%D0%B0%D1%88%D1%82%D0%B0%D2%93%D1%8B_%D0%B0%D1%80%D0%B1%D0%B0%D1%82.jpg?utm_source=commons.wikimedia.org&utm_campaign=imageinfo&utm_content=thumbnail
no,02e45564-2970-42ea-aac5-6905ecb30f98,Сасыкпай,water_body,File:ISS043-E-273945 - View of Earth.jpg,0.54,nearby,"Earth Science and Remote Sensing Unit, Lyndon B. Johnson Space Center",Public domain,,4928,3280,https://commons.wikimedia.org/wiki/File:ISS043-E-273945_-_View_of_Earth.jpg,https://thumb.wikimedia.org/wikipedia/commons/thumb/d/dc/ISS043-E-273945_-_View_of_Earth.jpg/330px-ISS043-E-273945_-_View_of_Earth.jpg?utm_source=commons.wikimedia.org&utm_campaign=imageinfo&utm_content=thumbnail
no,02e45564-2970-42ea-aac5-6905ecb30f98,Сасыкпай,water_body,File:ISS030-E-98273 - View of Earth.jpg,0.54,nearby,"Earth Science and Remote Sensing Unit, Lyndon B. Johnson Space Center",Public domain,,4288,2848,https://commons.wikimedia.org/wiki/File:ISS030-E-98273_-_View_of_Earth.jpg,https://thumb.wikimedia.org/wikipedia/commons/thumb/7/70/ISS030-E-98273_-_View_of_Earth.jpg/330px-ISS030-E-98273_-_View_of_Earth.jpg?utm_source=commons.wikimedia.org&utm_campaign=imageinfo&utm_content=thumbnail
3,63b3371f-6be1-46dd-9ee3-3c290d390f42,Солдатское озеро,water_body,"File:Karasay District, Kazakhstan - panoramio (20).jpg",0.76,nearby,Anton Yefimov,CC BY 3.0,https://creativecommons.org/licenses/by/3.0,2048,1536,"https://commons.wikimedia.org/wiki/File:Karasay_District,_Kazakhstan_-_panoramio_(20).jpg",https://thumb.wikimedia.org/wikipedia/commons/thumb/0/0e/Karasay_District%2C_Kazakhstan_-_panoramio_%2820%29.jpg/330px-Karasay_District%2C_Kazakhstan_-_panoramio_%2820%29.jpg?utm_source=commons.wikimedia.org&utm_campaign=imageinfo&utm_content=thumbnail
no,63b3371f-6be1-46dd-9ee3-3c290d390f42,Солдатское озеро,water_body,"File:Karasay District, Kazakhstan - panoramio (17).jpg",0.76,nearby,Anton Yefimov,CC BY 3.0,https://creativecommons.org/licenses/by/3.0,2048,1536,"https://commons.wikimedia.org/wiki/File:Karasay_District,_Kazakhstan_-_panoramio_(17).jpg",https://thumb.wikimedia.org/wikipedia/commons/thumb/f/f2/Karasay_District%2C_Kazakhstan_-_panoramio_%2817%29.jpg/330px-Karasay_District%2C_Kazakhstan_-_panoramio_%2817%29.jpg?utm_source=commons.wikimedia.org&utm_campaign=imageinfo&utm_content=thumbnail
2,63b3371f-6be1-46dd-9ee3-3c290d390f42,Солдатское озеро,water_body,"File:Karasay District, Kazakhstan - panoramio (19).jpg",0.74,nearby,Anton Yefimov,CC BY 3.0,https://creativecommons.org/licenses/by/3.0,2048,1536,"https://commons.wikimedia.org/wiki/File:Karasay_District,_Kazakhstan_-_panoramio_(19).jpg",https://thumb.wikimedia.org/wikipedia/commons/thumb/5/52/Karasay_District%2C_Kazakhstan_-_panoramio_%2819%29.jpg/330px-Karasay_District%2C_Kazakhstan_-_panoramio_%2819%29.jpg?utm_source=commons.wikimedia.org&utm_campaign=imageinfo&utm_content=thumbnail
1,63b3371f-6be1-46dd-9ee3-3c290d390f42,Солдатское озеро,water_body,"File:Karasay District, Kazakhstan - panoramio (18).jpg",0.74,nearby,Anton Yefimov,CC BY 3.0,https://creativecommons.org/licenses/by/3.0,2048,1536,"https://commons.wikimedia.org/wiki/File:Karasay_District,_Kazakhstan_-_panoramio_(18).jpg",https://thumb.wikimedia.org/wikipedia/commons/thumb/b/b1/Karasay_District%2C_Kazakhstan_-_panoramio_%2818%29.jpg/330px-Karasay_District%2C_Kazakhstan_-_panoramio_%2818%29.jpg?utm_source=commons.wikimedia.org&utm_campaign=imageinfo&utm_content=thumbnail
no,63b3371f-6be1-46dd-9ee3-3c290d390f42,Солдатское озеро,water_body,File:Aksay (tributary of Kaskelen).jpg,0.68,nearby,Carpodacus,CC BY-SA 4.0,https://creativecommons.org/licenses/by-sa/4.0,2448,3264,https://commons.wikimedia.org/wiki/File:Aksay_(tributary_of_Kaskelen).jpg,https://thumb.wikimedia.org/wikipedia/commons/thumb/a/ac/Aksay_%28tributary_of_Kaskelen%29.jpg/330px-Aksay_%28tributary_of_Kaskelen%29.jpg?utm_source=commons.wikimedia.org&utm_campaign=imageinfo&utm_content=thumbnail
no,63b3371f-6be1-46dd-9ee3-3c290d390f42,Солдатское озеро,water_body,File:Qopa river.jpg,0.65,nearby,Carpodacus,CC BY-SA 4.0,https://creativecommons.org/licenses/by-sa/4.0,2143,1654,https://commons.wikimedia.org/wiki/File:Qopa_river.jpg,https://thumb.wikimedia.org/wikipedia/commons/thumb/5/5e/Qopa_river.jpg/330px-Qopa_river.jpg?utm_source=commons.wikimedia.org&utm_campaign=imageinfo&utm_content=thumbnail
no,63b3371f-6be1-46dd-9ee3-3c290d390f42,Солдатское озеро,water_body,File:Aksengir river.jpg,0.65,nearby,Carpodacus,CC BY-SA 4.0,https://creativecommons.org/licenses/by-sa/4.0,2657,2227,https://commons.wikimedia.org/wiki/File:Aksengir_river.jpg,https://thumb.wikimedia.org/wikipedia/commons/thumb/7/79/Aksengir_river.jpg/330px-Aksengir_river.jpg?utm_source=commons.wikimedia.org&utm_campaign=imageinfo&utm_content=thumbnail
no,cabe6cf1-73e9-484b-af48-e1935638d1a9,Талап,water_body,"File:ДМ62-1837, Казахстан, Алматинская область, ППЖТ Казыбек-Бек (Trainpix 182942).jpg",0.59,nearby,Александр Залесский,CC BY-SA 4.0,https://creativecommons.org/licenses/by-sa/4.0,1200,800,"https://commons.wikimedia.org/wiki/File:%D0%94%D0%9C62-1837,_%D0%9A%D0%B0%D0%B7%D0%B0%D1%85%D1%81%D1%82%D0%B0%D0%BD,_%D0%90%D0%BB%D0%BC%D0%B0%D1%82%D0%B8%D0%BD%D1%81%D0%BA%D0%B0%D1%8F_%D0%BE%D0%B1%D0%BB%D0%B0%D1%81%D1%82%D1%8C,_%D0%9F%D0%9F%D0%96%D0%A2_%D0%9A%D0%B0%D0%B7%D1%8B%D0%B1%D0%B5%D0%BA-%D0%91%D0%B5%D0%BA_(Trainpix_182942).jpg",https://thumb.wikimedia.org/wikipedia/commons/thumb/8/8f/%D0%94%D0%9C62-1837%2C_%D0%9A%D0%B0%D0%B7%D0%B0%D1%85%D1%81%D1%82%D0%B0%D0%BD%2C_%D0%90%D0%BB%D0%BC%D0%B0%D1%82%D0%B8%D0%BD%D1%81%D0%BA%D0%B0%D1%8F_%D0%BE%D0%B1%D0%BB%D0%B0%D1%81%D1%82%D1%8C%2C_%D0%9F%D0%9F%D0%96%D0%A2_%D0%9A%D0%B0%D0%B7%D1%8B%D0%B1%D0%B5%D0%BA-%D0%91%D0%B5%D0%BA_%28Trainpix_182942%29.jpg/330px-%D0%94%D0%9C62-1837%2C_%D0%9A%D0%B0%D0%B7%D0%B0%D1%85%D1%81%D1%82%D0%B0%D0%BD%2C_%D0%90%D0%BB%D0%BC%D0%B0%D1%82%D0%B8%D0%BD%D1%81%D0%BA%D0%B0%D1%8F_%D0%BE%D0%B1%D0%BB%D0%B0%D1%81%D1%82%D1%8C%2C_%D0%9F%D0%9F%D0%96%D0%A2_%D0%9A%D0%B0%D0%B7%D1%8B%D0%B1%D0%B5%D0%BA-%D0%91%D0%B5%D0%BA_%28Trainpix_182942%29.jpg?utm_source=commons.wikimedia.org&utm_campaign=imageinfo&utm_content=thumbnail
no,2da83e65-398a-4645-8bb1-e8f8f793804c,Тимофеева,water_body,File:Rockglacier 'Gorodetsky'.jpg,0.69,nearby,Tienshanicum,CC BY-SA 3.0,https://creativecommons.org/licenses/by-sa/3.0,3118,1969,https://commons.wikimedia.org/wiki/File:Rockglacier_%27Gorodetsky%27.jpg,https://thumb.wikimedia.org/wikipedia/commons/thumb/6/65/Rockglacier_%27Gorodetsky%27.jpg/330px-Rockglacier_%27Gorodetsky%27.jpg?utm_source=commons.wikimedia.org&utm_campaign=imageinfo&utm_content=thumbnail
no,2da83e65-398a-4645-8bb1-e8f8f793804c,Тимофеева,water_body,File:At the Tuyuksu Pass a view towards the Tourists Gorge.jpg,0.65,nearby,On The Hidden Mountain,CC0,http://creativecommons.org/publicdomain/zero/1.0/deed.en,2832,3540,https://commons.wikimedia.org/wiki/File:At_the_Tuyuksu_Pass_a_view_towards_the_Tourists_Gorge.jpg,https://thumb.wikimedia.org/wikipedia/commons/thumb/7/78/At_the_Tuyuksu_Pass_a_view_towards_the_Tourists_Gorge.jpg/330px-At_the_Tuyuksu_Pass_a_view_towards_the_Tourists_Gorge.jpg?utm_source=commons.wikimedia.org&utm_campaign=imageinfo&utm_content=thumbnail
no,2da83e65-398a-4645-8bb1-e8f8f793804c,Тимофеева,water_body,File:At the Tuyuksu Pass a view towards the Tuyuksu Glacier 01.jpg,0.65,nearby,On The Hidden Mountain,CC0,http://creativecommons.org/publicdomain/zero/1.0/deed.en,2832,3540,https://commons.wikimedia.org/wiki/File:At_the_Tuyuksu_Pass_a_view_towards_the_Tuyuksu_Glacier_01.jpg,https://thumb.wikimedia.org/wikipedia/commons/thumb/7/7c/At_the_Tuyuksu_Pass_a_view_towards_the_Tuyuksu_Glacier_01.jpg/330px-At_the_Tuyuksu_Pass_a_view_towards_the_Tuyuksu_Glacier_01.jpg?utm_source=commons.wikimedia.org&utm_campaign=imageinfo&utm_content=thumbnail
no,2da83e65-398a-4645-8bb1-e8f8f793804c,Тимофеева,water_body,File:Панорама с южной стороны пика Советов.jpg,0.60,nearby,Ananyev Dmitriy,CC BY-SA 4.0,https://creativecommons.org/licenses/by-sa/4.0,12000,2774,https://commons.wikimedia.org/wiki/File:%D0%9F%D0%B0%D0%BD%D0%BE%D1%80%D0%B0%D0%BC%D0%B0_%D1%81_%D1%8E%D0%B6%D0%BD%D0%BE%D0%B9_%D1%81%D1%82%D0%BE%D1%80%D0%BE%D0%BD%D1%8B_%D0%BF%D0%B8%D0%BA%D0%B0_%D0%A1%D0%BE%D0%B2%D0%B5%D1%82%D0%BE%D0%B2.jpg,https://thumb.wikimedia.org/wikipedia/commons/thumb/2/26/%D0%9F%D0%B0%D0%BD%D0%BE%D1%80%D0%B0%D0%BC%D0%B0_%D1%81_%D1%8E%D0%B6%D0%BD%D0%BE%D0%B9_%D1%81%D1%82%D0%BE%D1%80%D0%BE%D0%BD%D1%8B_%D0%BF%D0%B8%D0%BA%D0%B0_%D0%A1%D0%BE%D0%B2%D0%B5%D1%82%D0%BE%D0%B2.jpg/330px-%D0%9F%D0%B0%D0%BD%D0%BE%D1%80%D0%B0%D0%BC%D0%B0_%D1%81_%D1%8E%D0%B6%D0%BD%D0%BE%D0%B9_%D1%81%D1%82%D0%BE%D1%80%D0%BE%D0%BD%D1%8B_%D0%BF%D0%B8%D0%BA%D0%B0_%D0%A1%D0%BE%D0%B2%D0%B5%D1%82%D0%BE%D0%B2.jpg?utm_source=commons.wikimedia.org&utm_campaign=imageinfo&utm_content=thumbnail
no,2da83e65-398a-4645-8bb1-e8f8f793804c,Тимофеева,water_body,File:Станция Туюксу Т1.jpg,0.57,nearby,Уваров Данила,CC BY-SA 4.0,https://creativecommons.org/licenses/by-sa/4.0,1600,1200,https://commons.wikimedia.org/wiki/File:%D0%A1%D1%82%D0%B0%D0%BD%D1%86%D0%B8%D1%8F_%D0%A2%D1%83%D1%8E%D0%BA%D1%81%D1%83_%D0%A21.jpg,https://thumb.wikimedia.org/wikipedia/commons/thumb/5/5b/%D0%A1%D1%82%D0%B0%D0%BD%D1%86%D0%B8%D1%8F_%D0%A2%D1%83%D1%8E%D0%BA%D1%81%D1%83_%D0%A21.jpg/330px-%D0%A1%D1%82%D0%B0%D0%BD%D1%86%D0%B8%D1%8F_%D0%A2%D1%83%D1%8E%D0%BA%D1%81%D1%83_%D0%A21.jpg?utm_source=commons.wikimedia.org&utm_campaign=imageinfo&utm_content=thumbnail
no,2da83e65-398a-4645-8bb1-e8f8f793804c,Тимофеева,water_body,File:Утро у пика Локомотив.jpg,0.54,nearby,Ruslan Shaimardanov,CC BY-SA 4.0,https://creativecommons.org/licenses/by-sa/4.0,1024,769,https://commons.wikimedia.org/wiki/File:%D0%A3%D1%82%D1%80%D0%BE_%D1%83_%D0%BF%D0%B8%D0%BA%D0%B0_%D0%9B%D0%BE%D0%BA%D0%BE%D0%BC%D0%BE%D1%82%D0%B8%D0%B2.jpg,https://thumb.wikimedia.org/wikipedia/commons/thumb/2/24/%D0%A3%D1%82%D1%80%D0%BE_%D1%83_%D0%BF%D0%B8%D0%BA%D0%B0_%D0%9B%D0%BE%D0%BA%D0%BE%D0%BC%D0%BE%D1%82%D0%B8%D0%B2.jpg/330px-%D0%A3%D1%82%D1%80%D0%BE_%D1%83_%D0%BF%D0%B8%D0%BA%D0%B0_%D0%9B%D0%BE%D0%BA%D0%BE%D0%BC%D0%BE%D1%82%D0%B8%D0%B2.jpg?utm_source=commons.wikimedia.org&utm_campaign=imageinfo&utm_content=thumbnail
no,2da83e65-398a-4645-8bb1-e8f8f793804c,Тимофеева,water_body,File:Гребень пика Молодежный.jpg,0.54,nearby,Ruslan Shaimardanov,CC BY-SA 4.0,https://creativecommons.org/licenses/by-sa/4.0,1024,769,https://commons.wikimedia.org/wiki/File:%D0%93%D1%80%D0%B5%D0%B1%D0%B5%D0%BD%D1%8C_%D0%BF%D0%B8%D0%BA%D0%B0_%D0%9C%D0%BE%D0%BB%D0%BE%D0%B4%D0%B5%D0%B6%D0%BD%D1%8B%D0%B9.jpg,https://thumb.wikimedia.org/wikipedia/commons/thumb/4/44/%D0%93%D1%80%D0%B5%D0%B1%D0%B5%D0%BD%D1%8C_%D0%BF%D0%B8%D0%BA%D0%B0_%D0%9C%D0%BE%D0%BB%D0%BE%D0%B4%D0%B5%D0%B6%D0%BD%D1%8B%D0%B9.jpg/330px-%D0%93%D1%80%D0%B5%D0%B1%D0%B5%D0%BD%D1%8C_%D0%BF%D0%B8%D0%BA%D0%B0_%D0%9C%D0%BE%D0%BB%D0%BE%D0%B4%D0%B5%D0%B6%D0%BD%D1%8B%D0%B9.jpg?utm_source=commons.wikimedia.org&utm_campaign=imageinfo&utm_content=thumbnail
no,2da83e65-398a-4645-8bb1-e8f8f793804c,Тимофеева,water_body,File:На вершине пика Молодежный.jpg,0.53,nearby,Ruslan Shaimardanov,CC BY-SA 4.0,https://creativecommons.org/licenses/by-sa/4.0,1024,768,https://commons.wikimedia.org/wiki/File:%D0%9D%D0%B0_%D0%B2%D0%B5%D1%80%D1%88%D0%B8%D0%BD%D0%B5_%D0%BF%D0%B8%D0%BA%D0%B0_%D0%9C%D0%BE%D0%BB%D0%BE%D0%B4%D0%B5%D0%B6%D0%BD%D1%8B%D0%B9.jpg,https://thumb.wikimedia.org/wikipedia/commons/thumb/3/3a/%D0%9D%D0%B0_%D0%B2%D0%B5%D1%80%D1%88%D0%B8%D0%BD%D0%B5_%D0%BF%D0%B8%D0%BA%D0%B0_%D0%9C%D0%BE%D0%BB%D0%BE%D0%B4%D0%B5%D0%B6%D0%BD%D1%8B%D0%B9.jpg/330px-%D0%9D%D0%B0_%D0%B2%D0%B5%D1%80%D1%88%D0%B8%D0%BD%D0%B5_%D0%BF%D0%B8%D0%BA%D0%B0_%D0%9C%D0%BE%D0%BB%D0%BE%D0%B4%D0%B5%D0%B6%D0%BD%D1%8B%D0%B9.jpg?utm_source=commons.wikimedia.org&utm_campaign=imageinfo&utm_content=thumbnail
no,2da83e65-398a-4645-8bb1-e8f8f793804c,Тимофеева,water_body,File:Пик Советов.jpg,0.53,nearby,Ruslan Shaimardanov,CC BY-SA 4.0,https://creativecommons.org/licenses/by-sa/4.0,1024,769,https://commons.wikimedia.org/wiki/File:%D0%9F%D0%B8%D0%BA_%D0%A1%D0%BE%D0%B2%D0%B5%D1%82%D0%BE%D0%B2.jpg,https://thumb.wikimedia.org/wikipedia/commons/thumb/4/47/%D0%9F%D0%B8%D0%BA_%D0%A1%D0%BE%D0%B2%D0%B5%D1%82%D0%BE%D0%B2.jpg/330px-%D0%9F%D0%B8%D0%BA_%D0%A1%D0%BE%D0%B2%D0%B5%D1%82%D0%BE%D0%B2.jpg?utm_source=commons.wikimedia.org&utm_campaign=imageinfo&utm_content=thumbnail
no,2da83e65-398a-4645-8bb1-e8f8f793804c,Тимофеева,water_body,File:Пик Погребецкого.jpg,0.53,nearby,Ruslan Shaimardanov,CC BY-SA 4.0,https://creativecommons.org/licenses/by-sa/4.0,1024,768,https://commons.wikimedia.org/wiki/File:%D0%9F%D0%B8%D0%BA_%D0%9F%D0%BE%D0%B3%D1%80%D0%B5%D0%B1%D0%B5%D1%86%D0%BA%D0%BE%D0%B3%D0%BE.jpg,https://thumb.wikimedia.org/wikipedia/commons/thumb/a/a7/%D0%9F%D0%B8%D0%BA_%D0%9F%D0%BE%D0%B3%D1%80%D0%B5%D0%B1%D0%B5%D1%86%D0%BA%D0%BE%D0%B3%D0%BE.jpg/330px-%D0%9F%D0%B8%D0%BA_%D0%9F%D0%BE%D0%B3%D1%80%D0%B5%D0%B1%D0%B5%D1%86%D0%BA%D0%BE%D0%B3%D0%BE.jpg?utm_source=commons.wikimedia.org&utm_campaign=imageinfo&utm_content=thumbnail
no,2da83e65-398a-4645-8bb1-e8f8f793804c,Тимофеева,water_body,File:Пик СГУ и Советских Альпинистов.jpg,0.53,nearby,Ruslan Shaimardanov,CC BY-SA 4.0,https://creativecommons.org/licenses/by-sa/4.0,1024,769,https://commons.wikimedia.org/wiki/File:%D0%9F%D0%B8%D0%BA_%D0%A1%D0%93%D0%A3_%D0%B8_%D0%A1%D0%BE%D0%B2%D0%B5%D1%82%D1%81%D0%BA%D0%B8%D1%85_%D0%90%D0%BB%D1%8C%D0%BF%D0%B8%D0%BD%D0%B8%D1%81%D1%82%D0%BE%D0%B2.jpg,https://thumb.wikimedia.org/wikipedia/commons/thumb/5/5b/%D0%9F%D0%B8%D0%BA_%D0%A1%D0%93%D0%A3_%D0%B8_%D0%A1%D0%BE%D0%B2%D0%B5%D1%82%D1%81%D0%BA%D0%B8%D1%85_%D0%90%D0%BB%D1%8C%D0%BF%D0%B8%D0%BD%D0%B8%D1%81%D1%82%D0%BE%D0%B2.jpg/330px-%D0%9F%D0%B8%D0%BA_%D0%A1%D0%93%D0%A3_%D0%B8_%D0%A1%D0%BE%D0%B2%D0%B5%D1%82%D1%81%D0%BA%D0%B8%D1%85_%D0%90%D0%BB%D1%8C%D0%BF%D0%B8%D0%BD%D0%B8%D1%81%D1%82%D0%BE%D0%B2.jpg?utm_source=commons.wikimedia.org&utm_campaign=imageinfo&utm_content=thumbnail
no,2da83e65-398a-4645-8bb1-e8f8f793804c,Тимофеева,water_body,File:Пик Оржоникидзе и Партизан.jpg,0.53,nearby,Ruslan Shaimardanov,CC BY-SA 4.0,https://creativecommons.org/licenses/by-sa/4.0,1024,769,https://commons.wikimedia.org/wiki/File:%D0%9F%D0%B8%D0%BA_%D0%9E%D1%80%D0%B6%D0%BE%D0%BD%D0%B8%D0%BA%D0%B8%D0%B4%D0%B7%D0%B5_%D0%B8_%D0%9F%D0%B0%D1%80%D1%82%D0%B8%D0%B7%D0%B0%D0%BD.jpg,https://thumb.wikimedia.org/wikipedia/commons/thumb/8/8d/%D0%9F%D0%B8%D0%BA_%D0%9E%D1%80%D0%B6%D0%BE%D0%BD%D0%B8%D0%BA%D0%B8%D0%B4%D0%B7%D0%B5_%D0%B8_%D0%9F%D0%B0%D1%80%D1%82%D0%B8%D0%B7%D0%B0%D0%BD.jpg/330px-%D0%9F%D0%B8%D0%BA_%D0%9E%D1%80%D0%B6%D0%BE%D0%BD%D0%B8%D0%BA%D0%B8%D0%B4%D0%B7%D0%B5_%D0%B8_%D0%9F%D0%B0%D1%80%D1%82%D0%B8%D0%B7%D0%B0%D0%BD.jpg?utm_source=commons.wikimedia.org&utm_campaign=imageinfo&utm_content=thumbnail
2,ad936c04-5718-4c5d-a16d-f0d2da4e9fcf,Тузколь,water_body,File:Озеро Тузколь.jpg,2.36,"nearby, name",Liliya Duisengaliyeva,CC BY-SA 4.0,https://creativecommons.org/licenses/by-sa/4.0,1024,768,https://commons.wikimedia.org/wiki/File:%D0%9E%D0%B7%D0%B5%D1%80%D0%BE_%D0%A2%D1%83%D0%B7%D0%BA%D0%BE%D0%BB%D1%8C.jpg,https://thumb.wikimedia.org/wikipedia/commons/thumb/2/2b/%D0%9E%D0%B7%D0%B5%D1%80%D0%BE_%D0%A2%D1%83%D0%B7%D0%BA%D0%BE%D0%BB%D1%8C.jpg/330px-%D0%9E%D0%B7%D0%B5%D1%80%D0%BE_%D0%A2%D1%83%D0%B7%D0%BA%D0%BE%D0%BB%D1%8C.jpg?utm_source=commons.wikimedia.org&utm_campaign=imageinfo&utm_content=thumbnail
3,ad936c04-5718-4c5d-a16d-f0d2da4e9fcf,Тузколь,water_body,File:Панорама озера Тузколь.jpg,2.33,"nearby, name",Ananyev Dmitriy,CC BY-SA 4.0,https://creativecommons.org/licenses/by-sa/4.0,8000,3459,https://commons.wikimedia.org/wiki/File:%D0%9F%D0%B0%D0%BD%D0%BE%D1%80%D0%B0%D0%BC%D0%B0_%D0%BE%D0%B7%D0%B5%D1%80%D0%B0_%D0%A2%D1%83%D0%B7%D0%BA%D0%BE%D0%BB%D1%8C.jpg,https://thumb.wikimedia.org/wikipedia/commons/thumb/9/91/%D0%9F%D0%B0%D0%BD%D0%BE%D1%80%D0%B0%D0%BC%D0%B0_%D0%BE%D0%B7%D0%B5%D1%80%D0%B0_%D0%A2%D1%83%D0%B7%D0%BA%D0%BE%D0%BB%D1%8C.jpg/330px-%D0%9F%D0%B0%D0%BD%D0%BE%D1%80%D0%B0%D0%BC%D0%B0_%D0%BE%D0%B7%D0%B5%D1%80%D0%B0_%D0%A2%D1%83%D0%B7%D0%BA%D0%BE%D0%BB%D1%8C.jpg?utm_source=commons.wikimedia.org&utm_campaign=imageinfo&utm_content=thumbnail
no,ad936c04-5718-4c5d-a16d-f0d2da4e9fcf,Тузколь,water_body,File:ISS032-E-17050 - View of Earth.jpg,0.89,nearby,"Earth Science and Remote Sensing Unit, Lyndon B. Johnson Space Center",Public domain,,4256,2832,https://commons.wikimedia.org/wiki/File:ISS032-E-17050_-_View_of_Earth.jpg,https://thumb.wikimedia.org/wikipedia/commons/thumb/9/9b/ISS032-E-17050_-_View_of_Earth.jpg/330px-ISS032-E-17050_-_View_of_Earth.jpg?utm_source=commons.wikimedia.org&utm_campaign=imageinfo&utm_content=thumbnail
no,ad936c04-5718-4c5d-a16d-f0d2da4e9fcf,Тузколь,water_body,File:ISS032-E-17051 - View of Earth.jpg,0.89,nearby,"Earth Science and Remote Sensing Unit, Lyndon B. Johnson Space Center",Public domain,,4256,2832,https://commons.wikimedia.org/wiki/File:ISS032-E-17051_-_View_of_Earth.jpg,https://thumb.wikimedia.org/wikipedia/commons/thumb/4/4a/ISS032-E-17051_-_View_of_Earth.jpg/330px-ISS032-E-17051_-_View_of_Earth.jpg?utm_source=commons.wikimedia.org&utm_campaign=imageinfo&utm_content=thumbnail
no,ad936c04-5718-4c5d-a16d-f0d2da4e9fcf,Тузколь,water_body,File:ISS032-E-17052 - View of Earth.jpg,0.89,nearby,"Earth Science and Remote Sensing Unit, Lyndon B. Johnson Space Center",Public domain,,4256,2832,https://commons.wikimedia.org/wiki/File:ISS032-E-17052_-_View_of_Earth.jpg,https://thumb.wikimedia.org/wikipedia/commons/thumb/1/13/ISS032-E-17052_-_View_of_Earth.jpg/330px-ISS032-E-17052_-_View_of_Earth.jpg?utm_source=commons.wikimedia.org&utm_campaign=imageinfo&utm_content=thumbnail
1,ad936c04-5718-4c5d-a16d-f0d2da4e9fcf,Тузколь,water_body,File:ПОВЕЛИТЕЛЬ НЕБА (ХАН ТЕНГРИ).jpg,0.70,nearby,RS128,CC BY-SA 4.0,https://creativecommons.org/licenses/by-sa/4.0,3000,2003,https://commons.wikimedia.org/wiki/File:%D0%9F%D0%9E%D0%92%D0%95%D0%9B%D0%98%D0%A2%D0%95%D0%9B%D0%AC_%D0%9D%D0%95%D0%91%D0%90_(%D0%A5%D0%90%D0%9D_%D0%A2%D0%95%D0%9D%D0%93%D0%A0%D0%98).jpg,https://thumb.wikimedia.org/wikipedia/commons/thumb/b/b6/%D0%9F%D0%9E%D0%92%D0%95%D0%9B%D0%98%D0%A2%D0%95%D0%9B%D0%AC_%D0%9D%D0%95%D0%91%D0%90_%28%D0%A5%D0%90%D0%9D_%D0%A2%D0%95%D0%9D%D0%93%D0%A0%D0%98%29.jpg/330px-%D0%9F%D0%9E%D0%92%D0%95%D0%9B%D0%98%D0%A2%D0%95%D0%9B%D0%AC_%D0%9D%D0%95%D0%91%D0%90_%28%D0%A5%D0%90%D0%9D_%D0%A2%D0%95%D0%9D%D0%93%D0%A0%D0%98%29.jpg?utm_source=commons.wikimedia.org&utm_campaign=imageinfo&utm_content=thumbnail
no,5a656bee-d6d7-4792-b916-42095cbd1e90,Усек,water_body,File:ISS027-E-33048 - View of Earth.jpg,0.52,nearby,"Earth Science and Remote Sensing Unit, Lyndon B. Johnson Space Center",Public domain,,4288,2929,https://commons.wikimedia.org/wiki/File:ISS027-E-33048_-_View_of_Earth.jpg,https://thumb.wikimedia.org/wikipedia/commons/thumb/1/18/ISS027-E-33048_-_View_of_Earth.jpg/330px-ISS027-E-33048_-_View_of_Earth.jpg?utm_source=commons.wikimedia.org&utm_campaign=imageinfo&utm_content=thumbnail
no,5a656bee-d6d7-4792-b916-42095cbd1e90,Усек,water_body,File:ISS065-E-359555 - View of Earth.jpg,0.52,nearby,"Earth Science and Remote Sensing Unit, Lyndon B. Johnson Space Center",Public domain,,5568,3712,https://commons.wikimedia.org/wiki/File:ISS065-E-359555_-_View_of_Earth.jpg,https://thumb.wikimedia.org/wikipedia/commons/thumb/9/9c/ISS065-E-359555_-_View_of_Earth.jpg/330px-ISS065-E-359555_-_View_of_Earth.jpg?utm_source=commons.wikimedia.org&utm_campaign=imageinfo&utm_content=thumbnail
no,578a87f4-64c8-4ab6-bb6a-3ca303f557ac,Центральное озера,water_body,File:ISS020-E-17855 - View of Asia.jpg,0.63,nearby,"Earth Science and Remote Sensing Unit, Lyndon B. Johnson Space Center",Public domain,,4256,2832,https://commons.wikimedia.org/wiki/File:ISS020-E-17855_-_View_of_Asia.jpg,https://thumb.wikimedia.org/wikipedia/commons/thumb/c/cc/ISS020-E-17855_-_View_of_Asia.jpg/330px-ISS020-E-17855_-_View_of_Asia.jpg?utm_source=commons.wikimedia.org&utm_campaign=imageinfo&utm_content=thumbnail
no,d36956c3-b6fa-45be-b0e7-b5583a0e5ce9,Чаша Армакай,water_body,File:Tolokonniella truncata 28542432.jpg,0.64,nearby,Анатолий Озерной /Anatoly Ozernoy,CC BY-SA 4.0,https://creativecommons.org/licenses/by-sa/4.0,1553,1220,https://commons.wikimedia.org/wiki/File:Tolokonniella_truncata_28542432.jpg,https://thumb.wikimedia.org/wikipedia/commons/thumb/c/cc/Tolokonniella_truncata_28542432.jpg/330px-Tolokonniella_truncata_28542432.jpg?utm_source=commons.wikimedia.org&utm_campaign=imageinfo&utm_content=thumbnail
no,d36956c3-b6fa-45be-b0e7-b5583a0e5ce9,Чаша Армакай,water_body,File:Coelotes striatilamnis 30058269.jpg,0.64,nearby,Анатолий Озерной /Anatoliy Ozernoy,CC BY-SA 4.0,https://creativecommons.org/licenses/by-sa/4.0,2048,1536,https://commons.wikimedia.org/wiki/File:Coelotes_striatilamnis_30058269.jpg,https://thumb.wikimedia.org/wikipedia/commons/thumb/7/7c/Coelotes_striatilamnis_30058269.jpg/330px-Coelotes_striatilamnis_30058269.jpg?utm_source=commons.wikimedia.org&utm_campaign=imageinfo&utm_content=thumbnail
no,d36956c3-b6fa-45be-b0e7-b5583a0e5ce9,Чаша Армакай,water_body,File:Coelotes striatilamnis 30058294.jpg,0.64,nearby,Анатолий Озерной /Anatoliy Ozernoy,CC BY-SA 4.0,https://creativecommons.org/licenses/by-sa/4.0,2048,1536,https://commons.wikimedia.org/wiki/File:Coelotes_striatilamnis_30058294.jpg,https://thumb.wikimedia.org/wikipedia/commons/thumb/b/b2/Coelotes_striatilamnis_30058294.jpg/330px-Coelotes_striatilamnis_30058294.jpg?utm_source=commons.wikimedia.org&utm_campaign=imageinfo&utm_content=thumbnail
no,d36956c3-b6fa-45be-b0e7-b5583a0e5ce9,Чаша Армакай,water_body,File:Coelotes striatilamnis 30058306.jpg,0.64,nearby,Анатолий Озерной /Anatoliy Ozernoy,CC BY-SA 4.0,https://creativecommons.org/licenses/by-sa/4.0,2048,1536,https://commons.wikimedia.org/wiki/File:Coelotes_striatilamnis_30058306.jpg,https://thumb.wikimedia.org/wikipedia/commons/thumb/c/c2/Coelotes_striatilamnis_30058306.jpg/330px-Coelotes_striatilamnis_30058306.jpg?utm_source=commons.wikimedia.org&utm_campaign=imageinfo&utm_content=thumbnail
no,d36956c3-b6fa-45be-b0e7-b5583a0e5ce9,Чаша Армакай,water_body,File:Coelotes striatilamnis 30058326.jpg,0.64,nearby,Анатолий Озерной /Anatoliy Ozernoy,CC BY-SA 4.0,https://creativecommons.org/licenses/by-sa/4.0,2048,1536,https://commons.wikimedia.org/wiki/File:Coelotes_striatilamnis_30058326.jpg,https://thumb.wikimedia.org/wikipedia/commons/thumb/f/f0/Coelotes_striatilamnis_30058326.jpg/330px-Coelotes_striatilamnis_30058326.jpg?utm_source=commons.wikimedia.org&utm_campaign=imageinfo&utm_content=thumbnail
no,d36956c3-b6fa-45be-b0e7-b5583a0e5ce9,Чаша Армакай,water_body,File:Coelotes transiliensis 30055871.jpg,0.63,nearby,Анатолий Озерной /Anatoliy Ozernoy,CC BY-SA 4.0,https://creativecommons.org/licenses/by-sa/4.0,2048,1536,https://commons.wikimedia.org/wiki/File:Coelotes_transiliensis_30055871.jpg,https://thumb.wikimedia.org/wikipedia/commons/thumb/0/0a/Coelotes_transiliensis_30055871.jpg/330px-Coelotes_transiliensis_30055871.jpg?utm_source=commons.wikimedia.org&utm_campaign=imageinfo&utm_content=thumbnail
no,d36956c3-b6fa-45be-b0e7-b5583a0e5ce9,Чаша Армакай,water_body,File:Coelotes transiliensis 30055914.jpg,0.63,nearby,Анатолий Озерной /Anatoliy Ozernoy,CC BY-SA 4.0,https://creativecommons.org/licenses/by-sa/4.0,2048,1536,https://commons.wikimedia.org/wiki/File:Coelotes_transiliensis_30055914.jpg,https://thumb.wikimedia.org/wikipedia/commons/thumb/d/d1/Coelotes_transiliensis_30055914.jpg/330px-Coelotes_transiliensis_30055914.jpg?utm_source=commons.wikimedia.org&utm_campaign=imageinfo&utm_content=thumbnail
no,d36956c3-b6fa-45be-b0e7-b5583a0e5ce9,Чаша Армакай,water_body,File:Coelotes transiliensis 30055918.jpg,0.63,nearby,Анатолий Озерной /Anatoliy Ozernoy,CC BY-SA 4.0,https://creativecommons.org/licenses/by-sa/4.0,2048,1536,https://commons.wikimedia.org/wiki/File:Coelotes_transiliensis_30055918.jpg,https://thumb.wikimedia.org/wikipedia/commons/thumb/9/9c/Coelotes_transiliensis_30055918.jpg/330px-Coelotes_transiliensis_30055918.jpg?utm_source=commons.wikimedia.org&utm_campaign=imageinfo&utm_content=thumbnail
no,d36956c3-b6fa-45be-b0e7-b5583a0e5ce9,Чаша Армакай,water_body,File:Coelotes curvilamnis alatauensis 30057896.jpg,0.63,nearby,Анатолий Озерной /Anatoliy Ozernoy,CC BY-SA 4.0,https://creativecommons.org/licenses/by-sa/4.0,2048,1536,https://commons.wikimedia.org/wiki/File:Coelotes_curvilamnis_alatauensis_30057896.jpg,https://thumb.wikimedia.org/wikipedia/commons/thumb/b/b4/Coelotes_curvilamnis_alatauensis_30057896.jpg/330px-Coelotes_curvilamnis_alatauensis_30057896.jpg?utm_source=commons.wikimedia.org&utm_campaign=imageinfo&utm_content=thumbnail
no,d36956c3-b6fa-45be-b0e7-b5583a0e5ce9,Чаша Армакай,water_body,File:Coelotes curvilamnis alatauensis 30057872.jpg,0.63,nearby,Анатолий Озерной /Anatoliy Ozernoy,CC BY-SA 4.0,https://creativecommons.org/licenses/by-sa/4.0,2048,1536,https://commons.wikimedia.org/wiki/File:Coelotes_curvilamnis_alatauensis_30057872.jpg,https://thumb.wikimedia.org/wikipedia/commons/thumb/d/d0/Coelotes_curvilamnis_alatauensis_30057872.jpg/330px-Coelotes_curvilamnis_alatauensis_30057872.jpg?utm_source=commons.wikimedia.org&utm_campaign=imageinfo&utm_content=thumbnail
no,d36956c3-b6fa-45be-b0e7-b5583a0e5ce9,Чаша Армакай,water_body,File:Coelotes curvilamnis alatauensis 30057895.jpg,0.63,nearby,Анатолий Озерной /Anatoliy Ozernoy,CC BY-SA 4.0,https://creativecommons.org/licenses/by-sa/4.0,2048,1536,https://commons.wikimedia.org/wiki/File:Coelotes_curvilamnis_alatauensis_30057895.jpg,https://thumb.wikimedia.org/wikipedia/commons/thumb/d/da/Coelotes_curvilamnis_alatauensis_30057895.jpg/330px-Coelotes_curvilamnis_alatauensis_30057895.jpg?utm_source=commons.wikimedia.org&utm_campaign=imageinfo&utm_content=thumbnail
no,d36956c3-b6fa-45be-b0e7-b5583a0e5ce9,Чаша Армакай,water_body,File:Coelotes curvilamnis alatauensis 30057899.jpg,0.63,nearby,Анатолий Озерной /Anatoliy Ozernoy,CC BY-SA 4.0,https://creativecommons.org/licenses/by-sa/4.0,2048,1536,https://commons.wikimedia.org/wiki/File:Coelotes_curvilamnis_alatauensis_30057899.jpg,https://thumb.wikimedia.org/wikipedia/commons/thumb/3/3b/Coelotes_curvilamnis_alatauensis_30057899.jpg/330px-Coelotes_curvilamnis_alatauensis_30057899.jpg?utm_source=commons.wikimedia.org&utm_campaign=imageinfo&utm_content=thumbnail
no,3ba4ff71-9434-4eb5-9d35-4a74641aa42e,Шотландия,water_body,File:ISS047-E-56814 - View of Earth.jpg,0.77,nearby,"Earth Science and Remote Sensing Unit, Lyndon B. Johnson Space Center",Public domain,,3280,4928,https://commons.wikimedia.org/wiki/File:ISS047-E-56814_-_View_of_Earth.jpg,https://thumb.wikimedia.org/wikipedia/commons/thumb/b/b4/ISS047-E-56814_-_View_of_Earth.jpg/330px-ISS047-E-56814_-_View_of_Earth.jpg?utm_source=commons.wikimedia.org&utm_campaign=imageinfo&utm_content=thumbnail
no,3ba4ff71-9434-4eb5-9d35-4a74641aa42e,Шотландия,water_body,File:ISS047-E-56813 - View of Earth.jpg,0.77,nearby,"Earth Science and Remote Sensing Unit, Lyndon B. Johnson Space Center",Public domain,,3280,4928,https://commons.wikimedia.org/wiki/File:ISS047-E-56813_-_View_of_Earth.jpg,https://thumb.wikimedia.org/wikipedia/commons/thumb/4/41/ISS047-E-56813_-_View_of_Earth.jpg/330px-ISS047-E-56813_-_View_of_Earth.jpg?utm_source=commons.wikimedia.org&utm_campaign=imageinfo&utm_content=thumbnail
no,3ba4ff71-9434-4eb5-9d35-4a74641aa42e,Шотландия,water_body,File:ISS047-E-56815 - View of Earth.jpg,0.77,nearby,"Earth Science and Remote Sensing Unit, Lyndon B. Johnson Space Center",Public domain,,3280,4928,https://commons.wikimedia.org/wiki/File:ISS047-E-56815_-_View_of_Earth.jpg,https://thumb.wikimedia.org/wikipedia/commons/thumb/e/eb/ISS047-E-56815_-_View_of_Earth.jpg/330px-ISS047-E-56815_-_View_of_Earth.jpg?utm_source=commons.wikimedia.org&utm_campaign=imageinfo&utm_content=thumbnail
no,3ba4ff71-9434-4eb5-9d35-4a74641aa42e,Шотландия,water_body,File:ISS059-E-107794 - View of Earth.jpg,0.77,nearby,"Earth Science and Remote Sensing Unit, NASA Johnson Space Center",Public domain,,5568,3712,https://commons.wikimedia.org/wiki/File:ISS059-E-107794_-_View_of_Earth.jpg,https://thumb.wikimedia.org/wikipedia/commons/thumb/a/a4/ISS059-E-107794_-_View_of_Earth.jpg/330px-ISS059-E-107794_-_View_of_Earth.jpg?utm_source=commons.wikimedia.org&utm_campaign=imageinfo&utm_content=thumbnail
no,f69e8203-62d8-4c83-88a8-a621bd33ed57,Шукырганколь,water_body,File:Река в горах Иле-Алатауского нац парка.jpg,0.58,nearby,Pifonov Victor,CC BY-SA 4.0,https://creativecommons.org/licenses/by-sa/4.0,1800,4000,https://commons.wikimedia.org/wiki/File:%D0%A0%D0%B5%D0%BA%D0%B0_%D0%B2_%D0%B3%D0%BE%D1%80%D0%B0%D1%85_%D0%98%D0%BB%D0%B5-%D0%90%D0%BB%D0%B0%D1%82%D0%B0%D1%83%D1%81%D0%BA%D0%BE%D0%B3%D0%BE_%D0%BD%D0%B0%D1%86_%D0%BF%D0%B0%D1%80%D0%BA%D0%B0.jpg,https://thumb.wikimedia.org/wikipedia/commons/thumb/3/3e/%D0%A0%D0%B5%D0%BA%D0%B0_%D0%B2_%D0%B3%D0%BE%D1%80%D0%B0%D1%85_%D0%98%D0%BB%D0%B5-%D0%90%D0%BB%D0%B0%D1%82%D0%B0%D1%83%D1%81%D0%BA%D0%BE%D0%B3%D0%BE_%D0%BD%D0%B0%D1%86_%D0%BF%D0%B0%D1%80%D0%BA%D0%B0.jpg/330px-%D0%A0%D0%B5%D0%BA%D0%B0_%D0%B2_%D0%B3%D0%BE%D1%80%D0%B0%D1%85_%D0%98%D0%BB%D0%B5-%D0%90%D0%BB%D0%B0%D1%82%D0%B0%D1%83%D1%81%D0%BA%D0%BE%D0%B3%D0%BE_%D0%BD%D0%B0%D1%86_%D0%BF%D0%B0%D1%80%D0%BA%D0%B0.jpg?utm_source=commons.wikimedia.org&utm_campaign=imageinfo&utm_content=thumbnail
no,f69e8203-62d8-4c83-88a8-a621bd33ed57,Шукырганколь,water_body,File:PaleoKazakhstan.info - panoramio (10).jpg,0.55,nearby,Alexandr Babkin,CC BY-SA 3.0,https://creativecommons.org/licenses/by-sa/3.0,1000,564,https://commons.wikimedia.org/wiki/File:PaleoKazakhstan.info_-_panoramio_(10).jpg,https://thumb.wikimedia.org/wikipedia/commons/thumb/1/14/PaleoKazakhstan.info_-_panoramio_%2810%29.jpg/330px-PaleoKazakhstan.info_-_panoramio_%2810%29.jpg?utm_source=commons.wikimedia.org&utm_campaign=imageinfo&utm_content=thumbnail
no,582d7f57-4894-4a9f-8cc7-755020ec9a1c,Beach camping,campsite,File:Eremias intermedia.jpg,0.62,nearby,Анатолий Озерной /Anatoliy Ozernoy,CC BY-SA 4.0,https://creativecommons.org/licenses/by-sa/4.0,2048,1366,https://commons.wikimedia.org/wiki/File:Eremias_intermedia.jpg,https://thumb.wikimedia.org/wikipedia/commons/thumb/b/bd/Eremias_intermedia.jpg/330px-Eremias_intermedia.jpg?utm_source=commons.wikimedia.org&utm_campaign=imageinfo&utm_content=thumbnail
no,4b2638fa-9b22-416a-a33e-38289c897fb5,Eco-Park Charyn Canyon Tourist Complex,campsite,File:Wishing Tree- Charyn Canyon - panoramio.jpg,2.47,"nearby, name",Raki_Man,CC BY 3.0,https://creativecommons.org/licenses/by/3.0,1600,1200,https://commons.wikimedia.org/wiki/File:Wishing_Tree-_Charyn_Canyon_-_panoramio.jpg,https://thumb.wikimedia.org/wikipedia/commons/thumb/8/81/Wishing_Tree-_Charyn_Canyon_-_panoramio.jpg/330px-Wishing_Tree-_Charyn_Canyon_-_panoramio.jpg?utm_source=commons.wikimedia.org&utm_campaign=imageinfo&utm_content=thumbnail
1,4b2638fa-9b22-416a-a33e-38289c897fb5,Eco-Park Charyn Canyon Tourist Complex,campsite,File:Charyn Canyon - panoramio.jpg,2.34,"nearby, name",Raki_Man,CC BY 3.0,https://creativecommons.org/licenses/by/3.0,1600,1200,https://commons.wikimedia.org/wiki/File:Charyn_Canyon_-_panoramio.jpg,https://thumb.wikimedia.org/wikipedia/commons/thumb/a/a5/Charyn_Canyon_-_panoramio.jpg/330px-Charyn_Canyon_-_panoramio.jpg?utm_source=commons.wikimedia.org&utm_campaign=imageinfo&utm_content=thumbnail
2,4b2638fa-9b22-416a-a33e-38289c897fb5,Eco-Park Charyn Canyon Tourist Complex,campsite,"File:Чарынский каньон, Долина Замков 2.jpg",0.95,nearby,Avustfel,CC BY-SA 4.0,https://creativecommons.org/licenses/by-sa/4.0,4608,3072,"https://commons.wikimedia.org/wiki/File:%D0%A7%D0%B0%D1%80%D1%8B%D0%BD%D1%81%D0%BA%D0%B8%D0%B9_%D0%BA%D0%B0%D0%BD%D1%8C%D0%BE%D0%BD,_%D0%94%D0%BE%D0%BB%D0%B8%D0%BD%D0%B0_%D0%97%D0%B0%D0%BC%D0%BA%D0%BE%D0%B2_2.jpg",https://thumb.wikimedia.org/wikipedia/commons/thumb/7/73/%D0%A7%D0%B0%D1%80%D1%8B%D0%BD%D1%81%D0%BA%D0%B8%D0%B9_%D0%BA%D0%B0%D0%BD%D1%8C%D0%BE%D0%BD%2C_%D0%94%D0%BE%D0%BB%D0%B8%D0%BD%D0%B0_%D0%97%D0%B0%D0%BC%D0%BA%D0%BE%D0%B2_2.jpg/330px-%D0%A7%D0%B0%D1%80%D1%8B%D0%BD%D1%81%D0%BA%D0%B8%D0%B9_%D0%BA%D0%B0%D0%BD%D1%8C%D0%BE%D0%BD%2C_%D0%94%D0%BE%D0%BB%D0%B8%D0%BD%D0%B0_%D0%97%D0%B0%D0%BC%D0%BA%D0%BE%D0%B2_2.jpg?utm_source=commons.wikimedia.org&utm_campaign=imageinfo&utm_content=thumbnail
no,4b2638fa-9b22-416a-a33e-38289c897fb5,Eco-Park Charyn Canyon Tourist Complex,campsite,File:Чарынский каньон вид с дрона 2024-07.jpg,0.89,nearby,Yedil n,CC BY-SA 4.0,https://creativecommons.org/licenses/by-sa/4.0,4000,2250,https://commons.wikimedia.org/wiki/File:%D0%A7%D0%B0%D1%80%D1%8B%D0%BD%D1%81%D0%BA%D0%B8%D0%B9_%D0%BA%D0%B0%D0%BD%D1%8C%D0%BE%D0%BD_%D0%B2%D0%B8%D0%B4_%D1%81_%D0%B4%D1%80%D0%BE%D0%BD%D0%B0_2024-07.jpg,https://thumb.wikimedia.org/wikipedia/commons/thumb/3/35/%D0%A7%D0%B0%D1%80%D1%8B%D0%BD%D1%81%D0%BA%D0%B8%D0%B9_%D0%BA%D0%B0%D0%BD%D1%8C%D0%BE%D0%BD_%D0%B2%D0%B8%D0%B4_%D1%81_%D0%B4%D1%80%D0%BE%D0%BD%D0%B0_2024-07.jpg/330px-%D0%A7%D0%B0%D1%80%D1%8B%D0%BD%D1%81%D0%BA%D0%B8%D0%B9_%D0%BA%D0%B0%D0%BD%D1%8C%D0%BE%D0%BD_%D0%B2%D0%B8%D0%B4_%D1%81_%D0%B4%D1%80%D0%BE%D0%BD%D0%B0_2024-07.jpg?utm_source=commons.wikimedia.org&utm_campaign=imageinfo&utm_content=thumbnail
no,4b2638fa-9b22-416a-a33e-38289c897fb5,Eco-Park Charyn Canyon Tourist Complex,campsite,"File:Чарынский каньон, Долина Замков 1.jpg",0.88,nearby,Avustfel,CC BY-SA 4.0,https://creativecommons.org/licenses/by-sa/4.0,4608,3072,"https://commons.wikimedia.org/wiki/File:%D0%A7%D0%B0%D1%80%D1%8B%D0%BD%D1%81%D0%BA%D0%B8%D0%B9_%D0%BA%D0%B0%D0%BD%D1%8C%D0%BE%D0%BD,_%D0%94%D0%BE%D0%BB%D0%B8%D0%BD%D0%B0_%D0%97%D0%B0%D0%BC%D0%BA%D0%BE%D0%B2_1.jpg",https://thumb.wikimedia.org/wikipedia/commons/thumb/0/01/%D0%A7%D0%B0%D1%80%D1%8B%D0%BD%D1%81%D0%BA%D0%B8%D0%B9_%D0%BA%D0%B0%D0%BD%D1%8C%D0%BE%D0%BD%2C_%D0%94%D0%BE%D0%BB%D0%B8%D0%BD%D0%B0_%D0%97%D0%B0%D0%BC%D0%BA%D0%BE%D0%B2_1.jpg/330px-%D0%A7%D0%B0%D1%80%D1%8B%D0%BD%D1%81%D0%BA%D0%B8%D0%B9_%D0%BA%D0%B0%D0%BD%D1%8C%D0%BE%D0%BD%2C_%D0%94%D0%BE%D0%BB%D0%B8%D0%BD%D0%B0_%D0%97%D0%B0%D0%BC%D0%BA%D0%BE%D0%B2_1.jpg?utm_source=commons.wikimedia.org&utm_campaign=imageinfo&utm_content=thumbnail
3,4b2638fa-9b22-416a-a33e-38289c897fb5,Eco-Park Charyn Canyon Tourist Complex,campsite,"File:Чарынский каньон, Долина Замков.jpg",0.87,nearby,Avustfel,CC BY-SA 4.0,https://creativecommons.org/licenses/by-sa/4.0,4608,3072,"https://commons.wikimedia.org/wiki/File:%D0%A7%D0%B0%D1%80%D1%8B%D0%BD%D1%81%D0%BA%D0%B8%D0%B9_%D0%BA%D0%B0%D0%BD%D1%8C%D0%BE%D0%BD,_%D0%94%D0%BE%D0%BB%D0%B8%D0%BD%D0%B0_%D0%97%D0%B0%D0%BC%D0%BA%D0%BE%D0%B2.jpg",https://thumb.wikimedia.org/wikipedia/commons/thumb/b/bf/%D0%A7%D0%B0%D1%80%D1%8B%D0%BD%D1%81%D0%BA%D0%B8%D0%B9_%D0%BA%D0%B0%D0%BD%D1%8C%D0%BE%D0%BD%2C_%D0%94%D0%BE%D0%BB%D0%B8%D0%BD%D0%B0_%D0%97%D0%B0%D0%BC%D0%BA%D0%BE%D0%B2.jpg/330px-%D0%A7%D0%B0%D1%80%D1%8B%D0%BD%D1%81%D0%BA%D0%B8%D0%B9_%D0%BA%D0%B0%D0%BD%D1%8C%D0%BE%D0%BD%2C_%D0%94%D0%BE%D0%BB%D0%B8%D0%BD%D0%B0_%D0%97%D0%B0%D0%BC%D0%BA%D0%BE%D0%B2.jpg?utm_source=commons.wikimedia.org&utm_campaign=imageinfo&utm_content=thumbnail
no,4b2638fa-9b22-416a-a33e-38289c897fb5,Eco-Park Charyn Canyon Tourist Complex,campsite,"File:Raiymbek District, Kazakhstan - panoramio (10).jpg",0.85,nearby,Anton Yefimov,CC BY 3.0,https://creativecommons.org/licenses/by/3.0,2048,1536,"https://commons.wikimedia.org/wiki/File:Raiymbek_District,_Kazakhstan_-_panoramio_(10).jpg",https://thumb.wikimedia.org/wikipedia/commons/thumb/e/e0/Raiymbek_District%2C_Kazakhstan_-_panoramio_%2810%29.jpg/330px-Raiymbek_District%2C_Kazakhstan_-_panoramio_%2810%29.jpg?utm_source=commons.wikimedia.org&utm_campaign=imageinfo&utm_content=thumbnail
no,4b2638fa-9b22-416a-a33e-38289c897fb5,Eco-Park Charyn Canyon Tourist Complex,campsite,"File:Raiymbek District, Kazakhstan - panoramio (9).jpg",0.84,nearby,Anton Yefimov,CC BY 3.0,https://creativecommons.org/licenses/by/3.0,2048,1536,"https://commons.wikimedia.org/wiki/File:Raiymbek_District,_Kazakhstan_-_panoramio_(9).jpg",https://thumb.wikimedia.org/wikipedia/commons/thumb/c/ca/Raiymbek_District%2C_Kazakhstan_-_panoramio_%289%29.jpg/330px-Raiymbek_District%2C_Kazakhstan_-_panoramio_%289%29.jpg?utm_source=commons.wikimedia.org&utm_campaign=imageinfo&utm_content=thumbnail
4,4b2638fa-9b22-416a-a33e-38289c897fb5,Eco-Park Charyn Canyon Tourist Complex,campsite,"File:Raiymbek District, Kazakhstan - panoramio (7).jpg",0.76,nearby,Anton Yefimov,CC BY 3.0,https://creativecommons.org/licenses/by/3.0,1536,2048,"https://commons.wikimedia.org/wiki/File:Raiymbek_District,_Kazakhstan_-_panoramio_(7).jpg",https://thumb.wikimedia.org/wikipedia/commons/thumb/6/60/Raiymbek_District%2C_Kazakhstan_-_panoramio_%287%29.jpg/330px-Raiymbek_District%2C_Kazakhstan_-_panoramio_%287%29.jpg?utm_source=commons.wikimedia.org&utm_campaign=imageinfo&utm_content=thumbnail
no,4b2638fa-9b22-416a-a33e-38289c897fb5,Eco-Park Charyn Canyon Tourist Complex,campsite,"File:Raiymbek District, Kazakhstan - panoramio (11).jpg",0.76,nearby,Anton Yefimov,CC BY 3.0,https://creativecommons.org/licenses/by/3.0,2048,1536,"https://commons.wikimedia.org/wiki/File:Raiymbek_District,_Kazakhstan_-_panoramio_(11).jpg",https://thumb.wikimedia.org/wikipedia/commons/thumb/f/fa/Raiymbek_District%2C_Kazakhstan_-_panoramio_%2811%29.jpg/330px-Raiymbek_District%2C_Kazakhstan_-_panoramio_%2811%29.jpg?utm_source=commons.wikimedia.org&utm_campaign=imageinfo&utm_content=thumbnail
5,4b2638fa-9b22-416a-a33e-38289c897fb5,Eco-Park Charyn Canyon Tourist Complex,campsite,"File:Raiymbek District, Kazakhstan - panoramio (6).jpg",0.76,nearby,Anton Yefimov,CC BY 3.0,https://creativecommons.org/licenses/by/3.0,2048,1536,"https://commons.wikimedia.org/wiki/File:Raiymbek_District,_Kazakhstan_-_panoramio_(6).jpg",https://thumb.wikimedia.org/wikipedia/commons/thumb/f/ff/Raiymbek_District%2C_Kazakhstan_-_panoramio_%286%29.jpg/330px-Raiymbek_District%2C_Kazakhstan_-_panoramio_%286%29.jpg?utm_source=commons.wikimedia.org&utm_campaign=imageinfo&utm_content=thumbnail
no,4b2638fa-9b22-416a-a33e-38289c897fb5,Eco-Park Charyn Canyon Tourist Complex,campsite,"File:Чарынский каньон снизу, самолёт 03.jpg",0.72,nearby,Tatiana.Klsn,CC BY-SA 4.0,https://creativecommons.org/licenses/by-sa/4.0,3024,4032,"https://commons.wikimedia.org/wiki/File:%D0%A7%D0%B0%D1%80%D1%8B%D0%BD%D1%81%D0%BA%D0%B8%D0%B9_%D0%BA%D0%B0%D0%BD%D1%8C%D0%BE%D0%BD_%D1%81%D0%BD%D0%B8%D0%B7%D1%83,_%D1%81%D0%B0%D0%BC%D0%BE%D0%BB%D1%91%D1%82_03.jpg",https://thumb.wikimedia.org/wikipedia/commons/thumb/a/af/%D0%A7%D0%B0%D1%80%D1%8B%D0%BD%D1%81%D0%BA%D0%B8%D0%B9_%D0%BA%D0%B0%D0%BD%D1%8C%D0%BE%D0%BD_%D1%81%D0%BD%D0%B8%D0%B7%D1%83%2C_%D1%81%D0%B0%D0%BC%D0%BE%D0%BB%D1%91%D1%82_03.jpg/330px-%D0%A7%D0%B0%D1%80%D1%8B%D0%BD%D1%81%D0%BA%D0%B8%D0%B9_%D0%BA%D0%B0%D0%BD%D1%8C%D0%BE%D0%BD_%D1%81%D0%BD%D0%B8%D0%B7%D1%83%2C_%D1%81%D0%B0%D0%BC%D0%BE%D0%BB%D1%91%D1%82_03.jpg?utm_source=commons.wikimedia.org&utm_campaign=imageinfo&utm_content=thumbnail
no,4e1b6728-cb69-4a25-888f-734d82dfc28c,Кемпинг-зона «Казачка»,campsite,"File:Ёлочка из облаков (по тропе на Кок-Жайляу, ущелье реки Казачка).jpg",2.47,"nearby, name",Жасминовый Дракон,CC BY-SA 4.0,https://creativecommons.org/licenses/by-sa/4.0,3000,4000,"https://commons.wikimedia.org/wiki/File:%D0%81%D0%BB%D0%BE%D1%87%D0%BA%D0%B0_%D0%B8%D0%B7_%D0%BE%D0%B1%D0%BB%D0%B0%D0%BA%D0%BE%D0%B2_(%D0%BF%D0%BE_%D1%82%D1%80%D0%BE%D0%BF%D0%B5_%D0%BD%D0%B0_%D0%9A%D0%BE%D0%BA-%D0%96%D0%B0%D0%B9%D0%BB%D1%8F%D1%83,_%D1%83%D1%89%D0%B5%D0%BB%D1%8C%D0%B5_%D1%80%D0%B5%D0%BA%D0%B8_%D0%9A%D0%B0%D0%B7%D0%B0%D1%87%D0%BA%D0%B0).jpg",https://thumb.wikimedia.org/wikipedia/commons/thumb/f/f4/%D0%81%D0%BB%D0%BE%D1%87%D0%BA%D0%B0_%D0%B8%D0%B7_%D0%BE%D0%B1%D0%BB%D0%B0%D0%BA%D0%BE%D0%B2_%28%D0%BF%D0%BE_%D1%82%D1%80%D0%BE%D0%BF%D0%B5_%D0%BD%D0%B0_%D0%9A%D0%BE%D0%BA-%D0%96%D0%B0%D0%B9%D0%BB%D1%8F%D1%83%2C_%D1%83%D1%89%D0%B5%D0%BB%D1%8C%D0%B5_%D1%80%D0%B5%D0%BA%D0%B8_%D0%9A%D0%B0%D0%B7%D0%B0%D1%87%D0%BA%D0%B0%29.jpg/330px-%D0%81%D0%BB%D0%BE%D1%87%D0%BA%D0%B0_%D0%B8%D0%B7_%D0%BE%D0%B1%D0%BB%D0%B0%D0%BA%D0%BE%D0%B2_%28%D0%BF%D0%BE_%D1%82%D1%80%D0%BE%D0%BF%D0%B5_%D0%BD%D0%B0_%D0%9A%D0%BE%D0%BA-%D0%96%D0%B0%D0%B9%D0%BB%D1%8F%D1%83%2C_%D1%83%D1%89%D0%B5%D0%BB%D1%8C%D0%B5_%D1%80%D0%B5%D0%BA%D0%B8_%D0%9A%D0%B0%D0%B7%D0%B0%D1%87%D0%BA%D0%B0%29.jpg?utm_source=commons.wikimedia.org&utm_campaign=imageinfo&utm_content=thumbnail
no,4e1b6728-cb69-4a25-888f-734d82dfc28c,Кемпинг-зона «Казачка»,campsite,"File:Облачное извержение (по тропе на Кок-Жайляу, ущелье реки Казачка).jpg",2.46,"nearby, name",Жасминовый Дракон,CC BY-SA 4.0,https://creativecommons.org/licenses/by-sa/4.0,3000,4000,"https://commons.wikimedia.org/wiki/File:%D0%9E%D0%B1%D0%BB%D0%B0%D1%87%D0%BD%D0%BE%D0%B5_%D0%B8%D0%B7%D0%B2%D0%B5%D1%80%D0%B6%D0%B5%D0%BD%D0%B8%D0%B5_(%D0%BF%D0%BE_%D1%82%D1%80%D0%BE%D0%BF%D0%B5_%D0%BD%D0%B0_%D0%9A%D0%BE%D0%BA-%D0%96%D0%B0%D0%B9%D0%BB%D1%8F%D1%83,_%D1%83%D1%89%D0%B5%D0%BB%D1%8C%D0%B5_%D1%80%D0%B5%D0%BA%D0%B8_%D0%9A%D0%B0%D0%B7%D0%B0%D1%87%D0%BA%D0%B0).jpg",https://thumb.wikimedia.org/wikipedia/commons/thumb/4/40/%D0%9E%D0%B1%D0%BB%D0%B0%D1%87%D0%BD%D0%BE%D0%B5_%D0%B8%D0%B7%D0%B2%D0%B5%D1%80%D0%B6%D0%B5%D0%BD%D0%B8%D0%B5_%28%D0%BF%D0%BE_%D1%82%D1%80%D0%BE%D0%BF%D0%B5_%D0%BD%D0%B0_%D0%9A%D0%BE%D0%BA-%D0%96%D0%B0%D0%B9%D0%BB%D1%8F%D1%83%2C_%D1%83%D1%89%D0%B5%D0%BB%D1%8C%D0%B5_%D1%80%D0%B5%D0%BA%D0%B8_%D0%9A%D0%B0%D0%B7%D0%B0%D1%87%D0%BA%D0%B0%29.jpg/330px-%D0%9E%D0%B1%D0%BB%D0%B0%D1%87%D0%BD%D0%BE%D0%B5_%D0%B8%D0%B7%D0%B2%D0%B5%D1%80%D0%B6%D0%B5%D0%BD%D0%B8%D0%B5_%28%D0%BF%D0%BE_%D1%82%D1%80%D0%BE%D0%BF%D0%B5_%D0%BD%D0%B0_%D0%9A%D0%BE%D0%BA-%D0%96%D0%B0%D0%B9%D0%BB%D1%8F%D1%83%2C_%D1%83%D1%89%D0%B5%D0%BB%D1%8C%D0%B5_%D1%80%D0%B5%D0%BA%D0%B8_%D0%9A%D0%B0%D0%B7%D0%B0%D1%87%D0%BA%D0%B0%29.jpg?utm_source=commons.wikimedia.org&utm_campaign=imageinfo&utm_content=thumbnail
no,4e1b6728-cb69-4a25-888f-734d82dfc28c,Кемпинг-зона «Казачка»,campsite,File:Облачная рябь над пиком Юный Геолог.jpg,0.96,nearby,Жасминовый Дракон,CC BY-SA 4.0,https://creativecommons.org/licenses/by-sa/4.0,3000,4000,https://commons.wikimedia.org/wiki/File:%D0%9E%D0%B1%D0%BB%D0%B0%D1%87%D0%BD%D0%B0%D1%8F_%D1%80%D1%8F%D0%B1%D1%8C_%D0%BD%D0%B0%D0%B4_%D0%BF%D0%B8%D0%BA%D0%BE%D0%BC_%D0%AE%D0%BD%D1%8B%D0%B9_%D0%93%D0%B5%D0%BE%D0%BB%D0%BE%D0%B3.jpg,https://thumb.wikimedia.org/wikipedia/commons/thumb/3/35/%D0%9E%D0%B1%D0%BB%D0%B0%D1%87%D0%BD%D0%B0%D1%8F_%D1%80%D1%8F%D0%B1%D1%8C_%D0%BD%D0%B0%D0%B4_%D0%BF%D0%B8%D0%BA%D0%BE%D0%BC_%D0%AE%D0%BD%D1%8B%D0%B9_%D0%93%D0%B5%D0%BE%D0%BB%D0%BE%D0%B3.jpg/330px-%D0%9E%D0%B1%D0%BB%D0%B0%D1%87%D0%BD%D0%B0%D1%8F_%D1%80%D1%8F%D0%B1%D1%8C_%D0%BD%D0%B0%D0%B4_%D0%BF%D0%B8%D0%BA%D0%BE%D0%BC_%D0%AE%D0%BD%D1%8B%D0%B9_%D0%93%D0%B5%D0%BE%D0%BB%D0%BE%D0%B3.jpg?utm_source=commons.wikimedia.org&utm_campaign=imageinfo&utm_content=thumbnail
no,4e1b6728-cb69-4a25-888f-734d82dfc28c,Кемпинг-зона «Казачка»,campsite,File:ЛЕГКОЕ ВОЛНЕНИЕ.jpg,0.91,nearby,RS128,CC BY-SA 4.0,https://creativecommons.org/licenses/by-sa/4.0,3000,2002,https://commons.wikimedia.org/wiki/File:%D0%9B%D0%95%D0%93%D0%9A%D0%9E%D0%95_%D0%92%D0%9E%D0%9B%D0%9D%D0%95%D0%9D%D0%98%D0%95.jpg,https://thumb.wikimedia.org/wikipedia/commons/thumb/2/22/%D0%9B%D0%95%D0%93%D0%9A%D0%9E%D0%95_%D0%92%D0%9E%D0%9B%D0%9D%D0%95%D0%9D%D0%98%D0%95.jpg/330px-%D0%9B%D0%95%D0%93%D0%9A%D0%9E%D0%95_%D0%92%D0%9E%D0%9B%D0%9D%D0%95%D0%9D%D0%98%D0%95.jpg?utm_source=commons.wikimedia.org&utm_campaign=imageinfo&utm_content=thumbnail
2,26dba373-0fde-4275-bba8-e52fd425c698,Кок-Жайляу,campsite,File:Panorama from the path to Kok-Jailau - panoramio.jpg,4.00,osm category,dmccarhty,CC BY-SA 3.0,https://creativecommons.org/licenses/by-sa/3.0,7348,2576,https://commons.wikimedia.org/wiki/File:Panorama_from_the_path_to_Kok-Jailau_-_panoramio.jpg,https://thumb.wikimedia.org/wikipedia/commons/thumb/d/d5/Panorama_from_the_path_to_Kok-Jailau_-_panoramio.jpg/330px-Panorama_from_the_path_to_Kok-Jailau_-_panoramio.jpg?utm_source=commons.wikimedia.org&utm_campaign=imageinfo&utm_content=thumbnail
no,26dba373-0fde-4275-bba8-e52fd425c698,Кок-Жайляу,campsite,File:View from the path to Kok-Jailau - panoramio.jpg,4.00,osm category,dmccarhty,CC BY-SA 3.0,https://creativecommons.org/licenses/by-sa/3.0,3456,2592,https://commons.wikimedia.org/wiki/File:View_from_the_path_to_Kok-Jailau_-_panoramio.jpg,https://thumb.wikimedia.org/wikipedia/commons/thumb/e/e5/View_from_the_path_to_Kok-Jailau_-_panoramio.jpg/330px-View_from_the_path_to_Kok-Jailau_-_panoramio.jpg?utm_source=commons.wikimedia.org&utm_campaign=imageinfo&utm_content=thumbnail
5,26dba373-0fde-4275-bba8-e52fd425c698,Кок-Жайляу,campsite,File:KokZhailao 2.jpg,4.00,osm category,Sane4o,CC BY-SA 4.0,https://creativecommons.org/licenses/by-sa/4.0,5184,3888,https://commons.wikimedia.org/wiki/File:KokZhailao_2.jpg,https://thumb.wikimedia.org/wikipedia/commons/thumb/7/71/KokZhailao_2.jpg/330px-KokZhailao_2.jpg?utm_source=commons.wikimedia.org&utm_campaign=imageinfo&utm_content=thumbnail
no,26dba373-0fde-4275-bba8-e52fd425c698,Кок-Жайляу,campsite,File:KokZhailao 5.jpg,4.00,osm category,Sane4o,CC BY-SA 4.0,https://creativecommons.org/licenses/by-sa/4.0,5184,3888,https://commons.wikimedia.org/wiki/File:KokZhailao_5.jpg,https://thumb.wikimedia.org/wikipedia/commons/thumb/4/4b/KokZhailao_5.jpg/330px-KokZhailao_5.jpg?utm_source=commons.wikimedia.org&utm_campaign=imageinfo&utm_content=thumbnail
no,26dba373-0fde-4275-bba8-e52fd425c698,Кок-Жайляу,campsite,File:KokZhailao 6.jpg,4.00,osm category,Sane4o,CC BY-SA 4.0,https://creativecommons.org/licenses/by-sa/4.0,3888,5184,https://commons.wikimedia.org/wiki/File:KokZhailao_6.jpg,https://thumb.wikimedia.org/wikipedia/commons/thumb/6/66/KokZhailao_6.jpg/330px-KokZhailao_6.jpg?utm_source=commons.wikimedia.org&utm_campaign=imageinfo&utm_content=thumbnail
no,26dba373-0fde-4275-bba8-e52fd425c698,Кок-Жайляу,campsite,File:KokZhailao 1.jpg,4.00,osm category,Sane4o,CC BY-SA 4.0,https://creativecommons.org/licenses/by-sa/4.0,5184,3888,https://commons.wikimedia.org/wiki/File:KokZhailao_1.jpg,https://thumb.wikimedia.org/wikipedia/commons/thumb/5/56/KokZhailao_1.jpg/330px-KokZhailao_1.jpg?utm_source=commons.wikimedia.org&utm_campaign=imageinfo&utm_content=thumbnail
1,26dba373-0fde-4275-bba8-e52fd425c698,Кок-Жайляу,campsite,File:The nature of Kazakhtan. Kok Zhailau.jpg,4.00,osm category,Matkarimoffart,CC BY-SA 4.0,https://creativecommons.org/licenses/by-sa/4.0,1280,960,https://commons.wikimedia.org/wiki/File:The_nature_of_Kazakhtan._Kok_Zhailau.jpg,https://thumb.wikimedia.org/wikipedia/commons/thumb/b/ba/The_nature_of_Kazakhtan._Kok_Zhailau.jpg/330px-The_nature_of_Kazakhtan._Kok_Zhailau.jpg?utm_source=commons.wikimedia.org&utm_campaign=imageinfo&utm_content=thumbnail
3,26dba373-0fde-4275-bba8-e52fd425c698,Кок-Жайляу,campsite,File:The nature of Kazakhtan.Kok Zhailau.jpg,4.00,osm category,Matkarimoffart,CC BY-SA 4.0,https://creativecommons.org/licenses/by-sa/4.0,1280,960,https://commons.wikimedia.org/wiki/File:The_nature_of_Kazakhtan.Kok_Zhailau.jpg,https://thumb.wikimedia.org/wikipedia/commons/thumb/3/31/The_nature_of_Kazakhtan.Kok_Zhailau.jpg/330px-The_nature_of_Kazakhtan.Kok_Zhailau.jpg?utm_source=commons.wikimedia.org&utm_campaign=imageinfo&utm_content=thumbnail
4,26dba373-0fde-4275-bba8-e52fd425c698,Кок-Жайляу,campsite,File:The nature of Kazakhtan. Kok-Zhailau.jpg,4.00,osm category,Matkarimoffart,CC BY-SA 4.0,https://creativecommons.org/licenses/by-sa/4.0,1280,811,https://commons.wikimedia.org/wiki/File:The_nature_of_Kazakhtan._Kok-Zhailau.jpg,https://thumb.wikimedia.org/wikipedia/commons/thumb/0/04/The_nature_of_Kazakhtan._Kok-Zhailau.jpg/330px-The_nature_of_Kazakhtan._Kok-Zhailau.jpg?utm_source=commons.wikimedia.org&utm_campaign=imageinfo&utm_content=thumbnail
no,26dba373-0fde-4275-bba8-e52fd425c698,Кок-Жайляу,campsite,File:Kok Jailau midway viewpoint.jpg,4.00,osm category,Никита Михайловский,CC BY-SA 4.0,https://creativecommons.org/licenses/by-sa/4.0,6240,4160,https://commons.wikimedia.org/wiki/File:Kok_Jailau_midway_viewpoint.jpg,https://thumb.wikimedia.org/wikipedia/commons/thumb/e/e3/Kok_Jailau_midway_viewpoint.jpg/330px-Kok_Jailau_midway_viewpoint.jpg?utm_source=commons.wikimedia.org&utm_campaign=imageinfo&utm_content=thumbnail
no,26dba373-0fde-4275-bba8-e52fd425c698,Кок-Жайляу,campsite,File:Kok zhailau.jpg,4.00,osm category,Ddchokamanov,CC BY-SA 4.0,https://creativecommons.org/licenses/by-sa/4.0,3024,4032,https://commons.wikimedia.org/wiki/File:Kok_zhailau.jpg,https://thumb.wikimedia.org/wikipedia/commons/thumb/f/fa/Kok_zhailau.jpg/330px-Kok_zhailau.jpg?utm_source=commons.wikimedia.org&utm_campaign=imageinfo&utm_content=thumbnail
no,26dba373-0fde-4275-bba8-e52fd425c698,Кок-Жайляу,campsite,File:KokZhailao 3.jpg,2.48,"nearby, name",Sane4o,CC BY-SA 4.0,https://creativecommons.org/licenses/by-sa/4.0,5184,3888,https://commons.wikimedia.org/wiki/File:KokZhailao_3.jpg,https://thumb.wikimedia.org/wikipedia/commons/thumb/b/b9/KokZhailao_3.jpg/330px-KokZhailao_3.jpg?utm_source=commons.wikimedia.org&utm_campaign=imageinfo&utm_content=thumbnail
no,0f9dbe95-d2ee-4c3e-8a99-f145e8f5d09c,Красная поляна,campsite,File:Левый Талгар. PaleoKazakhstan.info - panoramio.jpg,0.57,nearby,Alexandr Babkin,CC BY-SA 3.0,https://creativecommons.org/licenses/by-sa/3.0,1200,1056,https://commons.wikimedia.org/wiki/File:%D0%9B%D0%B5%D0%B2%D1%8B%D0%B9_%D0%A2%D0%B0%D0%BB%D0%B3%D0%B0%D1%80._PaleoKazakhstan.info_-_panoramio.jpg,https://thumb.wikimedia.org/wikipedia/commons/thumb/b/b1/%D0%9B%D0%B5%D0%B2%D1%8B%D0%B9_%D0%A2%D0%B0%D0%BB%D0%B3%D0%B0%D1%80._PaleoKazakhstan.info_-_panoramio.jpg/330px-%D0%9B%D0%B5%D0%B2%D1%8B%D0%B9_%D0%A2%D0%B0%D0%BB%D0%B3%D0%B0%D1%80._PaleoKazakhstan.info_-_panoramio.jpg?utm_source=commons.wikimedia.org&utm_campaign=imageinfo&utm_content=thumbnail
no,a0d9de68-2edf-4120-ae72-8a7f10971b0b,Лунная поляна,campsite,"File:Казахстан, Алматы, Иле-Алатауский нацпарк, серый сурок на Лунной поляне (3).jpg",0.81,nearby,ElenaLitera,CC BY-SA 4.0,https://creativecommons.org/licenses/by-sa/4.0,4085,3157,"https://commons.wikimedia.org/wiki/File:%D0%9A%D0%B0%D0%B7%D0%B0%D1%85%D1%81%D1%82%D0%B0%D0%BD,_%D0%90%D0%BB%D0%BC%D0%B0%D1%82%D1%8B,_%D0%98%D0%BB%D0%B5-%D0%90%D0%BB%D0%B0%D1%82%D0%B0%D1%83%D1%81%D0%BA%D0%B8%D0%B9_%D0%BD%D0%B0%D1%86%D0%BF%D0%B0%D1%80%D0%BA,_%D1%81%D0%B5%D1%80%D1%8B%D0%B9_%D1%81%D1%83%D1%80%D0%BE%D0%BA_%D0%BD%D0%B0_%D0%9B%D1%83%D0%BD%D0%BD%D0%BE%D0%B9_%D0%BF%D0%BE%D0%BB%D1%8F%D0%BD%D0%B5_(3).jpg",https://thumb.wikimedia.org/wikipedia/commons/thumb/c/c8/%D0%9A%D0%B0%D0%B7%D0%B0%D1%85%D1%81%D1%82%D0%B0%D0%BD%2C_%D0%90%D0%BB%D0%BC%D0%B0%D1%82%D1%8B%2C_%D0%98%D0%BB%D0%B5-%D0%90%D0%BB%D0%B0%D1%82%D0%B0%D1%83%D1%81%D0%BA%D0%B8%D0%B9_%D0%BD%D0%B0%D1%86%D0%BF%D0%B0%D1%80%D0%BA%2C_%D1%81%D0%B5%D1%80%D1%8B%D0%B9_%D1%81%D1%83%D1%80%D0%BE%D0%BA_%D0%BD%D0%B0_%D0%9B%D1%83%D0%BD%D0%BD%D0%BE%D0%B9_%D0%BF%D0%BE%D0%BB%D1%8F%D0%BD%D0%B5_%283%29.jpg/330px-%D0%9A%D0%B0%D0%B7%D0%B0%D1%85%D1%81%D1%82%D0%B0%D0%BD%2C_%D0%90%D0%BB%D0%BC%D0%B0%D1%82%D1%8B%2C_%D0%98%D0%BB%D0%B5-%D0%90%D0%BB%D0%B0%D1%82%D0%B0%D1%83%D1%81%D0%BA%D0%B8%D0%B9_%D0%BD%D0%B0%D1%86%D0%BF%D0%B0%D1%80%D0%BA%2C_%D1%81%D0%B5%D1%80%D1%8B%D0%B9_%D1%81%D1%83%D1%80%D0%BE%D0%BA_%D0%BD%D0%B0_%D0%9B%D1%83%D0%BD%D0%BD%D0%BE%D0%B9_%D0%BF%D0%BE%D0%BB%D1%8F%D0%BD%D0%B5_%283%29.jpg?utm_source=commons.wikimedia.org&utm_campaign=imageinfo&utm_content=thumbnail
no,a0d9de68-2edf-4120-ae72-8a7f10971b0b,Лунная поляна,campsite,"File:Казахстан, Алматы, Иле-Алатауский нацпарк, серый сурок на Лунной поляне (2).jpg",0.81,nearby,ElenaLitera,CC BY-SA 4.0,https://creativecommons.org/licenses/by-sa/4.0,3897,2598,"https://commons.wikimedia.org/wiki/File:%D0%9A%D0%B0%D0%B7%D0%B0%D1%85%D1%81%D1%82%D0%B0%D0%BD,_%D0%90%D0%BB%D0%BC%D0%B0%D1%82%D1%8B,_%D0%98%D0%BB%D0%B5-%D0%90%D0%BB%D0%B0%D1%82%D0%B0%D1%83%D1%81%D0%BA%D0%B8%D0%B9_%D0%BD%D0%B0%D1%86%D0%BF%D0%B0%D1%80%D0%BA,_%D1%81%D0%B5%D1%80%D1%8B%D0%B9_%D1%81%D1%83%D1%80%D0%BE%D0%BA_%D0%BD%D0%B0_%D0%9B%D1%83%D0%BD%D0%BD%D0%BE%D0%B9_%D0%BF%D0%BE%D0%BB%D1%8F%D0%BD%D0%B5_(2).jpg",https://thumb.wikimedia.org/wikipedia/commons/thumb/1/11/%D0%9A%D0%B0%D0%B7%D0%B0%D1%85%D1%81%D1%82%D0%B0%D0%BD%2C_%D0%90%D0%BB%D0%BC%D0%B0%D1%82%D1%8B%2C_%D0%98%D0%BB%D0%B5-%D0%90%D0%BB%D0%B0%D1%82%D0%B0%D1%83%D1%81%D0%BA%D0%B8%D0%B9_%D0%BD%D0%B0%D1%86%D0%BF%D0%B0%D1%80%D0%BA%2C_%D1%81%D0%B5%D1%80%D1%8B%D0%B9_%D1%81%D1%83%D1%80%D0%BE%D0%BA_%D0%BD%D0%B0_%D0%9B%D1%83%D0%BD%D0%BD%D0%BE%D0%B9_%D0%BF%D0%BE%D0%BB%D1%8F%D0%BD%D0%B5_%282%29.jpg/330px-%D0%9A%D0%B0%D0%B7%D0%B0%D1%85%D1%81%D1%82%D0%B0%D0%BD%2C_%D0%90%D0%BB%D0%BC%D0%B0%D1%82%D1%8B%2C_%D0%98%D0%BB%D0%B5-%D0%90%D0%BB%D0%B0%D1%82%D0%B0%D1%83%D1%81%D0%BA%D0%B8%D0%B9_%D0%BD%D0%B0%D1%86%D0%BF%D0%B0%D1%80%D0%BA%2C_%D1%81%D0%B5%D1%80%D1%8B%D0%B9_%D1%81%D1%83%D1%80%D0%BE%D0%BA_%D0%BD%D0%B0_%D0%9B%D1%83%D0%BD%D0%BD%D0%BE%D0%B9_%D0%BF%D0%BE%D0%BB%D1%8F%D0%BD%D0%B5_%282%29.jpg?utm_source=commons.wikimedia.org&utm_campaign=imageinfo&utm_content=thumbnail
no,a0d9de68-2edf-4120-ae72-8a7f10971b0b,Лунная поляна,campsite,"File:Казахстан, Алматы, Иле-Алатауский нацпарк, серый сурок на Лунной поляне (1).jpg",0.81,nearby,ElenaLitera,CC BY-SA 4.0,https://creativecommons.org/licenses/by-sa/4.0,3059,2039,"https://commons.wikimedia.org/wiki/File:%D0%9A%D0%B0%D0%B7%D0%B0%D1%85%D1%81%D1%82%D0%B0%D0%BD,_%D0%90%D0%BB%D0%BC%D0%B0%D1%82%D1%8B,_%D0%98%D0%BB%D0%B5-%D0%90%D0%BB%D0%B0%D1%82%D0%B0%D1%83%D1%81%D0%BA%D0%B8%D0%B9_%D0%BD%D0%B0%D1%86%D0%BF%D0%B0%D1%80%D0%BA,_%D1%81%D0%B5%D1%80%D1%8B%D0%B9_%D1%81%D1%83%D1%80%D0%BE%D0%BA_%D0%BD%D0%B0_%D0%9B%D1%83%D0%BD%D0%BD%D0%BE%D0%B9_%D0%BF%D0%BE%D0%BB%D1%8F%D0%BD%D0%B5_(1).jpg",https://thumb.wikimedia.org/wikipedia/commons/thumb/4/4b/%D0%9A%D0%B0%D0%B7%D0%B0%D1%85%D1%81%D1%82%D0%B0%D0%BD%2C_%D0%90%D0%BB%D0%BC%D0%B0%D1%82%D1%8B%2C_%D0%98%D0%BB%D0%B5-%D0%90%D0%BB%D0%B0%D1%82%D0%B0%D1%83%D1%81%D0%BA%D0%B8%D0%B9_%D0%BD%D0%B0%D1%86%D0%BF%D0%B0%D1%80%D0%BA%2C_%D1%81%D0%B5%D1%80%D1%8B%D0%B9_%D1%81%D1%83%D1%80%D0%BE%D0%BA_%D0%BD%D0%B0_%D0%9B%D1%83%D0%BD%D0%BD%D0%BE%D0%B9_%D0%BF%D0%BE%D0%BB%D1%8F%D0%BD%D0%B5_%281%29.jpg/330px-%D0%9A%D0%B0%D0%B7%D0%B0%D1%85%D1%81%D1%82%D0%B0%D0%BD%2C_%D0%90%D0%BB%D0%BC%D0%B0%D1%82%D1%8B%2C_%D0%98%D0%BB%D0%B5-%D0%90%D0%BB%D0%B0%D1%82%D0%B0%D1%83%D1%81%D0%BA%D0%B8%D0%B9_%D0%BD%D0%B0%D1%86%D0%BF%D0%B0%D1%80%D0%BA%2C_%D1%81%D0%B5%D1%80%D1%8B%D0%B9_%D1%81%D1%83%D1%80%D0%BE%D0%BA_%D0%BD%D0%B0_%D0%9B%D1%83%D0%BD%D0%BD%D0%BE%D0%B9_%D0%BF%D0%BE%D0%BB%D1%8F%D0%BD%D0%B5_%281%29.jpg?utm_source=commons.wikimedia.org&utm_campaign=imageinfo&utm_content=thumbnail
no,a0d9de68-2edf-4120-ae72-8a7f10971b0b,Лунная поляна,campsite,"File:Алматы, Иле-Алатауский нацпарк, серпантин на БАО, белянка рапсовая на цветке горца змеиного.jpg",0.81,nearby,ElenaLitera,CC BY-SA 4.0,https://creativecommons.org/licenses/by-sa/4.0,2646,3424,"https://commons.wikimedia.org/wiki/File:%D0%90%D0%BB%D0%BC%D0%B0%D1%82%D1%8B,_%D0%98%D0%BB%D0%B5-%D0%90%D0%BB%D0%B0%D1%82%D0%B0%D1%83%D1%81%D0%BA%D0%B8%D0%B9_%D0%BD%D0%B0%D1%86%D0%BF%D0%B0%D1%80%D0%BA,_%D1%81%D0%B5%D1%80%D0%BF%D0%B0%D0%BD%D1%82%D0%B8%D0%BD_%D0%BD%D0%B0_%D0%91%D0%90%D0%9E,_%D0%B1%D0%B5%D0%BB%D1%8F%D0%BD%D0%BA%D0%B0_%D1%80%D0%B0%D0%BF%D1%81%D0%BE%D0%B2%D0%B0%D1%8F_%D0%BD%D0%B0_%D1%86%D0%B2%D0%B5%D1%82%D0%BA%D0%B5_%D0%B3%D0%BE%D1%80%D1%86%D0%B0_%D0%B7%D0%BC%D0%B5%D0%B8%D0%BD%D0%BE%D0%B3%D0%BE.jpg",https://thumb.wikimedia.org/wikipedia/commons/thumb/9/9c/%D0%90%D0%BB%D0%BC%D0%B0%D1%82%D1%8B%2C_%D0%98%D0%BB%D0%B5-%D0%90%D0%BB%D0%B0%D1%82%D0%B0%D1%83%D1%81%D0%BA%D0%B8%D0%B9_%D0%BD%D0%B0%D1%86%D0%BF%D0%B0%D1%80%D0%BA%2C_%D1%81%D0%B5%D1%80%D0%BF%D0%B0%D0%BD%D1%82%D0%B8%D0%BD_%D0%BD%D0%B0_%D0%91%D0%90%D0%9E%2C_%D0%B1%D0%B5%D0%BB%D1%8F%D0%BD%D0%BA%D0%B0_%D1%80%D0%B0%D0%BF%D1%81%D0%BE%D0%B2%D0%B0%D1%8F_%D0%BD%D0%B0_%D1%86%D0%B2%D0%B5%D1%82%D0%BA%D0%B5_%D0%B3%D0%BE%D1%80%D1%86%D0%B0_%D0%B7%D0%BC%D0%B5%D0%B8%D0%BD%D0%BE%D0%B3%D0%BE.jpg/330px-thumbnail.jpg?utm_source=commons.wikimedia.org&utm_campaign=imageinfo&utm_content=thumbnail
no,a0d9de68-2edf-4120-ae72-8a7f10971b0b,Лунная поляна,campsite,"File:Алматы, Иле-Алатауский нацпарк, серпантин на БАО, семиточечная божья коровка на манжетке.jpg",0.73,nearby,ElenaLitera,CC BY-SA 4.0,https://creativecommons.org/licenses/by-sa/4.0,4359,3487,"https://commons.wikimedia.org/wiki/File:%D0%90%D0%BB%D0%BC%D0%B0%D1%82%D1%8B,_%D0%98%D0%BB%D0%B5-%D0%90%D0%BB%D0%B0%D1%82%D0%B0%D1%83%D1%81%D0%BA%D0%B8%D0%B9_%D0%BD%D0%B0%D1%86%D0%BF%D0%B0%D1%80%D0%BA,_%D1%81%D0%B5%D1%80%D0%BF%D0%B0%D0%BD%D1%82%D0%B8%D0%BD_%D0%BD%D0%B0_%D0%91%D0%90%D0%9E,_%D1%81%D0%B5%D0%BC%D0%B8%D1%82%D0%BE%D1%87%D0%B5%D1%87%D0%BD%D0%B0%D1%8F_%D0%B1%D0%BE%D0%B6%D1%8C%D1%8F_%D0%BA%D0%BE%D1%80%D0%BE%D0%B2%D0%BA%D0%B0_%D0%BD%D0%B0_%D0%BC%D0%B0%D0%BD%D0%B6%D0%B5%D1%82%D0%BA%D0%B5.jpg",https://thumb.wikimedia.org/wikipedia/commons/thumb/5/59/%D0%90%D0%BB%D0%BC%D0%B0%D1%82%D1%8B%2C_%D0%98%D0%BB%D0%B5-%D0%90%D0%BB%D0%B0%D1%82%D0%B0%D1%83%D1%81%D0%BA%D0%B8%D0%B9_%D0%BD%D0%B0%D1%86%D0%BF%D0%B0%D1%80%D0%BA%2C_%D1%81%D0%B5%D1%80%D0%BF%D0%B0%D0%BD%D1%82%D0%B8%D0%BD_%D0%BD%D0%B0_%D0%91%D0%90%D0%9E%2C_%D1%81%D0%B5%D0%BC%D0%B8%D1%82%D0%BE%D1%87%D0%B5%D1%87%D0%BD%D0%B0%D1%8F_%D0%B1%D0%BE%D0%B6%D1%8C%D1%8F_%D0%BA%D0%BE%D1%80%D0%BE%D0%B2%D0%BA%D0%B0_%D0%BD%D0%B0_%D0%BC%D0%B0%D0%BD%D0%B6%D0%B5%D1%82%D0%BA%D0%B5.jpg/330px-thumbnail.jpg?utm_source=commons.wikimedia.org&utm_campaign=imageinfo&utm_content=thumbnail
no,a0d9de68-2edf-4120-ae72-8a7f10971b0b,Лунная поляна,campsite,"File:Bostandyk District, Almaty, Kazakhstan - panoramio (23).jpg",0.55,nearby,Anton Yefimov,CC BY 3.0,https://creativecommons.org/licenses/by/3.0,2048,1536,"https://commons.wikimedia.org/wiki/File:Bostandyk_District,_Almaty,_Kazakhstan_-_panoramio_(23).jpg",https://thumb.wikimedia.org/wikipedia/commons/thumb/3/31/Bostandyk_District%2C_Almaty%2C_Kazakhstan_-_panoramio_%2823%29.jpg/330px-Bostandyk_District%2C_Almaty%2C_Kazakhstan_-_panoramio_%2823%29.jpg?utm_source=commons.wikimedia.org&utm_campaign=imageinfo&utm_content=thumbnail
no,a0d9de68-2edf-4120-ae72-8a7f10971b0b,Лунная поляна,campsite,"File:Picea schrenkiana (Алматы, Казахстан) 2.jpg",0.52,nearby,Kudaibergen Amirekul,CC BY-SA 4.0,https://creativecommons.org/licenses/by-sa/4.0,2048,1367,"https://commons.wikimedia.org/wiki/File:Picea_schrenkiana_(%D0%90%D0%BB%D0%BC%D0%B0%D1%82%D1%8B,_%D0%9A%D0%B0%D0%B7%D0%B0%D1%85%D1%81%D1%82%D0%B0%D0%BD)_2.jpg",https://thumb.wikimedia.org/wikipedia/commons/thumb/1/13/Picea_schrenkiana_%28%D0%90%D0%BB%D0%BC%D0%B0%D1%82%D1%8B%2C_%D0%9A%D0%B0%D0%B7%D0%B0%D1%85%D1%81%D1%82%D0%B0%D0%BD%29_2.jpg/330px-Picea_schrenkiana_%28%D0%90%D0%BB%D0%BC%D0%B0%D1%82%D1%8B%2C_%D0%9A%D0%B0%D0%B7%D0%B0%D1%85%D1%81%D1%82%D0%B0%D0%BD%29_2.jpg?utm_source=commons.wikimedia.org&utm_campaign=imageinfo&utm_content=thumbnail
no,a0d9de68-2edf-4120-ae72-8a7f10971b0b,Лунная поляна,campsite,"File:Picea schrenkiana (Алматы, Казахстан) 1.jpg",0.52,nearby,Kudaibergen Amirekul,CC BY-SA 4.0,https://creativecommons.org/licenses/by-sa/4.0,2048,1367,"https://commons.wikimedia.org/wiki/File:Picea_schrenkiana_(%D0%90%D0%BB%D0%BC%D0%B0%D1%82%D1%8B,_%D0%9A%D0%B0%D0%B7%D0%B0%D1%85%D1%81%D1%82%D0%B0%D0%BD)_1.jpg",https://thumb.wikimedia.org/wikipedia/commons/thumb/7/70/Picea_schrenkiana_%28%D0%90%D0%BB%D0%BC%D0%B0%D1%82%D1%8B%2C_%D0%9A%D0%B0%D0%B7%D0%B0%D1%85%D1%81%D1%82%D0%B0%D0%BD%29_1.jpg/330px-Picea_schrenkiana_%28%D0%90%D0%BB%D0%BC%D0%B0%D1%82%D1%8B%2C_%D0%9A%D0%B0%D0%B7%D0%B0%D1%85%D1%81%D1%82%D0%B0%D0%BD%29_1.jpg?utm_source=commons.wikimedia.org&utm_campaign=imageinfo&utm_content=thumbnail
1,2d5e7001-02be-4c67-bcd5-40da822a6e7c,Мынжилки,campsite,File:Мыңжылқы.jpg,2.01,"nearby, name",Хасен Айсауле,CC BY-SA 4.0,https://creativecommons.org/licenses/by-sa/4.0,3968,2232,https://commons.wikimedia.org/wiki/File:%D0%9C%D1%8B%D2%A3%D0%B6%D1%8B%D0%BB%D2%9B%D1%8B.jpg,https://thumb.wikimedia.org/wikipedia/commons/thumb/5/5f/%D0%9C%D1%8B%D2%A3%D0%B6%D1%8B%D0%BB%D2%9B%D1%8B.jpg/330px-%D0%9C%D1%8B%D2%A3%D0%B6%D1%8B%D0%BB%D2%9B%D1%8B.jpg?utm_source=commons.wikimedia.org&utm_campaign=imageinfo&utm_content=thumbnail
no,2d5e7001-02be-4c67-bcd5-40da822a6e7c,Мынжилки,campsite,File:Shymbulak Ile Alatau Mountains in Almaty 03.jpg,0.88,nearby,Ninaras,CC BY 4.0,https://creativecommons.org/licenses/by/4.0,3290,1822,https://commons.wikimedia.org/wiki/File:Shymbulak_Ile_Alatau_Mountains_in_Almaty_03.jpg,https://thumb.wikimedia.org/wikipedia/commons/thumb/b/bb/Shymbulak_Ile_Alatau_Mountains_in_Almaty_03.jpg/330px-Shymbulak_Ile_Alatau_Mountains_in_Almaty_03.jpg?utm_source=commons.wikimedia.org&utm_campaign=imageinfo&utm_content=thumbnail
no,2d5e7001-02be-4c67-bcd5-40da822a6e7c,Мынжилки,campsite,File:Shymbulak Ile Alatau Mountains in Almaty 02.jpg,0.79,nearby,Ninaras,CC BY 4.0,https://creativecommons.org/licenses/by/4.0,2999,1999,https://commons.wikimedia.org/wiki/File:Shymbulak_Ile_Alatau_Mountains_in_Almaty_02.jpg,https://thumb.wikimedia.org/wikipedia/commons/thumb/8/83/Shymbulak_Ile_Alatau_Mountains_in_Almaty_02.jpg/330px-Shymbulak_Ile_Alatau_Mountains_in_Almaty_02.jpg?utm_source=commons.wikimedia.org&utm_campaign=imageinfo&utm_content=thumbnail
no,2d5e7001-02be-4c67-bcd5-40da822a6e7c,Мынжилки,campsite,File:Almaty IMG 3321 Almaty (37641969690).jpg,0.78,nearby,"Ninara from Helsinki, Finland",CC BY 2.0,https://creativecommons.org/licenses/by/2.0,3251,1845,https://commons.wikimedia.org/wiki/File:Almaty_IMG_3321_Almaty_(37641969690).jpg,https://thumb.wikimedia.org/wikipedia/commons/thumb/0/01/Almaty_IMG_3321_Almaty_%2837641969690%29.jpg/330px-Almaty_IMG_3321_Almaty_%2837641969690%29.jpg?utm_source=commons.wikimedia.org&utm_campaign=imageinfo&utm_content=thumbnail
no,2d5e7001-02be-4c67-bcd5-40da822a6e7c,Мынжилки,campsite,File:Almaty IMG 3305 Almaty (37850481356).jpg,0.74,nearby,"Ninara from Helsinki, Finland",CC BY 2.0,https://creativecommons.org/licenses/by/2.0,2999,1999,https://commons.wikimedia.org/wiki/File:Almaty_IMG_3305_Almaty_(37850481356).jpg,https://thumb.wikimedia.org/wikipedia/commons/thumb/f/fc/Almaty_IMG_3305_Almaty_%2837850481356%29.jpg/330px-Almaty_IMG_3305_Almaty_%2837850481356%29.jpg?utm_source=commons.wikimedia.org&utm_campaign=imageinfo&utm_content=thumbnail
no,2d5e7001-02be-4c67-bcd5-40da822a6e7c,Мынжилки,campsite,File:Almaty IMG 3309 Almaty (37189238714).jpg,0.71,nearby,"Ninara from Helsinki, Finland",CC BY 2.0,https://creativecommons.org/licenses/by/2.0,3065,1957,https://commons.wikimedia.org/wiki/File:Almaty_IMG_3309_Almaty_(37189238714).jpg,https://thumb.wikimedia.org/wikipedia/commons/thumb/1/14/Almaty_IMG_3309_Almaty_%2837189238714%29.jpg/330px-Almaty_IMG_3309_Almaty_%2837189238714%29.jpg?utm_source=commons.wikimedia.org&utm_campaign=imageinfo&utm_content=thumbnail
no,2d5e7001-02be-4c67-bcd5-40da822a6e7c,Мынжилки,campsite,File:Almaty IMG 3315 Almaty (24047148718).jpg,0.66,nearby,"Ninara from Helsinki, Finland",CC BY 2.0,https://creativecommons.org/licenses/by/2.0,2999,1999,https://commons.wikimedia.org/wiki/File:Almaty_IMG_3315_Almaty_(24047148718).jpg,https://thumb.wikimedia.org/wikipedia/commons/thumb/3/38/Almaty_IMG_3315_Almaty_%2824047148718%29.jpg/330px-Almaty_IMG_3315_Almaty_%2824047148718%29.jpg?utm_source=commons.wikimedia.org&utm_campaign=imageinfo&utm_content=thumbnail
no,78f8b6c1-d171-4ad8-8a92-db7eceef44c4,Пирамида,campsite,File:BAO October02 - panoramio.jpg,0.89,nearby,Ilya Rudakov,CC BY-SA 3.0,https://creativecommons.org/licenses/by-sa/3.0,2366,1536,https://commons.wikimedia.org/wiki/File:BAO_October02_-_panoramio.jpg,https://thumb.wikimedia.org/wikipedia/commons/thumb/c/c2/BAO_October02_-_panoramio.jpg/330px-BAO_October02_-_panoramio.jpg?utm_source=commons.wikimedia.org&utm_campaign=imageinfo&utm_content=thumbnail
no,9d692d54-9ecd-4cd1-b15a-e11aee5e13b2,Поляна Терра,campsite,"File:""Ведьмин ручей"" (поляна Терра).jpg",2.49,"nearby, name",Жасминовый Дракон,CC BY-SA 4.0,https://creativecommons.org/licenses/by-sa/4.0,4000,3000,https://commons.wikimedia.org/wiki/File:%22%D0%92%D0%B5%D0%B4%D1%8C%D0%BC%D0%B8%D0%BD_%D1%80%D1%83%D1%87%D0%B5%D0%B9%22_(%D0%BF%D0%BE%D0%BB%D1%8F%D0%BD%D0%B0_%D0%A2%D0%B5%D1%80%D1%80%D0%B0).jpg,https://thumb.wikimedia.org/wikipedia/commons/thumb/1/16/%22%D0%92%D0%B5%D0%B4%D1%8C%D0%BC%D0%B8%D0%BD_%D1%80%D1%83%D1%87%D0%B5%D0%B9%22_%28%D0%BF%D0%BE%D0%BB%D1%8F%D0%BD%D0%B0_%D0%A2%D0%B5%D1%80%D1%80%D0%B0%29.jpg/330px-%22%D0%92%D0%B5%D0%B4%D1%8C%D0%BC%D0%B8%D0%BD_%D1%80%D1%83%D1%87%D0%B5%D0%B9%22_%28%D0%BF%D0%BE%D0%BB%D1%8F%D0%BD%D0%B0_%D0%A2%D0%B5%D1%80%D1%80%D0%B0%29.jpg?utm_source=commons.wikimedia.org&utm_campaign=imageinfo&utm_content=thumbnail
4,9d692d54-9ecd-4cd1-b15a-e11aee5e13b2,Поляна Терра,campsite,File:Сурка видишь? А он есть! ( на поляне Терра).jpg,2.49,"nearby, name",Жасминовый Дракон,CC BY-SA 4.0,https://creativecommons.org/licenses/by-sa/4.0,4000,3000,https://commons.wikimedia.org/wiki/File:%D0%A1%D1%83%D1%80%D0%BA%D0%B0_%D0%B2%D0%B8%D0%B4%D0%B8%D1%88%D1%8C%3F_%D0%90_%D0%BE%D0%BD_%D0%B5%D1%81%D1%82%D1%8C!_(_%D0%BD%D0%B0_%D0%BF%D0%BE%D0%BB%D1%8F%D0%BD%D0%B5_%D0%A2%D0%B5%D1%80%D1%80%D0%B0).jpg,https://thumb.wikimedia.org/wikipedia/commons/thumb/4/47/%D0%A1%D1%83%D1%80%D0%BA%D0%B0_%D0%B2%D0%B8%D0%B4%D0%B8%D1%88%D1%8C%3F_%D0%90_%D0%BE%D0%BD_%D0%B5%D1%81%D1%82%D1%8C%21_%28_%D0%BD%D0%B0_%D0%BF%D0%BE%D0%BB%D1%8F%D0%BD%D0%B5_%D0%A2%D0%B5%D1%80%D1%80%D0%B0%29.jpg/330px-%D0%A1%D1%83%D1%80%D0%BA%D0%B0_%D0%B2%D0%B8%D0%B4%D0%B8%D1%88%D1%8C%3F_%D0%90_%D0%BE%D0%BD_%D0%B5%D1%81%D1%82%D1%8C%21_%28_%D0%BD%D0%B0_%D0%BF%D0%BE%D0%BB%D1%8F%D0%BD%D0%B5_%D0%A2%D0%B5%D1%80%D1%80%D0%B0%29.jpg?utm_source=commons.wikimedia.org&utm_campaign=imageinfo&utm_content=thumbnail
3,9d692d54-9ecd-4cd1-b15a-e11aee5e13b2,Поляна Терра,campsite,File:К реке наклонилась ёлочка... (поляна Терра).jpg,2.43,"nearby, name",Жасминовый Дракон,CC BY-SA 4.0,https://creativecommons.org/licenses/by-sa/4.0,4000,3000,https://commons.wikimedia.org/wiki/File:%D0%9A_%D1%80%D0%B5%D0%BA%D0%B5_%D0%BD%D0%B0%D0%BA%D0%BB%D0%BE%D0%BD%D0%B8%D0%BB%D0%B0%D1%81%D1%8C_%D1%91%D0%BB%D0%BE%D1%87%D0%BA%D0%B0..._(%D0%BF%D0%BE%D0%BB%D1%8F%D0%BD%D0%B0_%D0%A2%D0%B5%D1%80%D1%80%D0%B0).jpg,https://thumb.wikimedia.org/wikipedia/commons/thumb/a/a0/%D0%9A_%D1%80%D0%B5%D0%BA%D0%B5_%D0%BD%D0%B0%D0%BA%D0%BB%D0%BE%D0%BD%D0%B8%D0%BB%D0%B0%D1%81%D1%8C_%D1%91%D0%BB%D0%BE%D1%87%D0%BA%D0%B0..._%28%D0%BF%D0%BE%D0%BB%D1%8F%D0%BD%D0%B0_%D0%A2%D0%B5%D1%80%D1%80%D0%B0%29.jpg/330px-%D0%9A_%D1%80%D0%B5%D0%BA%D0%B5_%D0%BD%D0%B0%D0%BA%D0%BB%D0%BE%D0%BD%D0%B8%D0%BB%D0%B0%D1%81%D1%8C_%D1%91%D0%BB%D0%BE%D1%87%D0%BA%D0%B0..._%28%D0%BF%D0%BE%D0%BB%D1%8F%D0%BD%D0%B0_%D0%A2%D0%B5%D1%80%D1%80%D0%B0%29.jpg?utm_source=commons.wikimedia.org&utm_campaign=imageinfo&utm_content=thumbnail
1,9d692d54-9ecd-4cd1-b15a-e11aee5e13b2,Поляна Терра,campsite,File:Над ущельем плывут облака... ( вид с поляны Терра в сторону города).jpg,2.42,"nearby, name",Жасминовый Дракон,CC BY-SA 4.0,https://creativecommons.org/licenses/by-sa/4.0,4000,3000,https://commons.wikimedia.org/wiki/File:%D0%9D%D0%B0%D0%B4_%D1%83%D1%89%D0%B5%D0%BB%D1%8C%D0%B5%D0%BC_%D0%BF%D0%BB%D1%8B%D0%B2%D1%83%D1%82_%D0%BE%D0%B1%D0%BB%D0%B0%D0%BA%D0%B0..._(_%D0%B2%D0%B8%D0%B4_%D1%81_%D0%BF%D0%BE%D0%BB%D1%8F%D0%BD%D1%8B_%D0%A2%D0%B5%D1%80%D1%80%D0%B0_%D0%B2_%D1%81%D1%82%D0%BE%D1%80%D0%BE%D0%BD%D1%83_%D0%B3%D0%BE%D1%80%D0%BE%D0%B4%D0%B0).jpg,https://thumb.wikimedia.org/wikipedia/commons/thumb/9/96/%D0%9D%D0%B0%D0%B4_%D1%83%D1%89%D0%B5%D0%BB%D1%8C%D0%B5%D0%BC_%D0%BF%D0%BB%D1%8B%D0%B2%D1%83%D1%82_%D0%BE%D0%B1%D0%BB%D0%B0%D0%BA%D0%B0..._%28_%D0%B2%D0%B8%D0%B4_%D1%81_%D0%BF%D0%BE%D0%BB%D1%8F%D0%BD%D1%8B_%D0%A2%D0%B5%D1%80%D1%80%D0%B0_%D0%B2_%D1%81%D1%82%D0%BE%D1%80%D0%BE%D0%BD%D1%83_%D0%B3%D0%BE%D1%80%D0%BE%D0%B4%D0%B0%29.jpg/330px-%D0%9D%D0%B0%D0%B4_%D1%83%D1%89%D0%B5%D0%BB%D1%8C%D0%B5%D0%BC_%D0%BF%D0%BB%D1%8B%D0%B2%D1%83%D1%82_%D0%BE%D0%B1%D0%BB%D0%B0%D0%BA%D0%B0..._%28_%D0%B2%D0%B8%D0%B4_%D1%81_%D0%BF%D0%BE%D0%BB%D1%8F%D0%BD%D1%8B_%D0%A2%D0%B5%D1%80%D1%80%D0%B0_%D0%B2_%D1%81%D1%82%D0%BE%D1%80%D0%BE%D0%BD%D1%83_%D0%B3%D0%BE%D1%80%D0%BE%D0%B4%D0%B0%29.jpg?utm_source=commons.wikimedia.org&utm_campaign=imageinfo&utm_content=thumbnail
no,9d692d54-9ecd-4cd1-b15a-e11aee5e13b2,Поляна Терра,campsite,File:Ель-взлетающая (на тропе у поляны Терра).jpg,2.42,"nearby, name",Жасминовый Дракон,CC BY-SA 4.0,https://creativecommons.org/licenses/by-sa/4.0,3000,4000,https://commons.wikimedia.org/wiki/File:%D0%95%D0%BB%D1%8C-%D0%B2%D0%B7%D0%BB%D0%B5%D1%82%D0%B0%D1%8E%D1%89%D0%B0%D1%8F_(%D0%BD%D0%B0_%D1%82%D1%80%D0%BE%D0%BF%D0%B5_%D1%83_%D0%BF%D0%BE%D0%BB%D1%8F%D0%BD%D1%8B_%D0%A2%D0%B5%D1%80%D1%80%D0%B0).jpg,https://thumb.wikimedia.org/wikipedia/commons/thumb/9/9e/%D0%95%D0%BB%D1%8C-%D0%B2%D0%B7%D0%BB%D0%B5%D1%82%D0%B0%D1%8E%D1%89%D0%B0%D1%8F_%28%D0%BD%D0%B0_%D1%82%D1%80%D0%BE%D0%BF%D0%B5_%D1%83_%D0%BF%D0%BE%D0%BB%D1%8F%D0%BD%D1%8B_%D0%A2%D0%B5%D1%80%D1%80%D0%B0%29.jpg/330px-%D0%95%D0%BB%D1%8C-%D0%B2%D0%B7%D0%BB%D0%B5%D1%82%D0%B0%D1%8E%D1%89%D0%B0%D1%8F_%28%D0%BD%D0%B0_%D1%82%D1%80%D0%BE%D0%BF%D0%B5_%D1%83_%D0%BF%D0%BE%D0%BB%D1%8F%D0%BD%D1%8B_%D0%A2%D0%B5%D1%80%D1%80%D0%B0%29.jpg?utm_source=commons.wikimedia.org&utm_campaign=imageinfo&utm_content=thumbnail
2,9d692d54-9ecd-4cd1-b15a-e11aee5e13b2,Поляна Терра,campsite,"File:""Каменные хранители"" поляны Терра.jpg",2.41,"nearby, name",Жасминовый Дракон,CC BY-SA 4.0,https://creativecommons.org/licenses/by-sa/4.0,2992,4000,https://commons.wikimedia.org/wiki/File:%22%D0%9A%D0%B0%D0%BC%D0%B5%D0%BD%D0%BD%D1%8B%D0%B5_%D1%85%D1%80%D0%B0%D0%BD%D0%B8%D1%82%D0%B5%D0%BB%D0%B8%22_%D0%BF%D0%BE%D0%BB%D1%8F%D0%BD%D1%8B_%D0%A2%D0%B5%D1%80%D1%80%D0%B0.jpg,https://thumb.wikimedia.org/wikipedia/commons/thumb/8/8a/%22%D0%9A%D0%B0%D0%BC%D0%B5%D0%BD%D0%BD%D1%8B%D0%B5_%D1%85%D1%80%D0%B0%D0%BD%D0%B8%D1%82%D0%B5%D0%BB%D0%B8%22_%D0%BF%D0%BE%D0%BB%D1%8F%D0%BD%D1%8B_%D0%A2%D0%B5%D1%80%D1%80%D0%B0.jpg/330px-%22%D0%9A%D0%B0%D0%BC%D0%B5%D0%BD%D0%BD%D1%8B%D0%B5_%D1%85%D1%80%D0%B0%D0%BD%D0%B8%D1%82%D0%B5%D0%BB%D0%B8%22_%D0%BF%D0%BE%D0%BB%D1%8F%D0%BD%D1%8B_%D0%A2%D0%B5%D1%80%D1%80%D0%B0.jpg?utm_source=commons.wikimedia.org&utm_campaign=imageinfo&utm_content=thumbnail
no,c6e2cbb3-d5f5-4828-9526-e5a1e6279c0c,Поляна Энтузиастов,campsite,File:Mounds of stone.jpg,0.79,nearby,Rogiven,CC BY-SA 4.0,https://creativecommons.org/licenses/by-sa/4.0,4032,3024,https://commons.wikimedia.org/wiki/File:Mounds_of_stone.jpg,https://thumb.wikimedia.org/wikipedia/commons/thumb/4/4b/Mounds_of_stone.jpg/330px-Mounds_of_stone.jpg?utm_source=commons.wikimedia.org&utm_campaign=imageinfo&utm_content=thumbnail
no,c6e2cbb3-d5f5-4828-9526-e5a1e6279c0c,Поляна Энтузиастов,campsite,File:Kazakh terraces.jpg,0.78,nearby,Rogiven,CC BY-SA 4.0,https://creativecommons.org/licenses/by-sa/4.0,4032,3024,https://commons.wikimedia.org/wiki/File:Kazakh_terraces.jpg,https://thumb.wikimedia.org/wikipedia/commons/thumb/f/f2/Kazakh_terraces.jpg/330px-Kazakh_terraces.jpg?utm_source=commons.wikimedia.org&utm_campaign=imageinfo&utm_content=thumbnail
no,c6e2cbb3-d5f5-4828-9526-e5a1e6279c0c,Поляна Энтузиастов,campsite,File:Peak Talgar from Furmanovka - panoramio.jpg,0.69,nearby,dmccarhty,CC BY-SA 3.0,https://creativecommons.org/licenses/by-sa/3.0,3456,2592,https://commons.wikimedia.org/wiki/File:Peak_Talgar_from_Furmanovka_-_panoramio.jpg,https://thumb.wikimedia.org/wikipedia/commons/thumb/5/57/Peak_Talgar_from_Furmanovka_-_panoramio.jpg/330px-Peak_Talgar_from_Furmanovka_-_panoramio.jpg?utm_source=commons.wikimedia.org&utm_campaign=imageinfo&utm_content=thumbnail
no,c6e2cbb3-d5f5-4828-9526-e5a1e6279c0c,Поляна Энтузиастов,campsite,File:The View from Peak Furmanovka - panoramio.jpg,0.68,nearby,dmccarhty,CC BY-SA 3.0,https://creativecommons.org/licenses/by-sa/3.0,3456,2592,https://commons.wikimedia.org/wiki/File:The_View_from_Peak_Furmanovka_-_panoramio.jpg,https://thumb.wikimedia.org/wikipedia/commons/thumb/4/40/The_View_from_Peak_Furmanovka_-_panoramio.jpg/330px-The_View_from_Peak_Furmanovka_-_panoramio.jpg?utm_source=commons.wikimedia.org&utm_campaign=imageinfo&utm_content=thumbnail
no,c6e2cbb3-d5f5-4828-9526-e5a1e6279c0c,Поляна Энтузиастов,campsite,File:Spacious gorge.jpg,0.53,nearby,Rogiven,CC BY-SA 4.0,https://creativecommons.org/licenses/by-sa/4.0,3024,4032,https://commons.wikimedia.org/wiki/File:Spacious_gorge.jpg,https://thumb.wikimedia.org/wikipedia/commons/thumb/f/f0/Spacious_gorge.jpg/330px-Spacious_gorge.jpg?utm_source=commons.wikimedia.org&utm_campaign=imageinfo&utm_content=thumbnail
no,04c4f946-5649-4e05-93d3-4cbb3e1b0f97,Пятипалая ель,campsite,"File:Ёлочка из облаков (по тропе на Кок-Жайляу, ущелье реки Казачка).jpg",0.59,nearby,Жасминовый Дракон,CC BY-SA 4.0,https://creativecommons.org/licenses/by-sa/4.0,3000,4000,"https://commons.wikimedia.org/wiki/File:%D0%81%D0%BB%D0%BE%D1%87%D0%BA%D0%B0_%D0%B8%D0%B7_%D0%BE%D0%B1%D0%BB%D0%B0%D0%BA%D0%BE%D0%B2_(%D0%BF%D0%BE_%D1%82%D1%80%D0%BE%D0%BF%D0%B5_%D0%BD%D0%B0_%D0%9A%D0%BE%D0%BA-%D0%96%D0%B0%D0%B9%D0%BB%D1%8F%D1%83,_%D1%83%D1%89%D0%B5%D0%BB%D1%8C%D0%B5_%D1%80%D0%B5%D0%BA%D0%B8_%D0%9A%D0%B0%D0%B7%D0%B0%D1%87%D0%BA%D0%B0).jpg",https://thumb.wikimedia.org/wikipedia/commons/thumb/f/f4/%D0%81%D0%BB%D0%BE%D1%87%D0%BA%D0%B0_%D0%B8%D0%B7_%D0%BE%D0%B1%D0%BB%D0%B0%D0%BA%D0%BE%D0%B2_%28%D0%BF%D0%BE_%D1%82%D1%80%D0%BE%D0%BF%D0%B5_%D0%BD%D0%B0_%D0%9A%D0%BE%D0%BA-%D0%96%D0%B0%D0%B9%D0%BB%D1%8F%D1%83%2C_%D1%83%D1%89%D0%B5%D0%BB%D1%8C%D0%B5_%D1%80%D0%B5%D0%BA%D0%B8_%D0%9A%D0%B0%D0%B7%D0%B0%D1%87%D0%BA%D0%B0%29.jpg/330px-%D0%81%D0%BB%D0%BE%D1%87%D0%BA%D0%B0_%D0%B8%D0%B7_%D0%BE%D0%B1%D0%BB%D0%B0%D0%BA%D0%BE%D0%B2_%28%D0%BF%D0%BE_%D1%82%D1%80%D0%BE%D0%BF%D0%B5_%D0%BD%D0%B0_%D0%9A%D0%BE%D0%BA-%D0%96%D0%B0%D0%B9%D0%BB%D1%8F%D1%83%2C_%D1%83%D1%89%D0%B5%D0%BB%D1%8C%D0%B5_%D1%80%D0%B5%D0%BA%D0%B8_%D0%9A%D0%B0%D0%B7%D0%B0%D1%87%D0%BA%D0%B0%29.jpg?utm_source=commons.wikimedia.org&utm_campaign=imageinfo&utm_content=thumbnail
no,04c4f946-5649-4e05-93d3-4cbb3e1b0f97,Пятипалая ель,campsite,"File:Облачное извержение (по тропе на Кок-Жайляу, ущелье реки Казачка).jpg",0.57,nearby,Жасминовый Дракон,CC BY-SA 4.0,https://creativecommons.org/licenses/by-sa/4.0,3000,4000,"https://commons.wikimedia.org/wiki/File:%D0%9E%D0%B1%D0%BB%D0%B0%D1%87%D0%BD%D0%BE%D0%B5_%D0%B8%D0%B7%D0%B2%D0%B5%D1%80%D0%B6%D0%B5%D0%BD%D0%B8%D0%B5_(%D0%BF%D0%BE_%D1%82%D1%80%D0%BE%D0%BF%D0%B5_%D0%BD%D0%B0_%D0%9A%D0%BE%D0%BA-%D0%96%D0%B0%D0%B9%D0%BB%D1%8F%D1%83,_%D1%83%D1%89%D0%B5%D0%BB%D1%8C%D0%B5_%D1%80%D0%B5%D0%BA%D0%B8_%D0%9A%D0%B0%D0%B7%D0%B0%D1%87%D0%BA%D0%B0).jpg",https://thumb.wikimedia.org/wikipedia/commons/thumb/4/40/%D0%9E%D0%B1%D0%BB%D0%B0%D1%87%D0%BD%D0%BE%D0%B5_%D0%B8%D0%B7%D0%B2%D0%B5%D1%80%D0%B6%D0%B5%D0%BD%D0%B8%D0%B5_%28%D0%BF%D0%BE_%D1%82%D1%80%D0%BE%D0%BF%D0%B5_%D0%BD%D0%B0_%D0%9A%D0%BE%D0%BA-%D0%96%D0%B0%D0%B9%D0%BB%D1%8F%D1%83%2C_%D1%83%D1%89%D0%B5%D0%BB%D1%8C%D0%B5_%D1%80%D0%B5%D0%BA%D0%B8_%D0%9A%D0%B0%D0%B7%D0%B0%D1%87%D0%BA%D0%B0%29.jpg/330px-%D0%9E%D0%B1%D0%BB%D0%B0%D1%87%D0%BD%D0%BE%D0%B5_%D0%B8%D0%B7%D0%B2%D0%B5%D1%80%D0%B6%D0%B5%D0%BD%D0%B8%D0%B5_%28%D0%BF%D0%BE_%D1%82%D1%80%D0%BE%D0%BF%D0%B5_%D0%BD%D0%B0_%D0%9A%D0%BE%D0%BA-%D0%96%D0%B0%D0%B9%D0%BB%D1%8F%D1%83%2C_%D1%83%D1%89%D0%B5%D0%BB%D1%8C%D0%B5_%D1%80%D0%B5%D0%BA%D0%B8_%D0%9A%D0%B0%D0%B7%D0%B0%D1%87%D0%BA%D0%B0%29.jpg?utm_source=commons.wikimedia.org&utm_campaign=imageinfo&utm_content=thumbnail
no,04c4f946-5649-4e05-93d3-4cbb3e1b0f97,Пятипалая ель,campsite,File:Облачная рябь над пиком Юный Геолог.jpg,0.56,nearby,Жасминовый Дракон,CC BY-SA 4.0,https://creativecommons.org/licenses/by-sa/4.0,3000,4000,https://commons.wikimedia.org/wiki/File:%D0%9E%D0%B1%D0%BB%D0%B0%D1%87%D0%BD%D0%B0%D1%8F_%D1%80%D1%8F%D0%B1%D1%8C_%D0%BD%D0%B0%D0%B4_%D0%BF%D0%B8%D0%BA%D0%BE%D0%BC_%D0%AE%D0%BD%D1%8B%D0%B9_%D0%93%D0%B5%D0%BE%D0%BB%D0%BE%D0%B3.jpg,https://thumb.wikimedia.org/wikipedia/commons/thumb/3/35/%D0%9E%D0%B1%D0%BB%D0%B0%D1%87%D0%BD%D0%B0%D1%8F_%D1%80%D1%8F%D0%B1%D1%8C_%D0%BD%D0%B0%D0%B4_%D0%BF%D0%B8%D0%BA%D0%BE%D0%BC_%D0%AE%D0%BD%D1%8B%D0%B9_%D0%93%D0%B5%D0%BE%D0%BB%D0%BE%D0%B3.jpg/330px-%D0%9E%D0%B1%D0%BB%D0%B0%D1%87%D0%BD%D0%B0%D1%8F_%D1%80%D1%8F%D0%B1%D1%8C_%D0%BD%D0%B0%D0%B4_%D0%BF%D0%B8%D0%BA%D0%BE%D0%BC_%D0%AE%D0%BD%D1%8B%D0%B9_%D0%93%D0%B5%D0%BE%D0%BB%D0%BE%D0%B3.jpg?utm_source=commons.wikimedia.org&utm_campaign=imageinfo&utm_content=thumbnail
no,04c4f946-5649-4e05-93d3-4cbb3e1b0f97,Пятипалая ель,campsite,File:ЛЕГКОЕ ВОЛНЕНИЕ.jpg,0.51,nearby,RS128,CC BY-SA 4.0,https://creativecommons.org/licenses/by-sa/4.0,3000,2002,https://commons.wikimedia.org/wiki/File:%D0%9B%D0%95%D0%93%D0%9A%D0%9E%D0%95_%D0%92%D0%9E%D0%9B%D0%9D%D0%95%D0%9D%D0%98%D0%95.jpg,https://thumb.wikimedia.org/wikipedia/commons/thumb/2/22/%D0%9B%D0%95%D0%93%D0%9A%D0%9E%D0%95_%D0%92%D0%9E%D0%9B%D0%9D%D0%95%D0%9D%D0%98%D0%95.jpg/330px-%D0%9B%D0%95%D0%93%D0%9A%D0%9E%D0%95_%D0%92%D0%9E%D0%9B%D0%9D%D0%95%D0%9D%D0%98%D0%95.jpg?utm_source=commons.wikimedia.org&utm_campaign=imageinfo&utm_content=thumbnail
no,fb68f50f-d0d3-4058-8de2-96fe15c1d32f,Райская поляна,campsite,File:ISS007-E-6973 - View of Kazakhstan.jpg,0.68,nearby,"Earth Science and Remote Sensing Unit, Lyndon B. Johnson Space Center",Public domain,,3032,2064,https://commons.wikimedia.org/wiki/File:ISS007-E-6973_-_View_of_Kazakhstan.jpg,https://thumb.wikimedia.org/wikipedia/commons/thumb/3/30/ISS007-E-6973_-_View_of_Kazakhstan.jpg/330px-ISS007-E-6973_-_View_of_Kazakhstan.jpg?utm_source=commons.wikimedia.org&utm_campaign=imageinfo&utm_content=thumbnail
no,94c8abce-94d8-4a24-8804-625639eea53d,Ташкентские ночёвки,campsite,File:Shymbulak Ile Alatau Mountains in Almaty 08.jpg,0.51,nearby,Ninaras,CC BY 4.0,https://creativecommons.org/licenses/by/4.0,2940,2040,https://commons.wikimedia.org/wiki/File:Shymbulak_Ile_Alatau_Mountains_in_Almaty_08.jpg,https://thumb.wikimedia.org/wikipedia/commons/thumb/a/a5/Shymbulak_Ile_Alatau_Mountains_in_Almaty_08.jpg/330px-Shymbulak_Ile_Alatau_Mountains_in_Almaty_08.jpg?utm_source=commons.wikimedia.org&utm_campaign=imageinfo&utm_content=thumbnail
no,fa4b4cd0-b7af-41e1-9b04-c2677dd6c84c,Иссыкское форелевое хозяйство,paid_pond,File:ISS047-E-56825 - View of Earth.jpg,0.61,nearby,"Earth Science and Remote Sensing Unit, Lyndon B. Johnson Space Center",Public domain,,3280,4928,https://commons.wikimedia.org/wiki/File:ISS047-E-56825_-_View_of_Earth.jpg,https://thumb.wikimedia.org/wikipedia/commons/thumb/1/19/ISS047-E-56825_-_View_of_Earth.jpg/330px-ISS047-E-56825_-_View_of_Earth.jpg?utm_source=commons.wikimedia.org&utm_campaign=imageinfo&utm_content=thumbnail
no,fa4b4cd0-b7af-41e1-9b04-c2677dd6c84c,Иссыкское форелевое хозяйство,paid_pond,File:ISS047-E-56826 - View of Earth.jpg,0.61,nearby,"Earth Science and Remote Sensing Unit, Lyndon B. Johnson Space Center",Public domain,,3280,4928,https://commons.wikimedia.org/wiki/File:ISS047-E-56826_-_View_of_Earth.jpg,https://thumb.wikimedia.org/wikipedia/commons/thumb/9/99/ISS047-E-56826_-_View_of_Earth.jpg/330px-ISS047-E-56826_-_View_of_Earth.jpg?utm_source=commons.wikimedia.org&utm_campaign=imageinfo&utm_content=thumbnail
no,0df672c5-8c69-4628-a8f1-20e00cde3c40,Рыбацкая деревня,base,File:Пляж - panoramio - Anton Yefimov (1).jpg,0.81,nearby,Anton Yefimov,CC BY 3.0,https://creativecommons.org/licenses/by/3.0,2048,1536,https://commons.wikimedia.org/wiki/File:%D0%9F%D0%BB%D1%8F%D0%B6_-_panoramio_-_Anton_Yefimov_(1).jpg,https://thumb.wikimedia.org/wikipedia/commons/thumb/7/7f/%D0%9F%D0%BB%D1%8F%D0%B6_-_panoramio_-_Anton_Yefimov_%281%29.jpg/330px-%D0%9F%D0%BB%D1%8F%D0%B6_-_panoramio_-_Anton_Yefimov_%281%29.jpg?utm_source=commons.wikimedia.org&utm_campaign=imageinfo&utm_content=thumbnail
no,0df672c5-8c69-4628-a8f1-20e00cde3c40,Рыбацкая деревня,base,File:Пляж - panoramio - Anton Yefimov.jpg,0.70,nearby,Anton Yefimov,CC BY 3.0,https://creativecommons.org/licenses/by/3.0,2048,1536,https://commons.wikimedia.org/wiki/File:%D0%9F%D0%BB%D1%8F%D0%B6_-_panoramio_-_Anton_Yefimov.jpg,https://thumb.wikimedia.org/wikipedia/commons/thumb/e/e1/%D0%9F%D0%BB%D1%8F%D0%B6_-_panoramio_-_Anton_Yefimov.jpg/330px-%D0%9F%D0%BB%D1%8F%D0%B6_-_panoramio_-_Anton_Yefimov.jpg?utm_source=commons.wikimedia.org&utm_campaign=imageinfo&utm_content=thumbnail
no,0df672c5-8c69-4628-a8f1-20e00cde3c40,Рыбацкая деревня,base,File:ЗО Наргиз - panoramio (1).jpg,0.63,nearby,ElSoft,CC BY 3.0,https://creativecommons.org/licenses/by/3.0,3264,2448,https://commons.wikimedia.org/wiki/File:%D0%97%D0%9E_%D0%9D%D0%B0%D1%80%D0%B3%D0%B8%D0%B7_-_panoramio_(1).jpg,https://thumb.wikimedia.org/wikipedia/commons/thumb/d/db/%D0%97%D0%9E_%D0%9D%D0%B0%D1%80%D0%B3%D0%B8%D0%B7_-_panoramio_%281%29.jpg/330px-%D0%97%D0%9E_%D0%9D%D0%B0%D1%80%D0%B3%D0%B8%D0%B7_-_panoramio_%281%29.jpg?utm_source=commons.wikimedia.org&utm_campaign=imageinfo&utm_content=thumbnail
no,0df672c5-8c69-4628-a8f1-20e00cde3c40,Рыбацкая деревня,base,File:ЗО Наргиз - panoramio (2).jpg,0.63,nearby,ElSoft,CC BY 3.0,https://creativecommons.org/licenses/by/3.0,3264,2448,https://commons.wikimedia.org/wiki/File:%D0%97%D0%9E_%D0%9D%D0%B0%D1%80%D0%B3%D0%B8%D0%B7_-_panoramio_(2).jpg,https://thumb.wikimedia.org/wikipedia/commons/thumb/d/d3/%D0%97%D0%9E_%D0%9D%D0%B0%D1%80%D0%B3%D0%B8%D0%B7_-_panoramio_%282%29.jpg/330px-%D0%97%D0%9E_%D0%9D%D0%B0%D1%80%D0%B3%D0%B8%D0%B7_-_panoramio_%282%29.jpg?utm_source=commons.wikimedia.org&utm_campaign=imageinfo&utm_content=thumbnail
no,0df672c5-8c69-4628-a8f1-20e00cde3c40,Рыбацкая деревня,base,File:ЗО Наргиз - panoramio.jpg,0.62,nearby,ElSoft,CC BY 3.0,https://creativecommons.org/licenses/by/3.0,3264,2448,https://commons.wikimedia.org/wiki/File:%D0%97%D0%9E_%D0%9D%D0%B0%D1%80%D0%B3%D0%B8%D0%B7_-_panoramio.jpg,https://thumb.wikimedia.org/wikipedia/commons/thumb/7/78/%D0%97%D0%9E_%D0%9D%D0%B0%D1%80%D0%B3%D0%B8%D0%B7_-_panoramio.jpg/330px-%D0%97%D0%9E_%D0%9D%D0%B0%D1%80%D0%B3%D0%B8%D0%B7_-_panoramio.jpg?utm_source=commons.wikimedia.org&utm_campaign=imageinfo&utm_content=thumbnail
no,0df672c5-8c69-4628-a8f1-20e00cde3c40,Рыбацкая деревня,base,File:ЗО Наргиз - panoramio (3).jpg,0.62,nearby,ElSoft,CC BY 3.0,https://creativecommons.org/licenses/by/3.0,3264,2448,https://commons.wikimedia.org/wiki/File:%D0%97%D0%9E_%D0%9D%D0%B0%D1%80%D0%B3%D0%B8%D0%B7_-_panoramio_(3).jpg,https://thumb.wikimedia.org/wikipedia/commons/thumb/7/79/%D0%97%D0%9E_%D0%9D%D0%B0%D1%80%D0%B3%D0%B8%D0%B7_-_panoramio_%283%29.jpg/330px-%D0%97%D0%9E_%D0%9D%D0%B0%D1%80%D0%B3%D0%B8%D0%B7_-_panoramio_%283%29.jpg?utm_source=commons.wikimedia.org&utm_campaign=imageinfo&utm_content=thumbnail
no,0df672c5-8c69-4628-a8f1-20e00cde3c40,Рыбацкая деревня,base,File:Капчагайское водохранилище - panoramio.jpg,0.58,nearby,Anton Yefimov,CC BY 3.0,https://creativecommons.org/licenses/by/3.0,2048,1536,https://commons.wikimedia.org/wiki/File:%D0%9A%D0%B0%D0%BF%D1%87%D0%B0%D0%B3%D0%B0%D0%B9%D1%81%D0%BA%D0%BE%D0%B5_%D0%B2%D0%BE%D0%B4%D0%BE%D1%85%D1%80%D0%B0%D0%BD%D0%B8%D0%BB%D0%B8%D1%89%D0%B5_-_panoramio.jpg,https://thumb.wikimedia.org/wikipedia/commons/thumb/c/cf/%D0%9A%D0%B0%D0%BF%D1%87%D0%B0%D0%B3%D0%B0%D0%B9%D1%81%D0%BA%D0%BE%D0%B5_%D0%B2%D0%BE%D0%B4%D0%BE%D1%85%D1%80%D0%B0%D0%BD%D0%B8%D0%BB%D0%B8%D1%89%D0%B5_-_panoramio.jpg/330px-%D0%9A%D0%B0%D0%BF%D1%87%D0%B0%D0%B3%D0%B0%D0%B9%D1%81%D0%BA%D0%BE%D0%B5_%D0%B2%D0%BE%D0%B4%D0%BE%D1%85%D1%80%D0%B0%D0%BD%D0%B8%D0%BB%D0%B8%D1%89%D0%B5_-_panoramio.jpg?utm_source=commons.wikimedia.org&utm_campaign=imageinfo&utm_content=thumbnail
no,0df672c5-8c69-4628-a8f1-20e00cde3c40,Рыбацкая деревня,base,File:Пляж - panoramio - Anton Yefimov (2).jpg,0.51,nearby,Anton Yefimov,CC BY 3.0,https://creativecommons.org/licenses/by/3.0,2048,1536,https://commons.wikimedia.org/wiki/File:%D0%9F%D0%BB%D1%8F%D0%B6_-_panoramio_-_Anton_Yefimov_(2).jpg,https://thumb.wikimedia.org/wikipedia/commons/thumb/9/9c/%D0%9F%D0%BB%D1%8F%D0%B6_-_panoramio_-_Anton_Yefimov_%282%29.jpg/330px-%D0%9F%D0%BB%D1%8F%D0%B6_-_panoramio_-_Anton_Yefimov_%282%29.jpg?utm_source=commons.wikimedia.org&utm_campaign=imageinfo&utm_content=thumbnail
no,4a452973-fc72-496b-af2d-8b10377d03a6,Алма-Арасан,spring,File:Алма-Арасан сверху зимой (12).jpg,2.31,"nearby, name",Nikolai Bulykin,CC BY-SA 4.0,https://creativecommons.org/licenses/by-sa/4.0,5280,3956,https://commons.wikimedia.org/wiki/File:%D0%90%D0%BB%D0%BC%D0%B0-%D0%90%D1%80%D0%B0%D1%81%D0%B0%D0%BD_%D1%81%D0%B2%D0%B5%D1%80%D1%85%D1%83_%D0%B7%D0%B8%D0%BC%D0%BE%D0%B9_(12).jpg,https://thumb.wikimedia.org/wikipedia/commons/thumb/e/e3/%D0%90%D0%BB%D0%BC%D0%B0-%D0%90%D1%80%D0%B0%D1%81%D0%B0%D0%BD_%D1%81%D0%B2%D0%B5%D1%80%D1%85%D1%83_%D0%B7%D0%B8%D0%BC%D0%BE%D0%B9_%2812%29.jpg/330px-%D0%90%D0%BB%D0%BC%D0%B0-%D0%90%D1%80%D0%B0%D1%81%D0%B0%D0%BD_%D1%81%D0%B2%D0%B5%D1%80%D1%85%D1%83_%D0%B7%D0%B8%D0%BC%D0%BE%D0%B9_%2812%29.jpg?utm_source=commons.wikimedia.org&utm_campaign=imageinfo&utm_content=thumbnail
no,4a452973-fc72-496b-af2d-8b10377d03a6,Алма-Арасан,spring,"File:Алма-Арасан, сферопанорама зимой (1).jpg",2.30,"nearby, name",Nikolai Bulykin,CC BY-SA 4.0,https://creativecommons.org/licenses/by-sa/4.0,14400,7200,"https://commons.wikimedia.org/wiki/File:%D0%90%D0%BB%D0%BC%D0%B0-%D0%90%D1%80%D0%B0%D1%81%D0%B0%D0%BD,_%D1%81%D1%84%D0%B5%D1%80%D0%BE%D0%BF%D0%B0%D0%BD%D0%BE%D1%80%D0%B0%D0%BC%D0%B0_%D0%B7%D0%B8%D0%BC%D0%BE%D0%B9_(1).jpg",https://thumb.wikimedia.org/wikipedia/commons/thumb/3/3a/%D0%90%D0%BB%D0%BC%D0%B0-%D0%90%D1%80%D0%B0%D1%81%D0%B0%D0%BD%2C_%D1%81%D1%84%D0%B5%D1%80%D0%BE%D0%BF%D0%B0%D0%BD%D0%BE%D1%80%D0%B0%D0%BC%D0%B0_%D0%B7%D0%B8%D0%BC%D0%BE%D0%B9_%281%29.jpg/330px-%D0%90%D0%BB%D0%BC%D0%B0-%D0%90%D1%80%D0%B0%D1%81%D0%B0%D0%BD%2C_%D1%81%D1%84%D0%B5%D1%80%D0%BE%D0%BF%D0%B0%D0%BD%D0%BE%D1%80%D0%B0%D0%BC%D0%B0_%D0%B7%D0%B8%D0%BC%D0%BE%D0%B9_%281%29.jpg?utm_source=commons.wikimedia.org&utm_campaign=imageinfo&utm_content=thumbnail
1,4a452973-fc72-496b-af2d-8b10377d03a6,Алма-Арасан,spring,File:Алма-Арасан сверху зимой (3).jpg,2.30,"nearby, name",Nikolai Bulykin,CC BY-SA 4.0,https://creativecommons.org/licenses/by-sa/4.0,5280,3956,https://commons.wikimedia.org/wiki/File:%D0%90%D0%BB%D0%BC%D0%B0-%D0%90%D1%80%D0%B0%D1%81%D0%B0%D0%BD_%D1%81%D0%B2%D0%B5%D1%80%D1%85%D1%83_%D0%B7%D0%B8%D0%BC%D0%BE%D0%B9_(3).jpg,https://thumb.wikimedia.org/wikipedia/commons/thumb/d/d9/%D0%90%D0%BB%D0%BC%D0%B0-%D0%90%D1%80%D0%B0%D1%81%D0%B0%D0%BD_%D1%81%D0%B2%D0%B5%D1%80%D1%85%D1%83_%D0%B7%D0%B8%D0%BC%D0%BE%D0%B9_%283%29.jpg/330px-%D0%90%D0%BB%D0%BC%D0%B0-%D0%90%D1%80%D0%B0%D1%81%D0%B0%D0%BD_%D1%81%D0%B2%D0%B5%D1%80%D1%85%D1%83_%D0%B7%D0%B8%D0%BC%D0%BE%D0%B9_%283%29.jpg?utm_source=commons.wikimedia.org&utm_campaign=imageinfo&utm_content=thumbnail
2,4a452973-fc72-496b-af2d-8b10377d03a6,Алма-Арасан,spring,File:Алма-Арасан сверху зимой (1).jpg,2.30,"nearby, name",Nikolai Bulykin,CC BY-SA 4.0,https://creativecommons.org/licenses/by-sa/4.0,5280,3956,https://commons.wikimedia.org/wiki/File:%D0%90%D0%BB%D0%BC%D0%B0-%D0%90%D1%80%D0%B0%D1%81%D0%B0%D0%BD_%D1%81%D0%B2%D0%B5%D1%80%D1%85%D1%83_%D0%B7%D0%B8%D0%BC%D0%BE%D0%B9_(1).jpg,https://thumb.wikimedia.org/wikipedia/commons/thumb/f/fd/%D0%90%D0%BB%D0%BC%D0%B0-%D0%90%D1%80%D0%B0%D1%81%D0%B0%D0%BD_%D1%81%D0%B2%D0%B5%D1%80%D1%85%D1%83_%D0%B7%D0%B8%D0%BC%D0%BE%D0%B9_%281%29.jpg/330px-%D0%90%D0%BB%D0%BC%D0%B0-%D0%90%D1%80%D0%B0%D1%81%D0%B0%D0%BD_%D1%81%D0%B2%D0%B5%D1%80%D1%85%D1%83_%D0%B7%D0%B8%D0%BC%D0%BE%D0%B9_%281%29.jpg?utm_source=commons.wikimedia.org&utm_campaign=imageinfo&utm_content=thumbnail
no,4a452973-fc72-496b-af2d-8b10377d03a6,Алма-Арасан,spring,File:Алма-Арасан сверху зимой (2).jpg,2.30,"nearby, name",Nikolai Bulykin,CC BY-SA 4.0,https://creativecommons.org/licenses/by-sa/4.0,5280,3956,https://commons.wikimedia.org/wiki/File:%D0%90%D0%BB%D0%BC%D0%B0-%D0%90%D1%80%D0%B0%D1%81%D0%B0%D0%BD_%D1%81%D0%B2%D0%B5%D1%80%D1%85%D1%83_%D0%B7%D0%B8%D0%BC%D0%BE%D0%B9_(2).jpg,https://thumb.wikimedia.org/wikipedia/commons/thumb/e/ee/%D0%90%D0%BB%D0%BC%D0%B0-%D0%90%D1%80%D0%B0%D1%81%D0%B0%D0%BD_%D1%81%D0%B2%D0%B5%D1%80%D1%85%D1%83_%D0%B7%D0%B8%D0%BC%D0%BE%D0%B9_%282%29.jpg/330px-%D0%90%D0%BB%D0%BC%D0%B0-%D0%90%D1%80%D0%B0%D1%81%D0%B0%D0%BD_%D1%81%D0%B2%D0%B5%D1%80%D1%85%D1%83_%D0%B7%D0%B8%D0%BC%D0%BE%D0%B9_%282%29.jpg?utm_source=commons.wikimedia.org&utm_campaign=imageinfo&utm_content=thumbnail
no,4a452973-fc72-496b-af2d-8b10377d03a6,Алма-Арасан,spring,File:20250321 123901 весна в горах.jpg,0.80,nearby,Сенька 74,CC BY-SA 4.0,https://creativecommons.org/licenses/by-sa/4.0,2992,2992,https://commons.wikimedia.org/wiki/File:20250321_123901_%D0%B2%D0%B5%D1%81%D0%BD%D0%B0_%D0%B2_%D0%B3%D0%BE%D1%80%D0%B0%D1%85.jpg,https://thumb.wikimedia.org/wikipedia/commons/thumb/0/01/20250321_123901_%D0%B2%D0%B5%D1%81%D0%BD%D0%B0_%D0%B2_%D0%B3%D0%BE%D1%80%D0%B0%D1%85.jpg/330px-20250321_123901_%D0%B2%D0%B5%D1%81%D0%BD%D0%B0_%D0%B2_%D0%B3%D0%BE%D1%80%D0%B0%D1%85.jpg?utm_source=commons.wikimedia.org&utm_campaign=imageinfo&utm_content=thumbnail
no,4a452973-fc72-496b-af2d-8b10377d03a6,Алма-Арасан,spring,"File:20250321 124111 Казахстан, горное ущелье.jpg",0.79,nearby,Сенька 74,CC BY-SA 4.0,https://creativecommons.org/licenses/by-sa/4.0,2992,2992,"https://commons.wikimedia.org/wiki/File:20250321_124111_%D0%9A%D0%B0%D0%B7%D0%B0%D1%85%D1%81%D1%82%D0%B0%D0%BD,_%D0%B3%D0%BE%D1%80%D0%BD%D0%BE%D0%B5_%D1%83%D1%89%D0%B5%D0%BB%D1%8C%D0%B5.jpg",https://thumb.wikimedia.org/wikipedia/commons/thumb/f/f4/20250321_124111_%D0%9A%D0%B0%D0%B7%D0%B0%D1%85%D1%81%D1%82%D0%B0%D0%BD%2C_%D0%B3%D0%BE%D1%80%D0%BD%D0%BE%D0%B5_%D1%83%D1%89%D0%B5%D0%BB%D1%8C%D0%B5.jpg/330px-20250321_124111_%D0%9A%D0%B0%D0%B7%D0%B0%D1%85%D1%81%D1%82%D0%B0%D0%BD%2C_%D0%B3%D0%BE%D1%80%D0%BD%D0%BE%D0%B5_%D1%83%D1%89%D0%B5%D0%BB%D1%8C%D0%B5.jpg?utm_source=commons.wikimedia.org&utm_campaign=imageinfo&utm_content=thumbnail
no,4a452973-fc72-496b-af2d-8b10377d03a6,Алма-Арасан,spring,File:Almaty (3) (29776682773).jpg,0.67,nearby,"Martin de Lusenet from Heemskerk, Netherlands",CC BY 2.0,https://creativecommons.org/licenses/by/2.0,5270,3648,https://commons.wikimedia.org/wiki/File:Almaty_(3)_(29776682773).jpg,https://thumb.wikimedia.org/wikipedia/commons/thumb/5/51/Almaty_%283%29_%2829776682773%29.jpg/330px-Almaty_%283%29_%2829776682773%29.jpg?utm_source=commons.wikimedia.org&utm_campaign=imageinfo&utm_content=thumbnail
no,4a452973-fc72-496b-af2d-8b10377d03a6,Алма-Арасан,spring,File:20250321 123145 на склонах гор.jpg,0.58,nearby,Сенька 74,CC BY-SA 4.0,https://creativecommons.org/licenses/by-sa/4.0,2992,2992,https://commons.wikimedia.org/wiki/File:20250321_123145_%D0%BD%D0%B0_%D1%81%D0%BA%D0%BB%D0%BE%D0%BD%D0%B0%D1%85_%D0%B3%D0%BE%D1%80.jpg,https://thumb.wikimedia.org/wikipedia/commons/thumb/0/00/20250321_123145_%D0%BD%D0%B0_%D1%81%D0%BA%D0%BB%D0%BE%D0%BD%D0%B0%D1%85_%D0%B3%D0%BE%D1%80.jpg/330px-20250321_123145_%D0%BD%D0%B0_%D1%81%D0%BA%D0%BB%D0%BE%D0%BD%D0%B0%D1%85_%D0%B3%D0%BE%D1%80.jpg?utm_source=commons.wikimedia.org&utm_campaign=imageinfo&utm_content=thumbnail
no,4a452973-fc72-496b-af2d-8b10377d03a6,Алма-Арасан,spring,File:20250321 123141 и скоро снег сойдёт.jpg,0.58,nearby,Сенька 74,CC BY-SA 4.0,https://creativecommons.org/licenses/by-sa/4.0,2992,2992,https://commons.wikimedia.org/wiki/File:20250321_123141_%D0%B8_%D1%81%D0%BA%D0%BE%D1%80%D0%BE_%D1%81%D0%BD%D0%B5%D0%B3_%D1%81%D0%BE%D0%B9%D0%B4%D1%91%D1%82.jpg,https://thumb.wikimedia.org/wikipedia/commons/thumb/2/23/20250321_123141_%D0%B8_%D1%81%D0%BA%D0%BE%D1%80%D0%BE_%D1%81%D0%BD%D0%B5%D0%B3_%D1%81%D0%BE%D0%B9%D0%B4%D1%91%D1%82.jpg/330px-20250321_123141_%D0%B8_%D1%81%D0%BA%D0%BE%D1%80%D0%BE_%D1%81%D0%BD%D0%B5%D0%B3_%D1%81%D0%BE%D0%B9%D0%B4%D1%91%D1%82.jpg?utm_source=commons.wikimedia.org&utm_campaign=imageinfo&utm_content=thumbnail
no,4a452973-fc72-496b-af2d-8b10377d03a6,Алма-Арасан,spring,"File:Turdus merula intermedius, Almaty, Kazakhstan 3.jpg",0.55,nearby,zerobias,CC0,http://creativecommons.org/publicdomain/zero/1.0/deed.en,2048,1365,"https://commons.wikimedia.org/wiki/File:Turdus_merula_intermedius,_Almaty,_Kazakhstan_3.jpg",https://thumb.wikimedia.org/wikipedia/commons/thumb/2/29/Turdus_merula_intermedius%2C_Almaty%2C_Kazakhstan_3.jpg/330px-Turdus_merula_intermedius%2C_Almaty%2C_Kazakhstan_3.jpg?utm_source=commons.wikimedia.org&utm_campaign=imageinfo&utm_content=thumbnail
no,0f222687-83e7-4302-a43a-9b0a9b6f985b,Каскелен,spring,File:Aksay (tributary of Kaskelen).jpg,0.84,nearby,Carpodacus,CC BY-SA 4.0,https://creativecommons.org/licenses/by-sa/4.0,2448,3264,https://commons.wikimedia.org/wiki/File:Aksay_(tributary_of_Kaskelen).jpg,https://thumb.wikimedia.org/wikipedia/commons/thumb/a/ac/Aksay_%28tributary_of_Kaskelen%29.jpg/330px-Aksay_%28tributary_of_Kaskelen%29.jpg?utm_source=commons.wikimedia.org&utm_campaign=imageinfo&utm_content=thumbnail
no,d3c0bd94-3c49-4632-bcea-dc2a4dadc58d,Кокбастау,spring,File:Road to Talgar.jpg,0.67,nearby,Rogiven,CC BY-SA 4.0,https://creativecommons.org/licenses/by-sa/4.0,3024,4032,https://commons.wikimedia.org/wiki/File:Road_to_Talgar.jpg,https://thumb.wikimedia.org/wikipedia/commons/thumb/e/e7/Road_to_Talgar.jpg/330px-Road_to_Talgar.jpg?utm_source=commons.wikimedia.org&utm_campaign=imageinfo&utm_content=thumbnail
no,d3c0bd94-3c49-4632-bcea-dc2a4dadc58d,Кокбастау,spring,File:Butakovsky pass.jpg,0.67,nearby,Rogiven,CC BY-SA 4.0,https://creativecommons.org/licenses/by-sa/4.0,3024,4032,https://commons.wikimedia.org/wiki/File:Butakovsky_pass.jpg,https://thumb.wikimedia.org/wikipedia/commons/thumb/8/8f/Butakovsky_pass.jpg/330px-Butakovsky_pass.jpg?utm_source=commons.wikimedia.org&utm_campaign=imageinfo&utm_content=thumbnail
no,d3c0bd94-3c49-4632-bcea-dc2a4dadc58d,Кокбастау,spring,File:Flower hill.jpg,0.67,nearby,Rogiven,CC BY-SA 4.0,https://creativecommons.org/licenses/by-sa/4.0,4032,3024,https://commons.wikimedia.org/wiki/File:Flower_hill.jpg,https://thumb.wikimedia.org/wikipedia/commons/thumb/c/cb/Flower_hill.jpg/330px-Flower_hill.jpg?utm_source=commons.wikimedia.org&utm_campaign=imageinfo&utm_content=thumbnail
no,d3c0bd94-3c49-4632-bcea-dc2a4dadc58d,Кокбастау,spring,File:Great Kazakh Mountains.jpg,0.67,nearby,Rogiven,CC BY-SA 4.0,https://creativecommons.org/licenses/by-sa/4.0,4032,3024,https://commons.wikimedia.org/wiki/File:Great_Kazakh_Mountains.jpg,https://thumb.wikimedia.org/wikipedia/commons/thumb/2/2f/Great_Kazakh_Mountains.jpg/330px-Great_Kazakh_Mountains.jpg?utm_source=commons.wikimedia.org&utm_campaign=imageinfo&utm_content=thumbnail
no,d3c0bd94-3c49-4632-bcea-dc2a4dadc58d,Кокбастау,spring,File:Summer snow.jpg,0.66,nearby,Rogiven,CC BY-SA 4.0,https://creativecommons.org/licenses/by-sa/4.0,4032,3024,https://commons.wikimedia.org/wiki/File:Summer_snow.jpg,https://thumb.wikimedia.org/wikipedia/commons/thumb/2/21/Summer_snow.jpg/330px-Summer_snow.jpg?utm_source=commons.wikimedia.org&utm_campaign=imageinfo&utm_content=thumbnail
no,a1415a37-9484-4ada-b337-f69c87b24dcb,Кумыс Тау,spring,"File:Ile-Alatau national park, May, 2018-1.jpg",0.74,nearby,Alexey Komarov,CC BY-SA 4.0,https://creativecommons.org/licenses/by-sa/4.0,5867,3911,"https://commons.wikimedia.org/wiki/File:Ile-Alatau_national_park,_May,_2018-1.jpg",https://thumb.wikimedia.org/wikipedia/commons/thumb/1/19/Ile-Alatau_national_park%2C_May%2C_2018-1.jpg/330px-Ile-Alatau_national_park%2C_May%2C_2018-1.jpg?utm_source=commons.wikimedia.org&utm_campaign=imageinfo&utm_content=thumbnail
no,a1415a37-9484-4ada-b337-f69c87b24dcb,Кумыс Тау,spring,"File:Ile-Alatau national park, May, 2018-2.jpg",0.67,nearby,Alexey Komarov,CC BY-SA 4.0,https://creativecommons.org/licenses/by-sa/4.0,5923,3949,"https://commons.wikimedia.org/wiki/File:Ile-Alatau_national_park,_May,_2018-2.jpg",https://thumb.wikimedia.org/wikipedia/commons/thumb/c/ce/Ile-Alatau_national_park%2C_May%2C_2018-2.jpg/330px-Ile-Alatau_national_park%2C_May%2C_2018-2.jpg?utm_source=commons.wikimedia.org&utm_campaign=imageinfo&utm_content=thumbnail
no,f97da09e-a0f7-46c9-8dc9-0f72710077eb,Кұрбатан бастауы,spring,File:1585а.jpg,0.62,nearby,Dmaslova888,CC BY-SA 4.0,https://creativecommons.org/licenses/by-sa/4.0,4160,3120,https://commons.wikimedia.org/wiki/File:1585%D0%B0.jpg,https://thumb.wikimedia.org/wikipedia/commons/thumb/9/9a/1585%D0%B0.jpg/330px-1585%D0%B0.jpg?utm_source=commons.wikimedia.org&utm_campaign=imageinfo&utm_content=thumbnail
no,45568c63-c9a9-4b42-86e9-b35d0d13f587,Олень,spring,"File:Bostandyk District, Almaty, Kazakhstan - panoramio (72).jpg",0.89,nearby,Anton Yefimov,CC BY 3.0,https://creativecommons.org/licenses/by/3.0,3264,2448,"https://commons.wikimedia.org/wiki/File:Bostandyk_District,_Almaty,_Kazakhstan_-_panoramio_(72).jpg",https://thumb.wikimedia.org/wikipedia/commons/thumb/9/9d/Bostandyk_District%2C_Almaty%2C_Kazakhstan_-_panoramio_%2872%29.jpg/330px-Bostandyk_District%2C_Almaty%2C_Kazakhstan_-_panoramio_%2872%29.jpg?utm_source=commons.wikimedia.org&utm_campaign=imageinfo&utm_content=thumbnail
no,45568c63-c9a9-4b42-86e9-b35d0d13f587,Олень,spring,"File:Bostandyk District, Almaty, Kazakhstan - panoramio (73).jpg",0.60,nearby,Anton Yefimov,CC BY 3.0,https://creativecommons.org/licenses/by/3.0,2448,3264,"https://commons.wikimedia.org/wiki/File:Bostandyk_District,_Almaty,_Kazakhstan_-_panoramio_(73).jpg",https://thumb.wikimedia.org/wikipedia/commons/thumb/8/8e/Bostandyk_District%2C_Almaty%2C_Kazakhstan_-_panoramio_%2873%29.jpg/330px-Bostandyk_District%2C_Almaty%2C_Kazakhstan_-_panoramio_%2873%29.jpg?utm_source=commons.wikimedia.org&utm_campaign=imageinfo&utm_content=thumbnail
1,14084485-615b-43a6-993b-761f39ecad83,Родник «Ведьмин ручей»,spring,"File:""Ведьмин ручей"" (поляна Терра).jpg",2.44,"nearby, name",Жасминовый Дракон,CC BY-SA 4.0,https://creativecommons.org/licenses/by-sa/4.0,4000,3000,https://commons.wikimedia.org/wiki/File:%22%D0%92%D0%B5%D0%B4%D1%8C%D0%BC%D0%B8%D0%BD_%D1%80%D1%83%D1%87%D0%B5%D0%B9%22_(%D0%BF%D0%BE%D0%BB%D1%8F%D0%BD%D0%B0_%D0%A2%D0%B5%D1%80%D1%80%D0%B0).jpg,https://thumb.wikimedia.org/wikipedia/commons/thumb/1/16/%22%D0%92%D0%B5%D0%B4%D1%8C%D0%BC%D0%B8%D0%BD_%D1%80%D1%83%D1%87%D0%B5%D0%B9%22_%28%D0%BF%D0%BE%D0%BB%D1%8F%D0%BD%D0%B0_%D0%A2%D0%B5%D1%80%D1%80%D0%B0%29.jpg/330px-%22%D0%92%D0%B5%D0%B4%D1%8C%D0%BC%D0%B8%D0%BD_%D1%80%D1%83%D1%87%D0%B5%D0%B9%22_%28%D0%BF%D0%BE%D0%BB%D1%8F%D0%BD%D0%B0_%D0%A2%D0%B5%D1%80%D1%80%D0%B0%29.jpg?utm_source=commons.wikimedia.org&utm_campaign=imageinfo&utm_content=thumbnail
no,14084485-615b-43a6-993b-761f39ecad83,Родник «Ведьмин ручей»,spring,File:К реке наклонилась ёлочка... (поляна Терра).jpg,0.94,nearby,Жасминовый Дракон,CC BY-SA 4.0,https://creativecommons.org/licenses/by-sa/4.0,4000,3000,https://commons.wikimedia.org/wiki/File:%D0%9A_%D1%80%D0%B5%D0%BA%D0%B5_%D0%BD%D0%B0%D0%BA%D0%BB%D0%BE%D0%BD%D0%B8%D0%BB%D0%B0%D1%81%D1%8C_%D1%91%D0%BB%D0%BE%D1%87%D0%BA%D0%B0..._(%D0%BF%D0%BE%D0%BB%D1%8F%D0%BD%D0%B0_%D0%A2%D0%B5%D1%80%D1%80%D0%B0).jpg,https://thumb.wikimedia.org/wikipedia/commons/thumb/a/a0/%D0%9A_%D1%80%D0%B5%D0%BA%D0%B5_%D0%BD%D0%B0%D0%BA%D0%BB%D0%BE%D0%BD%D0%B8%D0%BB%D0%B0%D1%81%D1%8C_%D1%91%D0%BB%D0%BE%D1%87%D0%BA%D0%B0..._%28%D0%BF%D0%BE%D0%BB%D1%8F%D0%BD%D0%B0_%D0%A2%D0%B5%D1%80%D1%80%D0%B0%29.jpg/330px-%D0%9A_%D1%80%D0%B5%D0%BA%D0%B5_%D0%BD%D0%B0%D0%BA%D0%BB%D0%BE%D0%BD%D0%B8%D0%BB%D0%B0%D1%81%D1%8C_%D1%91%D0%BB%D0%BE%D1%87%D0%BA%D0%B0..._%28%D0%BF%D0%BE%D0%BB%D1%8F%D0%BD%D0%B0_%D0%A2%D0%B5%D1%80%D1%80%D0%B0%29.jpg?utm_source=commons.wikimedia.org&utm_campaign=imageinfo&utm_content=thumbnail
no,14084485-615b-43a6-993b-761f39ecad83,Родник «Ведьмин ручей»,spring,File:Ель-взлетающая (на тропе у поляны Терра).jpg,0.91,nearby,Жасминовый Дракон,CC BY-SA 4.0,https://creativecommons.org/licenses/by-sa/4.0,3000,4000,https://commons.wikimedia.org/wiki/File:%D0%95%D0%BB%D1%8C-%D0%B2%D0%B7%D0%BB%D0%B5%D1%82%D0%B0%D1%8E%D1%89%D0%B0%D1%8F_(%D0%BD%D0%B0_%D1%82%D1%80%D0%BE%D0%BF%D0%B5_%D1%83_%D0%BF%D0%BE%D0%BB%D1%8F%D0%BD%D1%8B_%D0%A2%D0%B5%D1%80%D1%80%D0%B0).jpg,https://thumb.wikimedia.org/wikipedia/commons/thumb/9/9e/%D0%95%D0%BB%D1%8C-%D0%B2%D0%B7%D0%BB%D0%B5%D1%82%D0%B0%D1%8E%D1%89%D0%B0%D1%8F_%28%D0%BD%D0%B0_%D1%82%D1%80%D0%BE%D0%BF%D0%B5_%D1%83_%D0%BF%D0%BE%D0%BB%D1%8F%D0%BD%D1%8B_%D0%A2%D0%B5%D1%80%D1%80%D0%B0%29.jpg/330px-%D0%95%D0%BB%D1%8C-%D0%B2%D0%B7%D0%BB%D0%B5%D1%82%D0%B0%D1%8E%D1%89%D0%B0%D1%8F_%28%D0%BD%D0%B0_%D1%82%D1%80%D0%BE%D0%BF%D0%B5_%D1%83_%D0%BF%D0%BE%D0%BB%D1%8F%D0%BD%D1%8B_%D0%A2%D0%B5%D1%80%D1%80%D0%B0%29.jpg?utm_source=commons.wikimedia.org&utm_campaign=imageinfo&utm_content=thumbnail
no,14084485-615b-43a6-993b-761f39ecad83,Родник «Ведьмин ручей»,spring,File:Сурка видишь? А он есть! ( на поляне Терра).jpg,0.90,nearby,Жасминовый Дракон,CC BY-SA 4.0,https://creativecommons.org/licenses/by-sa/4.0,4000,3000,https://commons.wikimedia.org/wiki/File:%D0%A1%D1%83%D1%80%D0%BA%D0%B0_%D0%B2%D0%B8%D0%B4%D0%B8%D1%88%D1%8C%3F_%D0%90_%D0%BE%D0%BD_%D0%B5%D1%81%D1%82%D1%8C!_(_%D0%BD%D0%B0_%D0%BF%D0%BE%D0%BB%D1%8F%D0%BD%D0%B5_%D0%A2%D0%B5%D1%80%D1%80%D0%B0).jpg,https://thumb.wikimedia.org/wikipedia/commons/thumb/4/47/%D0%A1%D1%83%D1%80%D0%BA%D0%B0_%D0%B2%D0%B8%D0%B4%D0%B8%D1%88%D1%8C%3F_%D0%90_%D0%BE%D0%BD_%D0%B5%D1%81%D1%82%D1%8C%21_%28_%D0%BD%D0%B0_%D0%BF%D0%BE%D0%BB%D1%8F%D0%BD%D0%B5_%D0%A2%D0%B5%D1%80%D1%80%D0%B0%29.jpg/330px-%D0%A1%D1%83%D1%80%D0%BA%D0%B0_%D0%B2%D0%B8%D0%B4%D0%B8%D1%88%D1%8C%3F_%D0%90_%D0%BE%D0%BD_%D0%B5%D1%81%D1%82%D1%8C%21_%28_%D0%BD%D0%B0_%D0%BF%D0%BE%D0%BB%D1%8F%D0%BD%D0%B5_%D0%A2%D0%B5%D1%80%D1%80%D0%B0%29.jpg?utm_source=commons.wikimedia.org&utm_campaign=imageinfo&utm_content=thumbnail
no,14084485-615b-43a6-993b-761f39ecad83,Родник «Ведьмин ручей»,spring,File:Над ущельем плывут облака... ( вид с поляны Терра в сторону города).jpg,0.76,nearby,Жасминовый Дракон,CC BY-SA 4.0,https://creativecommons.org/licenses/by-sa/4.0,4000,3000,https://commons.wikimedia.org/wiki/File:%D0%9D%D0%B0%D0%B4_%D1%83%D1%89%D0%B5%D0%BB%D1%8C%D0%B5%D0%BC_%D0%BF%D0%BB%D1%8B%D0%B2%D1%83%D1%82_%D0%BE%D0%B1%D0%BB%D0%B0%D0%BA%D0%B0..._(_%D0%B2%D0%B8%D0%B4_%D1%81_%D0%BF%D0%BE%D0%BB%D1%8F%D0%BD%D1%8B_%D0%A2%D0%B5%D1%80%D1%80%D0%B0_%D0%B2_%D1%81%D1%82%D0%BE%D1%80%D0%BE%D0%BD%D1%83_%D0%B3%D0%BE%D1%80%D0%BE%D0%B4%D0%B0).jpg,https://thumb.wikimedia.org/wikipedia/commons/thumb/9/96/%D0%9D%D0%B0%D0%B4_%D1%83%D1%89%D0%B5%D0%BB%D1%8C%D0%B5%D0%BC_%D0%BF%D0%BB%D1%8B%D0%B2%D1%83%D1%82_%D0%BE%D0%B1%D0%BB%D0%B0%D0%BA%D0%B0..._%28_%D0%B2%D0%B8%D0%B4_%D1%81_%D0%BF%D0%BE%D0%BB%D1%8F%D0%BD%D1%8B_%D0%A2%D0%B5%D1%80%D1%80%D0%B0_%D0%B2_%D1%81%D1%82%D0%BE%D1%80%D0%BE%D0%BD%D1%83_%D0%B3%D0%BE%D1%80%D0%BE%D0%B4%D0%B0%29.jpg/330px-%D0%9D%D0%B0%D0%B4_%D1%83%D1%89%D0%B5%D0%BB%D1%8C%D0%B5%D0%BC_%D0%BF%D0%BB%D1%8B%D0%B2%D1%83%D1%82_%D0%BE%D0%B1%D0%BB%D0%B0%D0%BA%D0%B0..._%28_%D0%B2%D0%B8%D0%B4_%D1%81_%D0%BF%D0%BE%D0%BB%D1%8F%D0%BD%D1%8B_%D0%A2%D0%B5%D1%80%D1%80%D0%B0_%D0%B2_%D1%81%D1%82%D0%BE%D1%80%D0%BE%D0%BD%D1%83_%D0%B3%D0%BE%D1%80%D0%BE%D0%B4%D0%B0%29.jpg?utm_source=commons.wikimedia.org&utm_campaign=imageinfo&utm_content=thumbnail
no,14084485-615b-43a6-993b-761f39ecad83,Родник «Ведьмин ручей»,spring,"File:""Каменные хранители"" поляны Терра.jpg",0.74,nearby,Жасминовый Дракон,CC BY-SA 4.0,https://creativecommons.org/licenses/by-sa/4.0,2992,4000,https://commons.wikimedia.org/wiki/File:%22%D0%9A%D0%B0%D0%BC%D0%B5%D0%BD%D0%BD%D1%8B%D0%B5_%D1%85%D1%80%D0%B0%D0%BD%D0%B8%D1%82%D0%B5%D0%BB%D0%B8%22_%D0%BF%D0%BE%D0%BB%D1%8F%D0%BD%D1%8B_%D0%A2%D0%B5%D1%80%D1%80%D0%B0.jpg,https://thumb.wikimedia.org/wikipedia/commons/thumb/8/8a/%22%D0%9A%D0%B0%D0%BC%D0%B5%D0%BD%D0%BD%D1%8B%D0%B5_%D1%85%D1%80%D0%B0%D0%BD%D0%B8%D1%82%D0%B5%D0%BB%D0%B8%22_%D0%BF%D0%BE%D0%BB%D1%8F%D0%BD%D1%8B_%D0%A2%D0%B5%D1%80%D1%80%D0%B0.jpg/330px-%22%D0%9A%D0%B0%D0%BC%D0%B5%D0%BD%D0%BD%D1%8B%D0%B5_%D1%85%D1%80%D0%B0%D0%BD%D0%B8%D1%82%D0%B5%D0%BB%D0%B8%22_%D0%BF%D0%BE%D0%BB%D1%8F%D0%BD%D1%8B_%D0%A2%D0%B5%D1%80%D1%80%D0%B0.jpg?utm_source=commons.wikimedia.org&utm_campaign=imageinfo&utm_content=thumbnail
no,c295a6e8-90d9-4b1b-91df-574bff3e0d8c,Родник Шокана Валиханова,spring,File:Толай.jpg,0.95,nearby,Avustfel,CC BY-SA 4.0,https://creativecommons.org/licenses/by-sa/4.0,4276,3207,https://commons.wikimedia.org/wiki/File:%D0%A2%D0%BE%D0%BB%D0%B0%D0%B9.jpg,https://thumb.wikimedia.org/wikipedia/commons/thumb/2/27/%D0%A2%D0%BE%D0%BB%D0%B0%D0%B9.jpg/330px-%D0%A2%D0%BE%D0%BB%D0%B0%D0%B9.jpg?utm_source=commons.wikimedia.org&utm_campaign=imageinfo&utm_content=thumbnail
no,a579bfe3-fda7-4295-86fe-7f58cb7ec9ce,Радоновый источник,spring,"File:Кордон Косбастау, тентирия.jpg",0.70,nearby,Nikolai Bulykin,CC BY-SA 4.0,https://creativecommons.org/licenses/by-sa/4.0,2375,2375,"https://commons.wikimedia.org/wiki/File:%D0%9A%D0%BE%D1%80%D0%B4%D0%BE%D0%BD_%D0%9A%D0%BE%D1%81%D0%B1%D0%B0%D1%81%D1%82%D0%B0%D1%83,_%D1%82%D0%B5%D0%BD%D1%82%D0%B8%D1%80%D0%B8%D1%8F.jpg",https://thumb.wikimedia.org/wikipedia/commons/thumb/2/2b/%D0%9A%D0%BE%D1%80%D0%B4%D0%BE%D0%BD_%D0%9A%D0%BE%D1%81%D0%B1%D0%B0%D1%81%D1%82%D0%B0%D1%83%2C_%D1%82%D0%B5%D0%BD%D1%82%D0%B8%D1%80%D0%B8%D1%8F.jpg/330px-%D0%9A%D0%BE%D1%80%D0%B4%D0%BE%D0%BD_%D0%9A%D0%BE%D1%81%D0%B1%D0%B0%D1%81%D1%82%D0%B0%D1%83%2C_%D1%82%D0%B5%D0%BD%D1%82%D0%B8%D1%80%D0%B8%D1%8F.jpg?utm_source=commons.wikimedia.org&utm_campaign=imageinfo&utm_content=thumbnail
no,a579bfe3-fda7-4295-86fe-7f58cb7ec9ce,Радоновый источник,spring,File:Туранговое озеро.jpg,0.66,nearby,Alua Ku,CC BY-SA 4.0,https://creativecommons.org/licenses/by-sa/4.0,4032,3024,https://commons.wikimedia.org/wiki/File:%D0%A2%D1%83%D1%80%D0%B0%D0%BD%D0%B3%D0%BE%D0%B2%D0%BE%D0%B5_%D0%BE%D0%B7%D0%B5%D1%80%D0%BE.jpg,https://thumb.wikimedia.org/wikipedia/commons/thumb/5/59/%D0%A2%D1%83%D1%80%D0%B0%D0%BD%D0%B3%D0%BE%D0%B2%D0%BE%D0%B5_%D0%BE%D0%B7%D0%B5%D1%80%D0%BE.jpg/330px-%D0%A2%D1%83%D1%80%D0%B0%D0%BD%D0%B3%D0%BE%D0%B2%D0%BE%D0%B5_%D0%BE%D0%B7%D0%B5%D1%80%D0%BE.jpg?utm_source=commons.wikimedia.org&utm_campaign=imageinfo&utm_content=thumbnail
no,a579bfe3-fda7-4295-86fe-7f58cb7ec9ce,Радоновый источник,spring,File:Туранговые рощи на склонах у кордона Косбастау.jpg,0.65,nearby,Avustfel,CC BY-SA 4.0,https://creativecommons.org/licenses/by-sa/4.0,3980,2653,https://commons.wikimedia.org/wiki/File:%D0%A2%D1%83%D1%80%D0%B0%D0%BD%D0%B3%D0%BE%D0%B2%D1%8B%D0%B5_%D1%80%D0%BE%D1%89%D0%B8_%D0%BD%D0%B0_%D1%81%D0%BA%D0%BB%D0%BE%D0%BD%D0%B0%D1%85_%D1%83_%D0%BA%D0%BE%D1%80%D0%B4%D0%BE%D0%BD%D0%B0_%D0%9A%D0%BE%D1%81%D0%B1%D0%B0%D1%81%D1%82%D0%B0%D1%83.jpg,https://thumb.wikimedia.org/wikipedia/commons/thumb/b/b5/%D0%A2%D1%83%D1%80%D0%B0%D0%BD%D0%B3%D0%BE%D0%B2%D1%8B%D0%B5_%D1%80%D0%BE%D1%89%D0%B8_%D0%BD%D0%B0_%D1%81%D0%BA%D0%BB%D0%BE%D0%BD%D0%B0%D1%85_%D1%83_%D0%BA%D0%BE%D1%80%D0%B4%D0%BE%D0%BD%D0%B0_%D0%9A%D0%BE%D1%81%D0%B1%D0%B0%D1%81%D1%82%D0%B0%D1%83.jpg/330px-%D0%A2%D1%83%D1%80%D0%B0%D0%BD%D0%B3%D0%BE%D0%B2%D1%8B%D0%B5_%D1%80%D0%BE%D1%89%D0%B8_%D0%BD%D0%B0_%D1%81%D0%BA%D0%BB%D0%BE%D0%BD%D0%B0%D1%85_%D1%83_%D0%BA%D0%BE%D1%80%D0%B4%D0%BE%D0%BD%D0%B0_%D0%9A%D0%BE%D1%81%D0%B1%D0%B0%D1%81%D1%82%D0%B0%D1%83.jpg?utm_source=commons.wikimedia.org&utm_campaign=imageinfo&utm_content=thumbnail
no,b401b11e-1325-4d63-bba0-15fe5c82783a,Термальный источник Горельник,spring,File:Горельник2.jpg,2.09,"nearby, name",Хасен Айсауле,CC BY-SA 4.0,https://creativecommons.org/licenses/by-sa/4.0,3000,4000,https://commons.wikimedia.org/wiki/File:%D0%93%D0%BE%D1%80%D0%B5%D0%BB%D1%8C%D0%BD%D0%B8%D0%BA2.jpg,https://thumb.wikimedia.org/wikipedia/commons/thumb/1/16/%D0%93%D0%BE%D1%80%D0%B5%D0%BB%D1%8C%D0%BD%D0%B8%D0%BA2.jpg/330px-%D0%93%D0%BE%D1%80%D0%B5%D0%BB%D1%8C%D0%BD%D0%B8%D0%BA2.jpg?utm_source=commons.wikimedia.org&utm_campaign=imageinfo&utm_content=thumbnail
no,b401b11e-1325-4d63-bba0-15fe5c82783a,Термальный источник Горельник,spring,File:Горы Медеу.jpg,0.94,nearby,HarbingerXL,CC BY-SA 4.0,https://creativecommons.org/licenses/by-sa/4.0,4160,2336,https://commons.wikimedia.org/wiki/File:%D0%93%D0%BE%D1%80%D1%8B_%D0%9C%D0%B5%D0%B4%D0%B5%D1%83.jpg,https://thumb.wikimedia.org/wikipedia/commons/thumb/f/f3/%D0%93%D0%BE%D1%80%D1%8B_%D0%9C%D0%B5%D0%B4%D0%B5%D1%83.jpg/330px-%D0%93%D0%BE%D1%80%D1%8B_%D0%9C%D0%B5%D0%B4%D0%B5%D1%83.jpg?utm_source=commons.wikimedia.org&utm_campaign=imageinfo&utm_content=thumbnail
no,b401b11e-1325-4d63-bba0-15fe5c82783a,Термальный источник Горельник,spring,File:Ели - panoramio - Anton Yefimov (1).jpg,0.93,nearby,Anton Yefimov,CC BY 3.0,https://creativecommons.org/licenses/by/3.0,1536,2048,https://commons.wikimedia.org/wiki/File:%D0%95%D0%BB%D0%B8_-_panoramio_-_Anton_Yefimov_(1).jpg,https://thumb.wikimedia.org/wikipedia/commons/thumb/a/a6/%D0%95%D0%BB%D0%B8_-_panoramio_-_Anton_Yefimov_%281%29.jpg/330px-%D0%95%D0%BB%D0%B8_-_panoramio_-_Anton_Yefimov_%281%29.jpg?utm_source=commons.wikimedia.org&utm_campaign=imageinfo&utm_content=thumbnail
no,b401b11e-1325-4d63-bba0-15fe5c82783a,Термальный источник Горельник,spring,"File:Medeu District, Almaty, Kazakhstan - panoramio - Anton Yefimov (2).jpg",0.93,nearby,Anton Yefimov,CC BY 3.0,https://creativecommons.org/licenses/by/3.0,2048,1536,"https://commons.wikimedia.org/wiki/File:Medeu_District,_Almaty,_Kazakhstan_-_panoramio_-_Anton_Yefimov_(2).jpg",https://thumb.wikimedia.org/wikipedia/commons/thumb/c/c5/Medeu_District%2C_Almaty%2C_Kazakhstan_-_panoramio_-_Anton_Yefimov_%282%29.jpg/330px-Medeu_District%2C_Almaty%2C_Kazakhstan_-_panoramio_-_Anton_Yefimov_%282%29.jpg?utm_source=commons.wikimedia.org&utm_campaign=imageinfo&utm_content=thumbnail
no,b401b11e-1325-4d63-bba0-15fe5c82783a,Термальный источник Горельник,spring,File:Горы - panoramio - Anton Yefimov.jpg,0.92,nearby,Anton Yefimov,CC BY 3.0,https://creativecommons.org/licenses/by/3.0,2048,1536,https://commons.wikimedia.org/wiki/File:%D0%93%D0%BE%D1%80%D1%8B_-_panoramio_-_Anton_Yefimov.jpg,https://thumb.wikimedia.org/wikipedia/commons/thumb/1/17/%D0%93%D0%BE%D1%80%D1%8B_-_panoramio_-_Anton_Yefimov.jpg/330px-%D0%93%D0%BE%D1%80%D1%8B_-_panoramio_-_Anton_Yefimov.jpg?utm_source=commons.wikimedia.org&utm_campaign=imageinfo&utm_content=thumbnail
no,b401b11e-1325-4d63-bba0-15fe5c82783a,Термальный источник Горельник,spring,File:06 Малое Алматинское ущелье.jpg,0.81,nearby,Marat Rysbekov,CC BY-SA 4.0,https://creativecommons.org/licenses/by-sa/4.0,4087,2769,https://commons.wikimedia.org/wiki/File:06_%D0%9C%D0%B0%D0%BB%D0%BE%D0%B5_%D0%90%D0%BB%D0%BC%D0%B0%D1%82%D0%B8%D0%BD%D1%81%D0%BA%D0%BE%D0%B5_%D1%83%D1%89%D0%B5%D0%BB%D1%8C%D0%B5.jpg,https://thumb.wikimedia.org/wikipedia/commons/thumb/d/d0/06_%D0%9C%D0%B0%D0%BB%D0%BE%D0%B5_%D0%90%D0%BB%D0%BC%D0%B0%D1%82%D0%B8%D0%BD%D1%81%D0%BA%D0%BE%D0%B5_%D1%83%D1%89%D0%B5%D0%BB%D1%8C%D0%B5.jpg/330px-06_%D0%9C%D0%B0%D0%BB%D0%BE%D0%B5_%D0%90%D0%BB%D0%BC%D0%B0%D1%82%D0%B8%D0%BD%D1%81%D0%BA%D0%BE%D0%B5_%D1%83%D1%89%D0%B5%D0%BB%D1%8C%D0%B5.jpg?utm_source=commons.wikimedia.org&utm_campaign=imageinfo&utm_content=thumbnail
no,b401b11e-1325-4d63-bba0-15fe5c82783a,Термальный источник Горельник,spring,File:The world's largest high-mountain skating rink.jpg,0.81,nearby,Tokiaki,CC BY-SA 4.0,https://creativecommons.org/licenses/by-sa/4.0,4000,6000,https://commons.wikimedia.org/wiki/File:The_world%27s_largest_high-mountain_skating_rink.jpg,https://thumb.wikimedia.org/wikipedia/commons/thumb/9/98/The_world%27s_largest_high-mountain_skating_rink.jpg/330px-The_world%27s_largest_high-mountain_skating_rink.jpg?utm_source=commons.wikimedia.org&utm_campaign=imageinfo&utm_content=thumbnail
no,b401b11e-1325-4d63-bba0-15fe5c82783a,Термальный источник Горельник,spring,"File:Medeu District, Almaty, Kazakhstan - panoramio (3).jpg",0.80,nearby,Anton Yefimov,CC BY 3.0,https://creativecommons.org/licenses/by/3.0,3264,2448,"https://commons.wikimedia.org/wiki/File:Medeu_District,_Almaty,_Kazakhstan_-_panoramio_(3).jpg",https://thumb.wikimedia.org/wikipedia/commons/thumb/3/33/Medeu_District%2C_Almaty%2C_Kazakhstan_-_panoramio_%283%29.jpg/330px-Medeu_District%2C_Almaty%2C_Kazakhstan_-_panoramio_%283%29.jpg?utm_source=commons.wikimedia.org&utm_campaign=imageinfo&utm_content=thumbnail
no,b401b11e-1325-4d63-bba0-15fe5c82783a,Термальный источник Горельник,spring,"File:Medeu District, Almaty, Kazakhstan - panoramio (4).jpg",0.80,nearby,Anton Yefimov,CC BY 3.0,https://creativecommons.org/licenses/by/3.0,3264,2448,"https://commons.wikimedia.org/wiki/File:Medeu_District,_Almaty,_Kazakhstan_-_panoramio_(4).jpg",https://thumb.wikimedia.org/wikipedia/commons/thumb/8/80/Medeu_District%2C_Almaty%2C_Kazakhstan_-_panoramio_%284%29.jpg/330px-Medeu_District%2C_Almaty%2C_Kazakhstan_-_panoramio_%284%29.jpg?utm_source=commons.wikimedia.org&utm_campaign=imageinfo&utm_content=thumbnail
no,b401b11e-1325-4d63-bba0-15fe5c82783a,Термальный источник Горельник,spring,"File:Medeu District, Almaty, Kazakhstan - panoramio (5).jpg",0.80,nearby,Anton Yefimov,CC BY 3.0,https://creativecommons.org/licenses/by/3.0,3264,2448,"https://commons.wikimedia.org/wiki/File:Medeu_District,_Almaty,_Kazakhstan_-_panoramio_(5).jpg",https://thumb.wikimedia.org/wikipedia/commons/thumb/b/b1/Medeu_District%2C_Almaty%2C_Kazakhstan_-_panoramio_%285%29.jpg/330px-Medeu_District%2C_Almaty%2C_Kazakhstan_-_panoramio_%285%29.jpg?utm_source=commons.wikimedia.org&utm_campaign=imageinfo&utm_content=thumbnail
no,b401b11e-1325-4d63-bba0-15fe5c82783a,Термальный источник Горельник,spring,"File:Medeu District, Almaty, Kazakhstan - panoramio (6).jpg",0.80,nearby,Anton Yefimov,CC BY 3.0,https://creativecommons.org/licenses/by/3.0,3264,2448,"https://commons.wikimedia.org/wiki/File:Medeu_District,_Almaty,_Kazakhstan_-_panoramio_(6).jpg",https://thumb.wikimedia.org/wikipedia/commons/thumb/8/82/Medeu_District%2C_Almaty%2C_Kazakhstan_-_panoramio_%286%29.jpg/330px-Medeu_District%2C_Almaty%2C_Kazakhstan_-_panoramio_%286%29.jpg?utm_source=commons.wikimedia.org&utm_campaign=imageinfo&utm_content=thumbnail
no,b401b11e-1325-4d63-bba0-15fe5c82783a,Термальный источник Горельник,spring,"File:Medeu District, Almaty, Kazakhstan - panoramio (7).jpg",0.80,nearby,Anton Yefimov,CC BY 3.0,https://creativecommons.org/licenses/by/3.0,2448,3264,"https://commons.wikimedia.org/wiki/File:Medeu_District,_Almaty,_Kazakhstan_-_panoramio_(7).jpg",https://thumb.wikimedia.org/wikipedia/commons/thumb/9/96/Medeu_District%2C_Almaty%2C_Kazakhstan_-_panoramio_%287%29.jpg/330px-Medeu_District%2C_Almaty%2C_Kazakhstan_-_panoramio_%287%29.jpg?utm_source=commons.wikimedia.org&utm_campaign=imageinfo&utm_content=thumbnail
no,9c05e9ba-8fc7-4439-9457-f49ca6b1a0d6,Әулие Бастау,spring,File:Медвежий водопад (11) Указательный знак.jpg,0.77,nearby,JrawX,CC BY-SA 4.0,https://creativecommons.org/licenses/by-sa/4.0,1723,3063,https://commons.wikimedia.org/wiki/File:%D0%9C%D0%B5%D0%B4%D0%B2%D0%B5%D0%B6%D0%B8%D0%B9_%D0%B2%D0%BE%D0%B4%D0%BE%D0%BF%D0%B0%D0%B4_(11)_%D0%A3%D0%BA%D0%B0%D0%B7%D0%B0%D1%82%D0%B5%D0%BB%D1%8C%D0%BD%D1%8B%D0%B9_%D0%B7%D0%BD%D0%B0%D0%BA.jpg,https://thumb.wikimedia.org/wikipedia/commons/thumb/1/10/%D0%9C%D0%B5%D0%B4%D0%B2%D0%B5%D0%B6%D0%B8%D0%B9_%D0%B2%D0%BE%D0%B4%D0%BE%D0%BF%D0%B0%D0%B4_%2811%29_%D0%A3%D0%BA%D0%B0%D0%B7%D0%B0%D1%82%D0%B5%D0%BB%D1%8C%D0%BD%D1%8B%D0%B9_%D0%B7%D0%BD%D0%B0%D0%BA.jpg/330px-%D0%9C%D0%B5%D0%B4%D0%B2%D0%B5%D0%B6%D0%B8%D0%B9_%D0%B2%D0%BE%D0%B4%D0%BE%D0%BF%D0%B0%D0%B4_%2811%29_%D0%A3%D0%BA%D0%B0%D0%B7%D0%B0%D1%82%D0%B5%D0%BB%D1%8C%D0%BD%D1%8B%D0%B9_%D0%B7%D0%BD%D0%B0%D0%BA.jpg?utm_source=commons.wikimedia.org&utm_campaign=imageinfo&utm_content=thumbnail
no,9c05e9ba-8fc7-4439-9457-f49ca6b1a0d6,Әулие Бастау,spring,File:Kirinia eversmanni 160979819.jpg,0.76,nearby,Олег Кудров,CC BY 4.0,https://creativecommons.org/licenses/by/4.0,2048,1536,https://commons.wikimedia.org/wiki/File:Kirinia_eversmanni_160979819.jpg,https://thumb.wikimedia.org/wikipedia/commons/thumb/3/3f/Kirinia_eversmanni_160979819.jpg/330px-Kirinia_eversmanni_160979819.jpg?utm_source=commons.wikimedia.org&utm_campaign=imageinfo&utm_content=thumbnail
no,9c05e9ba-8fc7-4439-9457-f49ca6b1a0d6,Әулие Бастау,spring,File:Kirinia eversmanni 160979962.jpg,0.76,nearby,Олег Кудров,CC BY 4.0,https://creativecommons.org/licenses/by/4.0,2048,1536,https://commons.wikimedia.org/wiki/File:Kirinia_eversmanni_160979962.jpg,https://thumb.wikimedia.org/wikipedia/commons/thumb/8/8a/Kirinia_eversmanni_160979962.jpg/330px-Kirinia_eversmanni_160979962.jpg?utm_source=commons.wikimedia.org&utm_campaign=imageinfo&utm_content=thumbnail
no,9c05e9ba-8fc7-4439-9457-f49ca6b1a0d6,Әулие Бастау,spring,File:Медвежий водопад (10) Вход.jpg,0.75,nearby,JrawX,CC BY-SA 4.0,https://creativecommons.org/licenses/by-sa/4.0,4000,3000,https://commons.wikimedia.org/wiki/File:%D0%9C%D0%B5%D0%B4%D0%B2%D0%B5%D0%B6%D0%B8%D0%B9_%D0%B2%D0%BE%D0%B4%D0%BE%D0%BF%D0%B0%D0%B4_(10)_%D0%92%D1%85%D0%BE%D0%B4.jpg,https://thumb.wikimedia.org/wikipedia/commons/thumb/a/a5/%D0%9C%D0%B5%D0%B4%D0%B2%D0%B5%D0%B6%D0%B8%D0%B9_%D0%B2%D0%BE%D0%B4%D0%BE%D0%BF%D0%B0%D0%B4_%2810%29_%D0%92%D1%85%D0%BE%D0%B4.jpg/330px-%D0%9C%D0%B5%D0%B4%D0%B2%D0%B5%D0%B6%D0%B8%D0%B9_%D0%B2%D0%BE%D0%B4%D0%BE%D0%BF%D0%B0%D0%B4_%2810%29_%D0%92%D1%85%D0%BE%D0%B4.jpg?utm_source=commons.wikimedia.org&utm_campaign=imageinfo&utm_content=thumbnail
no,9c05e9ba-8fc7-4439-9457-f49ca6b1a0d6,Әулие Бастау,spring,"File:Enbekshikazakh District, Kazakhstan - panoramio (13).jpg",0.72,nearby,Anton Yefimov,CC BY 3.0,https://creativecommons.org/licenses/by/3.0,3264,2448,"https://commons.wikimedia.org/wiki/File:Enbekshikazakh_District,_Kazakhstan_-_panoramio_(13).jpg",https://thumb.wikimedia.org/wikipedia/commons/thumb/2/2e/Enbekshikazakh_District%2C_Kazakhstan_-_panoramio_%2813%29.jpg/330px-Enbekshikazakh_District%2C_Kazakhstan_-_panoramio_%2813%29.jpg?utm_source=commons.wikimedia.org&utm_campaign=imageinfo&utm_content=thumbnail
no,9c05e9ba-8fc7-4439-9457-f49ca6b1a0d6,Әулие Бастау,spring,"File:Enbekshikazakh District, Kazakhstan - panoramio (14).jpg",0.72,nearby,Anton Yefimov,CC BY 3.0,https://creativecommons.org/licenses/by/3.0,3264,2448,"https://commons.wikimedia.org/wiki/File:Enbekshikazakh_District,_Kazakhstan_-_panoramio_(14).jpg",https://thumb.wikimedia.org/wikipedia/commons/thumb/1/12/Enbekshikazakh_District%2C_Kazakhstan_-_panoramio_%2814%29.jpg/330px-Enbekshikazakh_District%2C_Kazakhstan_-_panoramio_%2814%29.jpg?utm_source=commons.wikimedia.org&utm_campaign=imageinfo&utm_content=thumbnail
no,9c05e9ba-8fc7-4439-9457-f49ca6b1a0d6,Әулие Бастау,spring,File:Медвежий водопад (2).jpg,0.60,nearby,JrawX,CC BY-SA 4.0,https://creativecommons.org/licenses/by-sa/4.0,4000,3000,https://commons.wikimedia.org/wiki/File:%D0%9C%D0%B5%D0%B4%D0%B2%D0%B5%D0%B6%D0%B8%D0%B9_%D0%B2%D0%BE%D0%B4%D0%BE%D0%BF%D0%B0%D0%B4_(2).jpg,https://thumb.wikimedia.org/wikipedia/commons/thumb/f/fe/%D0%9C%D0%B5%D0%B4%D0%B2%D0%B5%D0%B6%D0%B8%D0%B9_%D0%B2%D0%BE%D0%B4%D0%BE%D0%BF%D0%B0%D0%B4_%282%29.jpg/330px-%D0%9C%D0%B5%D0%B4%D0%B2%D0%B5%D0%B6%D0%B8%D0%B9_%D0%B2%D0%BE%D0%B4%D0%BE%D0%BF%D0%B0%D0%B4_%282%29.jpg?utm_source=commons.wikimedia.org&utm_campaign=imageinfo&utm_content=thumbnail
no,9c05e9ba-8fc7-4439-9457-f49ca6b1a0d6,Әулие Бастау,spring,File:Медвежий водопад (3).jpg,0.59,nearby,JrawX,CC BY-SA 4.0,https://creativecommons.org/licenses/by-sa/4.0,4000,3000,https://commons.wikimedia.org/wiki/File:%D0%9C%D0%B5%D0%B4%D0%B2%D0%B5%D0%B6%D0%B8%D0%B9_%D0%B2%D0%BE%D0%B4%D0%BE%D0%BF%D0%B0%D0%B4_(3).jpg,https://thumb.wikimedia.org/wikipedia/commons/thumb/b/b2/%D0%9C%D0%B5%D0%B4%D0%B2%D0%B5%D0%B6%D0%B8%D0%B9_%D0%B2%D0%BE%D0%B4%D0%BE%D0%BF%D0%B0%D0%B4_%283%29.jpg/330px-%D0%9C%D0%B5%D0%B4%D0%B2%D0%B5%D0%B6%D0%B8%D0%B9_%D0%B2%D0%BE%D0%B4%D0%BE%D0%BF%D0%B0%D0%B4_%283%29.jpg?utm_source=commons.wikimedia.org&utm_campaign=imageinfo&utm_content=thumbnail
no,9c05e9ba-8fc7-4439-9457-f49ca6b1a0d6,Әулие Бастау,spring,File:Медвежий водопад (1).jpg,0.58,nearby,JrawX,CC BY-SA 4.0,https://creativecommons.org/licenses/by-sa/4.0,4000,3000,https://commons.wikimedia.org/wiki/File:%D0%9C%D0%B5%D0%B4%D0%B2%D0%B5%D0%B6%D0%B8%D0%B9_%D0%B2%D0%BE%D0%B4%D0%BE%D0%BF%D0%B0%D0%B4_(1).jpg,https://thumb.wikimedia.org/wikipedia/commons/thumb/2/2e/%D0%9C%D0%B5%D0%B4%D0%B2%D0%B5%D0%B6%D0%B8%D0%B9_%D0%B2%D0%BE%D0%B4%D0%BE%D0%BF%D0%B0%D0%B4_%281%29.jpg/330px-%D0%9C%D0%B5%D0%B4%D0%B2%D0%B5%D0%B6%D0%B8%D0%B9_%D0%B2%D0%BE%D0%B4%D0%BE%D0%BF%D0%B0%D0%B4_%281%29.jpg?utm_source=commons.wikimedia.org&utm_campaign=imageinfo&utm_content=thumbnail
no,917b2666-2a4f-4e76-a911-5cf7ffa63be6,Fish Dream,tackle_shop,"File:Аламаты ""МЕГА"" - panoramio.jpg",0.60,nearby,Nikolay Sizonenko,CC BY 3.0,https://creativecommons.org/licenses/by/3.0,2592,1944,https://commons.wikimedia.org/wiki/File:%D0%90%D0%BB%D0%B0%D0%BC%D0%B0%D1%82%D1%8B_%22%D0%9C%D0%95%D0%93%D0%90%22_-_panoramio.jpg,https://thumb.wikimedia.org/wikipedia/commons/thumb/a/a7/%D0%90%D0%BB%D0%B0%D0%BC%D0%B0%D1%82%D1%8B_%22%D0%9C%D0%95%D0%93%D0%90%22_-_panoramio.jpg/330px-%D0%90%D0%BB%D0%B0%D0%BC%D0%B0%D1%82%D1%8B_%22%D0%9C%D0%95%D0%93%D0%90%22_-_panoramio.jpg?utm_source=commons.wikimedia.org&utm_campaign=imageinfo&utm_content=thumbnail
no,a8f32c7a-ed06-44d0-a914-d30633a7596c,Водопад «Большой Шымбулак» (Узын-Каргалы),landmark,File:Второй водопад в горах п. Фабричный (Каргалы) - panoramio.jpg,1.00,nearby,Nikolay Sizonenko,CC BY 3.0,https://creativecommons.org/licenses/by/3.0,1944,2592,https://commons.wikimedia.org/wiki/File:%D0%92%D1%82%D0%BE%D1%80%D0%BE%D0%B9_%D0%B2%D0%BE%D0%B4%D0%BE%D0%BF%D0%B0%D0%B4_%D0%B2_%D0%B3%D0%BE%D1%80%D0%B0%D1%85_%D0%BF._%D0%A4%D0%B0%D0%B1%D1%80%D0%B8%D1%87%D0%BD%D1%8B%D0%B9_(%D0%9A%D0%B0%D1%80%D0%B3%D0%B0%D0%BB%D1%8B)_-_panoramio.jpg,https://thumb.wikimedia.org/wikipedia/commons/thumb/3/33/%D0%92%D1%82%D0%BE%D1%80%D0%BE%D0%B9_%D0%B2%D0%BE%D0%B4%D0%BE%D0%BF%D0%B0%D0%B4_%D0%B2_%D0%B3%D0%BE%D1%80%D0%B0%D1%85_%D0%BF._%D0%A4%D0%B0%D0%B1%D1%80%D0%B8%D1%87%D0%BD%D1%8B%D0%B9_%28%D0%9A%D0%B0%D1%80%D0%B3%D0%B0%D0%BB%D1%8B%29_-_panoramio.jpg/330px-%D0%92%D1%82%D0%BE%D1%80%D0%BE%D0%B9_%D0%B2%D0%BE%D0%B4%D0%BE%D0%BF%D0%B0%D0%B4_%D0%B2_%D0%B3%D0%BE%D1%80%D0%B0%D1%85_%D0%BF._%D0%A4%D0%B0%D0%B1%D1%80%D0%B8%D1%87%D0%BD%D1%8B%D0%B9_%28%D0%9A%D0%B0%D1%80%D0%B3%D0%B0%D0%BB%D1%8B%29_-_panoramio.jpg?utm_source=commons.wikimedia.org&utm_campaign=imageinfo&utm_content=thumbnail
1,a8f32c7a-ed06-44d0-a914-d30633a7596c,Водопад «Большой Шымбулак» (Узын-Каргалы),landmark,"File:П. Фабричный, II водопад. - panoramio.jpg",0.99,nearby,Nikolay Sizonenko,CC BY 3.0,https://creativecommons.org/licenses/by/3.0,2592,1944,"https://commons.wikimedia.org/wiki/File:%D0%9F._%D0%A4%D0%B0%D0%B1%D1%80%D0%B8%D1%87%D0%BD%D1%8B%D0%B9,_II_%D0%B2%D0%BE%D0%B4%D0%BE%D0%BF%D0%B0%D0%B4._-_panoramio.jpg",https://thumb.wikimedia.org/wikipedia/commons/thumb/f/fc/%D0%9F._%D0%A4%D0%B0%D0%B1%D1%80%D0%B8%D1%87%D0%BD%D1%8B%D0%B9%2C_II_%D0%B2%D0%BE%D0%B4%D0%BE%D0%BF%D0%B0%D0%B4._-_panoramio.jpg/330px-%D0%9F._%D0%A4%D0%B0%D0%B1%D1%80%D0%B8%D1%87%D0%BD%D1%8B%D0%B9%2C_II_%D0%B2%D0%BE%D0%B4%D0%BE%D0%BF%D0%B0%D0%B4._-_panoramio.jpg?utm_source=commons.wikimedia.org&utm_campaign=imageinfo&utm_content=thumbnail
no,a8f32c7a-ed06-44d0-a914-d30633a7596c,Водопад «Большой Шымбулак» (Узын-Каргалы),landmark,File:Рядом со вторым водопадом в горах п. Фабричный (Каргалы) - panoramio.jpg,0.98,nearby,Nikolay Sizonenko,CC BY 3.0,https://creativecommons.org/licenses/by/3.0,2592,1944,https://commons.wikimedia.org/wiki/File:%D0%A0%D1%8F%D0%B4%D0%BE%D0%BC_%D1%81%D0%BE_%D0%B2%D1%82%D0%BE%D1%80%D1%8B%D0%BC_%D0%B2%D0%BE%D0%B4%D0%BE%D0%BF%D0%B0%D0%B4%D0%BE%D0%BC_%D0%B2_%D0%B3%D0%BE%D1%80%D0%B0%D1%85_%D0%BF._%D0%A4%D0%B0%D0%B1%D1%80%D0%B8%D1%87%D0%BD%D1%8B%D0%B9_(%D0%9A%D0%B0%D1%80%D0%B3%D0%B0%D0%BB%D1%8B)_-_panoramio.jpg,https://thumb.wikimedia.org/wikipedia/commons/thumb/7/76/%D0%A0%D1%8F%D0%B4%D0%BE%D0%BC_%D1%81%D0%BE_%D0%B2%D1%82%D0%BE%D1%80%D1%8B%D0%BC_%D0%B2%D0%BE%D0%B4%D0%BE%D0%BF%D0%B0%D0%B4%D0%BE%D0%BC_%D0%B2_%D0%B3%D0%BE%D1%80%D0%B0%D1%85_%D0%BF._%D0%A4%D0%B0%D0%B1%D1%80%D0%B8%D1%87%D0%BD%D1%8B%D0%B9_%28%D0%9A%D0%B0%D1%80%D0%B3%D0%B0%D0%BB%D1%8B%29_-_panoramio.jpg/330px-%D0%A0%D1%8F%D0%B4%D0%BE%D0%BC_%D1%81%D0%BE_%D0%B2%D1%82%D0%BE%D1%80%D1%8B%D0%BC_%D0%B2%D0%BE%D0%B4%D0%BE%D0%BF%D0%B0%D0%B4%D0%BE%D0%BC_%D0%B2_%D0%B3%D0%BE%D1%80%D0%B0%D1%85_%D0%BF._%D0%A4%D0%B0%D0%B1%D1%80%D0%B8%D1%87%D0%BD%D1%8B%D0%B9_%28%D0%9A%D0%B0%D1%80%D0%B3%D0%B0%D0%BB%D1%8B%29_-_panoramio.jpg?utm_source=commons.wikimedia.org&utm_campaign=imageinfo&utm_content=thumbnail
no,a8f32c7a-ed06-44d0-a914-d30633a7596c,Водопад «Большой Шымбулак» (Узын-Каргалы),landmark,File:Ущелье по каторому можно добраться до II водопада в горах п. Фабричный - panoramio.jpg,0.91,nearby,Nikolay Sizonenko,CC BY 3.0,https://creativecommons.org/licenses/by/3.0,1944,2592,https://commons.wikimedia.org/wiki/File:%D0%A3%D1%89%D0%B5%D0%BB%D1%8C%D0%B5_%D0%BF%D0%BE_%D0%BA%D0%B0%D1%82%D0%BE%D1%80%D0%BE%D0%BC%D1%83_%D0%BC%D0%BE%D0%B6%D0%BD%D0%BE_%D0%B4%D0%BE%D0%B1%D1%80%D0%B0%D1%82%D1%8C%D1%81%D1%8F_%D0%B4%D0%BE_II_%D0%B2%D0%BE%D0%B4%D0%BE%D0%BF%D0%B0%D0%B4%D0%B0_%D0%B2_%D0%B3%D0%BE%D1%80%D0%B0%D1%85_%D0%BF._%D0%A4%D0%B0%D0%B1%D1%80%D0%B8%D1%87%D0%BD%D1%8B%D0%B9_-_panoramio.jpg,https://thumb.wikimedia.org/wikipedia/commons/thumb/e/e3/%D0%A3%D1%89%D0%B5%D0%BB%D1%8C%D0%B5_%D0%BF%D0%BE_%D0%BA%D0%B0%D1%82%D0%BE%D1%80%D0%BE%D0%BC%D1%83_%D0%BC%D0%BE%D0%B6%D0%BD%D0%BE_%D0%B4%D0%BE%D0%B1%D1%80%D0%B0%D1%82%D1%8C%D1%81%D1%8F_%D0%B4%D0%BE_II_%D0%B2%D0%BE%D0%B4%D0%BE%D0%BF%D0%B0%D0%B4%D0%B0_%D0%B2_%D0%B3%D0%BE%D1%80%D0%B0%D1%85_%D0%BF._%D0%A4%D0%B0%D0%B1%D1%80%D0%B8%D1%87%D0%BD%D1%8B%D0%B9_-_panoramio.jpg/330px-%D0%A3%D1%89%D0%B5%D0%BB%D1%8C%D0%B5_%D0%BF%D0%BE_%D0%BA%D0%B0%D1%82%D0%BE%D1%80%D0%BE%D0%BC%D1%83_%D0%BC%D0%BE%D0%B6%D0%BD%D0%BE_%D0%B4%D0%BE%D0%B1%D1%80%D0%B0%D1%82%D1%8C%D1%81%D1%8F_%D0%B4%D0%BE_II_%D0%B2%D0%BE%D0%B4%D0%BE%D0%BF%D0%B0%D0%B4%D0%B0_%D0%B2_%D0%B3%D0%BE%D1%80%D0%B0%D1%85_%D0%BF._%D0%A4%D0%B0%D0%B1%D1%80%D0%B8%D1%87%D0%BD%D1%8B%D0%B9_-_panoramio.jpg?utm_source=commons.wikimedia.org&utm_campaign=imageinfo&utm_content=thumbnail
no,c43cd854-31d9-4dc7-a674-6e517853175d,Алатас,landmark,"File:Talgar District, Kazakhstan - panoramio (68).jpg",0.54,nearby,Anton Yefimov,CC BY 3.0,https://creativecommons.org/licenses/by/3.0,2048,1536,"https://commons.wikimedia.org/wiki/File:Talgar_District,_Kazakhstan_-_panoramio_(68).jpg",https://thumb.wikimedia.org/wikipedia/commons/thumb/7/7b/Talgar_District%2C_Kazakhstan_-_panoramio_%2868%29.jpg/330px-Talgar_District%2C_Kazakhstan_-_panoramio_%2868%29.jpg?utm_source=commons.wikimedia.org&utm_campaign=imageinfo&utm_content=thumbnail
no,c43cd854-31d9-4dc7-a674-6e517853175d,Алатас,landmark,"File:Talgar District, Kazakhstan - panoramio (66).jpg",0.52,nearby,Anton Yefimov,CC BY 3.0,https://creativecommons.org/licenses/by/3.0,1600,1200,"https://commons.wikimedia.org/wiki/File:Talgar_District,_Kazakhstan_-_panoramio_(66).jpg",https://thumb.wikimedia.org/wikipedia/commons/thumb/6/6e/Talgar_District%2C_Kazakhstan_-_panoramio_%2866%29.jpg/330px-Talgar_District%2C_Kazakhstan_-_panoramio_%2866%29.jpg?utm_source=commons.wikimedia.org&utm_campaign=imageinfo&utm_content=thumbnail
no,c43cd854-31d9-4dc7-a674-6e517853175d,Алатас,landmark,"File:Talgar District, Kazakhstan - panoramio (67).jpg",0.51,nearby,Anton Yefimov,CC BY 3.0,https://creativecommons.org/licenses/by/3.0,2048,1536,"https://commons.wikimedia.org/wiki/File:Talgar_District,_Kazakhstan_-_panoramio_(67).jpg",https://thumb.wikimedia.org/wikipedia/commons/thumb/2/2f/Talgar_District%2C_Kazakhstan_-_panoramio_%2867%29.jpg/330px-Talgar_District%2C_Kazakhstan_-_panoramio_%2867%29.jpg?utm_source=commons.wikimedia.org&utm_campaign=imageinfo&utm_content=thumbnail
no,92485445-a653-47cb-b756-bdd09a47b8dc,Аюсай 1,landmark,"File:Алматы, ущелье Аюсай, вид от первого водопада на источник.jpg",4.00,osm category,ElenaLitera,CC BY-SA 4.0,https://creativecommons.org/licenses/by-sa/4.0,3064,4596,"https://commons.wikimedia.org/wiki/File:%D0%90%D0%BB%D0%BC%D0%B0%D1%82%D1%8B,_%D1%83%D1%89%D0%B5%D0%BB%D1%8C%D0%B5_%D0%90%D1%8E%D1%81%D0%B0%D0%B9,_%D0%B2%D0%B8%D0%B4_%D0%BE%D1%82_%D0%BF%D0%B5%D1%80%D0%B2%D0%BE%D0%B3%D0%BE_%D0%B2%D0%BE%D0%B4%D0%BE%D0%BF%D0%B0%D0%B4%D0%B0_%D0%BD%D0%B0_%D0%B8%D1%81%D1%82%D0%BE%D1%87%D0%BD%D0%B8%D0%BA.jpg",https://thumb.wikimedia.org/wikipedia/commons/thumb/7/7f/%D0%90%D0%BB%D0%BC%D0%B0%D1%82%D1%8B%2C_%D1%83%D1%89%D0%B5%D0%BB%D1%8C%D0%B5_%D0%90%D1%8E%D1%81%D0%B0%D0%B9%2C_%D0%B2%D0%B8%D0%B4_%D0%BE%D1%82_%D0%BF%D0%B5%D1%80%D0%B2%D0%BE%D0%B3%D0%BE_%D0%B2%D0%BE%D0%B4%D0%BE%D0%BF%D0%B0%D0%B4%D0%B0_%D0%BD%D0%B0_%D0%B8%D1%81%D1%82%D0%BE%D1%87%D0%BD%D0%B8%D0%BA.jpg/330px-%D0%90%D0%BB%D0%BC%D0%B0%D1%82%D1%8B%2C_%D1%83%D1%89%D0%B5%D0%BB%D1%8C%D0%B5_%D0%90%D1%8E%D1%81%D0%B0%D0%B9%2C_%D0%B2%D0%B8%D0%B4_%D0%BE%D1%82_%D0%BF%D0%B5%D1%80%D0%B2%D0%BE%D0%B3%D0%BE_%D0%B2%D0%BE%D0%B4%D0%BE%D0%BF%D0%B0%D0%B4%D0%B0_%D0%BD%D0%B0_%D0%B8%D1%81%D1%82%D0%BE%D1%87%D0%BD%D0%B8%D0%BA.jpg?utm_source=commons.wikimedia.org&utm_campaign=imageinfo&utm_content=thumbnail
1,92485445-a653-47cb-b756-bdd09a47b8dc,Аюсай 1,landmark,"File:Алматы, ущелье Аюсай, первый водопад.jpg",4.00,osm category,ElenaLitera,CC BY-SA 4.0,https://creativecommons.org/licenses/by-sa/4.0,3326,4989,"https://commons.wikimedia.org/wiki/File:%D0%90%D0%BB%D0%BC%D0%B0%D1%82%D1%8B,_%D1%83%D1%89%D0%B5%D0%BB%D1%8C%D0%B5_%D0%90%D1%8E%D1%81%D0%B0%D0%B9,_%D0%BF%D0%B5%D1%80%D0%B2%D1%8B%D0%B9_%D0%B2%D0%BE%D0%B4%D0%BE%D0%BF%D0%B0%D0%B4.jpg",https://thumb.wikimedia.org/wikipedia/commons/thumb/8/85/%D0%90%D0%BB%D0%BC%D0%B0%D1%82%D1%8B%2C_%D1%83%D1%89%D0%B5%D0%BB%D1%8C%D0%B5_%D0%90%D1%8E%D1%81%D0%B0%D0%B9%2C_%D0%BF%D0%B5%D1%80%D0%B2%D1%8B%D0%B9_%D0%B2%D0%BE%D0%B4%D0%BE%D0%BF%D0%B0%D0%B4.jpg/330px-%D0%90%D0%BB%D0%BC%D0%B0%D1%82%D1%8B%2C_%D1%83%D1%89%D0%B5%D0%BB%D1%8C%D0%B5_%D0%90%D1%8E%D1%81%D0%B0%D0%B9%2C_%D0%BF%D0%B5%D1%80%D0%B2%D1%8B%D0%B9_%D0%B2%D0%BE%D0%B4%D0%BE%D0%BF%D0%B0%D0%B4.jpg?utm_source=commons.wikimedia.org&utm_campaign=imageinfo&utm_content=thumbnail
2,92485445-a653-47cb-b756-bdd09a47b8dc,Аюсай 1,landmark,File:Водопад Аюсай-1.jpg,4.00,osm category,Игорь Улитин,CC BY-SA 4.0,https://creativecommons.org/licenses/by-sa/4.0,5184,3456,https://commons.wikimedia.org/wiki/File:%D0%92%D0%BE%D0%B4%D0%BE%D0%BF%D0%B0%D0%B4_%D0%90%D1%8E%D1%81%D0%B0%D0%B9-1.jpg,https://thumb.wikimedia.org/wikipedia/commons/thumb/b/b7/%D0%92%D0%BE%D0%B4%D0%BE%D0%BF%D0%B0%D0%B4_%D0%90%D1%8E%D1%81%D0%B0%D0%B9-1.jpg/330px-%D0%92%D0%BE%D0%B4%D0%BE%D0%BF%D0%B0%D0%B4_%D0%90%D1%8E%D1%81%D0%B0%D0%B9-1.jpg?utm_source=commons.wikimedia.org&utm_campaign=imageinfo&utm_content=thumbnail
no,92485445-a653-47cb-b756-bdd09a47b8dc,Аюсай 1,landmark,File:Рисунки выбитые на камне.jpg,0.99,nearby,Нурлан Елеусинов,CC BY-SA 4.0,https://creativecommons.org/licenses/by-sa/4.0,1840,3984,https://commons.wikimedia.org/wiki/File:%D0%A0%D0%B8%D1%81%D1%83%D0%BD%D0%BA%D0%B8_%D0%B2%D1%8B%D0%B1%D0%B8%D1%82%D1%8B%D0%B5_%D0%BD%D0%B0_%D0%BA%D0%B0%D0%BC%D0%BD%D0%B5.jpg,https://thumb.wikimedia.org/wikipedia/commons/thumb/c/cf/%D0%A0%D0%B8%D1%81%D1%83%D0%BD%D0%BA%D0%B8_%D0%B2%D1%8B%D0%B1%D0%B8%D1%82%D1%8B%D0%B5_%D0%BD%D0%B0_%D0%BA%D0%B0%D0%BC%D0%BD%D0%B5.jpg/330px-%D0%A0%D0%B8%D1%81%D1%83%D0%BD%D0%BA%D0%B8_%D0%B2%D1%8B%D0%B1%D0%B8%D1%82%D1%8B%D0%B5_%D0%BD%D0%B0_%D0%BA%D0%B0%D0%BC%D0%BD%D0%B5.jpg?utm_source=commons.wikimedia.org&utm_campaign=imageinfo&utm_content=thumbnail
no,92485445-a653-47cb-b756-bdd09a47b8dc,Аюсай 1,landmark,File:Небольшой водопад в Медвежьем ущелье - panoramio.jpg,0.98,nearby,A.Makarenkov,CC BY-SA 3.0,https://creativecommons.org/licenses/by-sa/3.0,2304,3456,https://commons.wikimedia.org/wiki/File:%D0%9D%D0%B5%D0%B1%D0%BE%D0%BB%D1%8C%D1%88%D0%BE%D0%B9_%D0%B2%D0%BE%D0%B4%D0%BE%D0%BF%D0%B0%D0%B4_%D0%B2_%D0%9C%D0%B5%D0%B4%D0%B2%D0%B5%D0%B6%D1%8C%D0%B5%D0%BC_%D1%83%D1%89%D0%B5%D0%BB%D1%8C%D0%B5_-_panoramio.jpg,https://thumb.wikimedia.org/wikipedia/commons/thumb/6/6b/%D0%9D%D0%B5%D0%B1%D0%BE%D0%BB%D1%8C%D1%88%D0%BE%D0%B9_%D0%B2%D0%BE%D0%B4%D0%BE%D0%BF%D0%B0%D0%B4_%D0%B2_%D0%9C%D0%B5%D0%B4%D0%B2%D0%B5%D0%B6%D1%8C%D0%B5%D0%BC_%D1%83%D1%89%D0%B5%D0%BB%D1%8C%D0%B5_-_panoramio.jpg/330px-%D0%9D%D0%B5%D0%B1%D0%BE%D0%BB%D1%8C%D1%88%D0%BE%D0%B9_%D0%B2%D0%BE%D0%B4%D0%BE%D0%BF%D0%B0%D0%B4_%D0%B2_%D0%9C%D0%B5%D0%B4%D0%B2%D0%B5%D0%B6%D1%8C%D0%B5%D0%BC_%D1%83%D1%89%D0%B5%D0%BB%D1%8C%D0%B5_-_panoramio.jpg?utm_source=commons.wikimedia.org&utm_campaign=imageinfo&utm_content=thumbnail
no,92485445-a653-47cb-b756-bdd09a47b8dc,Аюсай 1,landmark,File:Вероника дубравная. Фотография сделана 6 июня на подходе к ущелью Аю-Сай.jpg,0.95,nearby,Ризаш,CC BY-SA 4.0,https://creativecommons.org/licenses/by-sa/4.0,3000,4000,https://commons.wikimedia.org/wiki/File:%D0%92%D0%B5%D1%80%D0%BE%D0%BD%D0%B8%D0%BA%D0%B0_%D0%B4%D1%83%D0%B1%D1%80%D0%B0%D0%B2%D0%BD%D0%B0%D1%8F._%D0%A4%D0%BE%D1%82%D0%BE%D0%B3%D1%80%D0%B0%D1%84%D0%B8%D1%8F_%D1%81%D0%B4%D0%B5%D0%BB%D0%B0%D0%BD%D0%B0_6_%D0%B8%D1%8E%D0%BD%D1%8F_%D0%BD%D0%B0_%D0%BF%D0%BE%D0%B4%D1%85%D0%BE%D0%B4%D0%B5_%D0%BA_%D1%83%D1%89%D0%B5%D0%BB%D1%8C%D1%8E_%D0%90%D1%8E-%D0%A1%D0%B0%D0%B9.jpg,https://thumb.wikimedia.org/wikipedia/commons/thumb/2/2c/%D0%92%D0%B5%D1%80%D0%BE%D0%BD%D0%B8%D0%BA%D0%B0_%D0%B4%D1%83%D0%B1%D1%80%D0%B0%D0%B2%D0%BD%D0%B0%D1%8F._%D0%A4%D0%BE%D1%82%D0%BE%D0%B3%D1%80%D0%B0%D1%84%D0%B8%D1%8F_%D1%81%D0%B4%D0%B5%D0%BB%D0%B0%D0%BD%D0%B0_6_%D0%B8%D1%8E%D0%BD%D1%8F_%D0%BD%D0%B0_%D0%BF%D0%BE%D0%B4%D1%85%D0%BE%D0%B4%D0%B5_%D0%BA_%D1%83%D1%89%D0%B5%D0%BB%D1%8C%D1%8E_%D0%90%D1%8E-%D0%A1%D0%B0%D0%B9.jpg/330px-%D0%92%D0%B5%D1%80%D0%BE%D0%BD%D0%B8%D0%BA%D0%B0_%D0%B4%D1%83%D0%B1%D1%80%D0%B0%D0%B2%D0%BD%D0%B0%D1%8F._%D0%A4%D0%BE%D1%82%D0%BE%D0%B3%D1%80%D0%B0%D1%84%D0%B8%D1%8F_%D1%81%D0%B4%D0%B5%D0%BB%D0%B0%D0%BD%D0%B0_6_%D0%B8%D1%8E%D0%BD%D1%8F_%D0%BD%D0%B0_%D0%BF%D0%BE%D0%B4%D1%85%D0%BE%D0%B4%D0%B5_%D0%BA_%D1%83%D1%89%D0%B5%D0%BB%D1%8C%D1%8E_%D0%90%D1%8E-%D0%A1%D0%B0%D0%B9.jpg?utm_source=commons.wikimedia.org&utm_campaign=imageinfo&utm_content=thumbnail
no,92485445-a653-47cb-b756-bdd09a47b8dc,Аюсай 1,landmark,File:Сосновый лес (Медвежье ущелье) - panoramio.jpg,0.92,nearby,A.Makarenkov,CC BY-SA 3.0,https://creativecommons.org/licenses/by-sa/3.0,2304,3456,https://commons.wikimedia.org/wiki/File:%D0%A1%D0%BE%D1%81%D0%BD%D0%BE%D0%B2%D1%8B%D0%B9_%D0%BB%D0%B5%D1%81_(%D0%9C%D0%B5%D0%B4%D0%B2%D0%B5%D0%B6%D1%8C%D0%B5_%D1%83%D1%89%D0%B5%D0%BB%D1%8C%D0%B5)_-_panoramio.jpg,https://thumb.wikimedia.org/wikipedia/commons/thumb/8/84/%D0%A1%D0%BE%D1%81%D0%BD%D0%BE%D0%B2%D1%8B%D0%B9_%D0%BB%D0%B5%D1%81_%28%D0%9C%D0%B5%D0%B4%D0%B2%D0%B5%D0%B6%D1%8C%D0%B5_%D1%83%D1%89%D0%B5%D0%BB%D1%8C%D0%B5%29_-_panoramio.jpg/330px-%D0%A1%D0%BE%D1%81%D0%BD%D0%BE%D0%B2%D1%8B%D0%B9_%D0%BB%D0%B5%D1%81_%28%D0%9C%D0%B5%D0%B4%D0%B2%D0%B5%D0%B6%D1%8C%D0%B5_%D1%83%D1%89%D0%B5%D0%BB%D1%8C%D0%B5%29_-_panoramio.jpg?utm_source=commons.wikimedia.org&utm_campaign=imageinfo&utm_content=thumbnail
no,92485445-a653-47cb-b756-bdd09a47b8dc,Аюсай 1,landmark,File:Речка в Медвежьем ущелье - panoramio.jpg,0.92,nearby,A.Makarenkov,CC BY-SA 3.0,https://creativecommons.org/licenses/by-sa/3.0,3456,2304,https://commons.wikimedia.org/wiki/File:%D0%A0%D0%B5%D1%87%D0%BA%D0%B0_%D0%B2_%D0%9C%D0%B5%D0%B4%D0%B2%D0%B5%D0%B6%D1%8C%D0%B5%D0%BC_%D1%83%D1%89%D0%B5%D0%BB%D1%8C%D0%B5_-_panoramio.jpg,https://thumb.wikimedia.org/wikipedia/commons/thumb/f/f6/%D0%A0%D0%B5%D1%87%D0%BA%D0%B0_%D0%B2_%D0%9C%D0%B5%D0%B4%D0%B2%D0%B5%D0%B6%D1%8C%D0%B5%D0%BC_%D1%83%D1%89%D0%B5%D0%BB%D1%8C%D0%B5_-_panoramio.jpg/330px-%D0%A0%D0%B5%D1%87%D0%BA%D0%B0_%D0%B2_%D0%9C%D0%B5%D0%B4%D0%B2%D0%B5%D0%B6%D1%8C%D0%B5%D0%BC_%D1%83%D1%89%D0%B5%D0%BB%D1%8C%D0%B5_-_panoramio.jpg?utm_source=commons.wikimedia.org&utm_campaign=imageinfo&utm_content=thumbnail
no,92485445-a653-47cb-b756-bdd09a47b8dc,Аюсай 1,landmark,File:Рисунок на камне 2022 году.jpg,0.80,nearby,Нурлан Елеусинов,CC BY-SA 4.0,https://creativecommons.org/licenses/by-sa/4.0,1840,3984,https://commons.wikimedia.org/wiki/File:%D0%A0%D0%B8%D1%81%D1%83%D0%BD%D0%BE%D0%BA_%D0%BD%D0%B0_%D0%BA%D0%B0%D0%BC%D0%BD%D0%B5_2022_%D0%B3%D0%BE%D0%B4%D1%83.jpg,https://thumb.wikimedia.org/wikipedia/commons/thumb/8/8b/%D0%A0%D0%B8%D1%81%D1%83%D0%BD%D0%BE%D0%BA_%D0%BD%D0%B0_%D0%BA%D0%B0%D0%BC%D0%BD%D0%B5_2022_%D0%B3%D0%BE%D0%B4%D1%83.jpg/330px-%D0%A0%D0%B8%D1%81%D1%83%D0%BD%D0%BE%D0%BA_%D0%BD%D0%B0_%D0%BA%D0%B0%D0%BC%D0%BD%D0%B5_2022_%D0%B3%D0%BE%D0%B4%D1%83.jpg?utm_source=commons.wikimedia.org&utm_campaign=imageinfo&utm_content=thumbnail
no,92485445-a653-47cb-b756-bdd09a47b8dc,Аюсай 1,landmark,File:2022-07-07 15-08-02 горы красивые.jpg,0.72,nearby,Нурлан Елеусинов,CC BY-SA 4.0,https://creativecommons.org/licenses/by-sa/4.0,1840,3984,https://commons.wikimedia.org/wiki/File:2022-07-07_15-08-02_%D0%B3%D0%BE%D1%80%D1%8B_%D0%BA%D1%80%D0%B0%D1%81%D0%B8%D0%B2%D1%8B%D0%B5.jpg,https://thumb.wikimedia.org/wikipedia/commons/thumb/9/92/2022-07-07_15-08-02_%D0%B3%D0%BE%D1%80%D1%8B_%D0%BA%D1%80%D0%B0%D1%81%D0%B8%D0%B2%D1%8B%D0%B5.jpg/330px-2022-07-07_15-08-02_%D0%B3%D0%BE%D1%80%D1%8B_%D0%BA%D1%80%D0%B0%D1%81%D0%B8%D0%B2%D1%8B%D0%B5.jpg?utm_source=commons.wikimedia.org&utm_campaign=imageinfo&utm_content=thumbnail
no,92485445-a653-47cb-b756-bdd09a47b8dc,Аюсай 1,landmark,File:2022-07-07 13-59-44 поход на бао.jpg,0.69,nearby,Нурлан Елеусинов,CC BY-SA 4.0,https://creativecommons.org/licenses/by-sa/4.0,1840,3984,https://commons.wikimedia.org/wiki/File:2022-07-07_13-59-44_%D0%BF%D0%BE%D1%85%D0%BE%D0%B4_%D0%BD%D0%B0_%D0%B1%D0%B0%D0%BE.jpg,https://thumb.wikimedia.org/wikipedia/commons/thumb/6/62/2022-07-07_13-59-44_%D0%BF%D0%BE%D1%85%D0%BE%D0%B4_%D0%BD%D0%B0_%D0%B1%D0%B0%D0%BE.jpg/330px-2022-07-07_13-59-44_%D0%BF%D0%BE%D1%85%D0%BE%D0%B4_%D0%BD%D0%B0_%D0%B1%D0%B0%D0%BE.jpg?utm_source=commons.wikimedia.org&utm_campaign=imageinfo&utm_content=thumbnail
no,92485445-a653-47cb-b756-bdd09a47b8dc,Аюсай 1,landmark,File:Үлкен Алматы өзенінен бір пэйс.jpg,0.57,nearby,Mukhamedzhan,CC BY-SA 4.0,https://creativecommons.org/licenses/by-sa/4.0,2018,4032,https://commons.wikimedia.org/wiki/File:%D2%AE%D0%BB%D0%BA%D0%B5%D0%BD_%D0%90%D0%BB%D0%BC%D0%B0%D1%82%D1%8B_%D3%A9%D0%B7%D0%B5%D0%BD%D1%96%D0%BD%D0%B5%D0%BD_%D0%B1%D1%96%D1%80_%D0%BF%D1%8D%D0%B9%D1%81.jpg,https://thumb.wikimedia.org/wikipedia/commons/thumb/a/a7/%D2%AE%D0%BB%D0%BA%D0%B5%D0%BD_%D0%90%D0%BB%D0%BC%D0%B0%D1%82%D1%8B_%D3%A9%D0%B7%D0%B5%D0%BD%D1%96%D0%BD%D0%B5%D0%BD_%D0%B1%D1%96%D1%80_%D0%BF%D1%8D%D0%B9%D1%81.jpg/330px-%D2%AE%D0%BB%D0%BA%D0%B5%D0%BD_%D0%90%D0%BB%D0%BC%D0%B0%D1%82%D1%8B_%D3%A9%D0%B7%D0%B5%D0%BD%D1%96%D0%BD%D0%B5%D0%BD_%D0%B1%D1%96%D1%80_%D0%BF%D1%8D%D0%B9%D1%81.jpg?utm_source=commons.wikimedia.org&utm_campaign=imageinfo&utm_content=thumbnail
2,def5aebc-981b-47a0-82fd-a2cb1fe8aa04,Аюсай 2,landmark,File:Ayusai waterfall 2.jpg,4.00,osm category,Amarkiev,CC BY-SA 4.0,https://creativecommons.org/licenses/by-sa/4.0,3024,4032,https://commons.wikimedia.org/wiki/File:Ayusai_waterfall_2.jpg,https://thumb.wikimedia.org/wikipedia/commons/thumb/5/52/Ayusai_waterfall_2.jpg/330px-Ayusai_waterfall_2.jpg?utm_source=commons.wikimedia.org&utm_campaign=imageinfo&utm_content=thumbnail
1,def5aebc-981b-47a0-82fd-a2cb1fe8aa04,Аюсай 2,landmark,"File:Алматы, ущелье Аюсай, второй водопад.jpg",4.00,osm category,ElenaLitera,CC BY-SA 4.0,https://creativecommons.org/licenses/by-sa/4.0,3385,5077,"https://commons.wikimedia.org/wiki/File:%D0%90%D0%BB%D0%BC%D0%B0%D1%82%D1%8B,_%D1%83%D1%89%D0%B5%D0%BB%D1%8C%D0%B5_%D0%90%D1%8E%D1%81%D0%B0%D0%B9,_%D0%B2%D1%82%D0%BE%D1%80%D0%BE%D0%B9_%D0%B2%D0%BE%D0%B4%D0%BE%D0%BF%D0%B0%D0%B4.jpg",https://thumb.wikimedia.org/wikipedia/commons/thumb/3/30/%D0%90%D0%BB%D0%BC%D0%B0%D1%82%D1%8B%2C_%D1%83%D1%89%D0%B5%D0%BB%D1%8C%D0%B5_%D0%90%D1%8E%D1%81%D0%B0%D0%B9%2C_%D0%B2%D1%82%D0%BE%D1%80%D0%BE%D0%B9_%D0%B2%D0%BE%D0%B4%D0%BE%D0%BF%D0%B0%D0%B4.jpg/330px-%D0%90%D0%BB%D0%BC%D0%B0%D1%82%D1%8B%2C_%D1%83%D1%89%D0%B5%D0%BB%D1%8C%D0%B5_%D0%90%D1%8E%D1%81%D0%B0%D0%B9%2C_%D0%B2%D1%82%D0%BE%D1%80%D0%BE%D0%B9_%D0%B2%D0%BE%D0%B4%D0%BE%D0%BF%D0%B0%D0%B4.jpg?utm_source=commons.wikimedia.org&utm_campaign=imageinfo&utm_content=thumbnail
no,def5aebc-981b-47a0-82fd-a2cb1fe8aa04,Аюсай 2,landmark,File:Сосновый лес (Медвежье ущелье) - panoramio.jpg,0.98,nearby,A.Makarenkov,CC BY-SA 3.0,https://creativecommons.org/licenses/by-sa/3.0,2304,3456,https://commons.wikimedia.org/wiki/File:%D0%A1%D0%BE%D1%81%D0%BD%D0%BE%D0%B2%D1%8B%D0%B9_%D0%BB%D0%B5%D1%81_(%D0%9C%D0%B5%D0%B4%D0%B2%D0%B5%D0%B6%D1%8C%D0%B5_%D1%83%D1%89%D0%B5%D0%BB%D1%8C%D0%B5)_-_panoramio.jpg,https://thumb.wikimedia.org/wikipedia/commons/thumb/8/84/%D0%A1%D0%BE%D1%81%D0%BD%D0%BE%D0%B2%D1%8B%D0%B9_%D0%BB%D0%B5%D1%81_%28%D0%9C%D0%B5%D0%B4%D0%B2%D0%B5%D0%B6%D1%8C%D0%B5_%D1%83%D1%89%D0%B5%D0%BB%D1%8C%D0%B5%29_-_panoramio.jpg/330px-%D0%A1%D0%BE%D1%81%D0%BD%D0%BE%D0%B2%D1%8B%D0%B9_%D0%BB%D0%B5%D1%81_%28%D0%9C%D0%B5%D0%B4%D0%B2%D0%B5%D0%B6%D1%8C%D0%B5_%D1%83%D1%89%D0%B5%D0%BB%D1%8C%D0%B5%29_-_panoramio.jpg?utm_source=commons.wikimedia.org&utm_campaign=imageinfo&utm_content=thumbnail
no,def5aebc-981b-47a0-82fd-a2cb1fe8aa04,Аюсай 2,landmark,File:Речка в Медвежьем ущелье - panoramio.jpg,0.98,nearby,A.Makarenkov,CC BY-SA 3.0,https://creativecommons.org/licenses/by-sa/3.0,3456,2304,https://commons.wikimedia.org/wiki/File:%D0%A0%D0%B5%D1%87%D0%BA%D0%B0_%D0%B2_%D0%9C%D0%B5%D0%B4%D0%B2%D0%B5%D0%B6%D1%8C%D0%B5%D0%BC_%D1%83%D1%89%D0%B5%D0%BB%D1%8C%D0%B5_-_panoramio.jpg,https://thumb.wikimedia.org/wikipedia/commons/thumb/f/f6/%D0%A0%D0%B5%D1%87%D0%BA%D0%B0_%D0%B2_%D0%9C%D0%B5%D0%B4%D0%B2%D0%B5%D0%B6%D1%8C%D0%B5%D0%BC_%D1%83%D1%89%D0%B5%D0%BB%D1%8C%D0%B5_-_panoramio.jpg/330px-%D0%A0%D0%B5%D1%87%D0%BA%D0%B0_%D0%B2_%D0%9C%D0%B5%D0%B4%D0%B2%D0%B5%D0%B6%D1%8C%D0%B5%D0%BC_%D1%83%D1%89%D0%B5%D0%BB%D1%8C%D0%B5_-_panoramio.jpg?utm_source=commons.wikimedia.org&utm_campaign=imageinfo&utm_content=thumbnail
no,def5aebc-981b-47a0-82fd-a2cb1fe8aa04,Аюсай 2,landmark,File:Небольшой водопад в Медвежьем ущелье - panoramio.jpg,0.93,nearby,A.Makarenkov,CC BY-SA 3.0,https://creativecommons.org/licenses/by-sa/3.0,2304,3456,https://commons.wikimedia.org/wiki/File:%D0%9D%D0%B5%D0%B1%D0%BE%D0%BB%D1%8C%D1%88%D0%BE%D0%B9_%D0%B2%D0%BE%D0%B4%D0%BE%D0%BF%D0%B0%D0%B4_%D0%B2_%D0%9C%D0%B5%D0%B4%D0%B2%D0%B5%D0%B6%D1%8C%D0%B5%D0%BC_%D1%83%D1%89%D0%B5%D0%BB%D1%8C%D0%B5_-_panoramio.jpg,https://thumb.wikimedia.org/wikipedia/commons/thumb/6/6b/%D0%9D%D0%B5%D0%B1%D0%BE%D0%BB%D1%8C%D1%88%D0%BE%D0%B9_%D0%B2%D0%BE%D0%B4%D0%BE%D0%BF%D0%B0%D0%B4_%D0%B2_%D0%9C%D0%B5%D0%B4%D0%B2%D0%B5%D0%B6%D1%8C%D0%B5%D0%BC_%D1%83%D1%89%D0%B5%D0%BB%D1%8C%D0%B5_-_panoramio.jpg/330px-%D0%9D%D0%B5%D0%B1%D0%BE%D0%BB%D1%8C%D1%88%D0%BE%D0%B9_%D0%B2%D0%BE%D0%B4%D0%BE%D0%BF%D0%B0%D0%B4_%D0%B2_%D0%9C%D0%B5%D0%B4%D0%B2%D0%B5%D0%B6%D1%8C%D0%B5%D0%BC_%D1%83%D1%89%D0%B5%D0%BB%D1%8C%D0%B5_-_panoramio.jpg?utm_source=commons.wikimedia.org&utm_campaign=imageinfo&utm_content=thumbnail
no,def5aebc-981b-47a0-82fd-a2cb1fe8aa04,Аюсай 2,landmark,File:Рисунки выбитые на камне.jpg,0.93,nearby,Нурлан Елеусинов,CC BY-SA 4.0,https://creativecommons.org/licenses/by-sa/4.0,1840,3984,https://commons.wikimedia.org/wiki/File:%D0%A0%D0%B8%D1%81%D1%83%D0%BD%D0%BA%D0%B8_%D0%B2%D1%8B%D0%B1%D0%B8%D1%82%D1%8B%D0%B5_%D0%BD%D0%B0_%D0%BA%D0%B0%D0%BC%D0%BD%D0%B5.jpg,https://thumb.wikimedia.org/wikipedia/commons/thumb/c/cf/%D0%A0%D0%B8%D1%81%D1%83%D0%BD%D0%BA%D0%B8_%D0%B2%D1%8B%D0%B1%D0%B8%D1%82%D1%8B%D0%B5_%D0%BD%D0%B0_%D0%BA%D0%B0%D0%BC%D0%BD%D0%B5.jpg/330px-%D0%A0%D0%B8%D1%81%D1%83%D0%BD%D0%BA%D0%B8_%D0%B2%D1%8B%D0%B1%D0%B8%D1%82%D1%8B%D0%B5_%D0%BD%D0%B0_%D0%BA%D0%B0%D0%BC%D0%BD%D0%B5.jpg?utm_source=commons.wikimedia.org&utm_campaign=imageinfo&utm_content=thumbnail
no,def5aebc-981b-47a0-82fd-a2cb1fe8aa04,Аюсай 2,landmark,File:Вероника дубравная. Фотография сделана 6 июня на подходе к ущелью Аю-Сай.jpg,0.88,nearby,Ризаш,CC BY-SA 4.0,https://creativecommons.org/licenses/by-sa/4.0,3000,4000,https://commons.wikimedia.org/wiki/File:%D0%92%D0%B5%D1%80%D0%BE%D0%BD%D0%B8%D0%BA%D0%B0_%D0%B4%D1%83%D0%B1%D1%80%D0%B0%D0%B2%D0%BD%D0%B0%D1%8F._%D0%A4%D0%BE%D1%82%D0%BE%D0%B3%D1%80%D0%B0%D1%84%D0%B8%D1%8F_%D1%81%D0%B4%D0%B5%D0%BB%D0%B0%D0%BD%D0%B0_6_%D0%B8%D1%8E%D0%BD%D1%8F_%D0%BD%D0%B0_%D0%BF%D0%BE%D0%B4%D1%85%D0%BE%D0%B4%D0%B5_%D0%BA_%D1%83%D1%89%D0%B5%D0%BB%D1%8C%D1%8E_%D0%90%D1%8E-%D0%A1%D0%B0%D0%B9.jpg,https://thumb.wikimedia.org/wikipedia/commons/thumb/2/2c/%D0%92%D0%B5%D1%80%D0%BE%D0%BD%D0%B8%D0%BA%D0%B0_%D0%B4%D1%83%D0%B1%D1%80%D0%B0%D0%B2%D0%BD%D0%B0%D1%8F._%D0%A4%D0%BE%D1%82%D0%BE%D0%B3%D1%80%D0%B0%D1%84%D0%B8%D1%8F_%D1%81%D0%B4%D0%B5%D0%BB%D0%B0%D0%BD%D0%B0_6_%D0%B8%D1%8E%D0%BD%D1%8F_%D0%BD%D0%B0_%D0%BF%D0%BE%D0%B4%D1%85%D0%BE%D0%B4%D0%B5_%D0%BA_%D1%83%D1%89%D0%B5%D0%BB%D1%8C%D1%8E_%D0%90%D1%8E-%D0%A1%D0%B0%D0%B9.jpg/330px-%D0%92%D0%B5%D1%80%D0%BE%D0%BD%D0%B8%D0%BA%D0%B0_%D0%B4%D1%83%D0%B1%D1%80%D0%B0%D0%B2%D0%BD%D0%B0%D1%8F._%D0%A4%D0%BE%D1%82%D0%BE%D0%B3%D1%80%D0%B0%D1%84%D0%B8%D1%8F_%D1%81%D0%B4%D0%B5%D0%BB%D0%B0%D0%BD%D0%B0_6_%D0%B8%D1%8E%D0%BD%D1%8F_%D0%BD%D0%B0_%D0%BF%D0%BE%D0%B4%D1%85%D0%BE%D0%B4%D0%B5_%D0%BA_%D1%83%D1%89%D0%B5%D0%BB%D1%8C%D1%8E_%D0%90%D1%8E-%D0%A1%D0%B0%D0%B9.jpg?utm_source=commons.wikimedia.org&utm_campaign=imageinfo&utm_content=thumbnail
no,def5aebc-981b-47a0-82fd-a2cb1fe8aa04,Аюсай 2,landmark,File:Рисунок на камне 2022 году.jpg,0.78,nearby,Нурлан Елеусинов,CC BY-SA 4.0,https://creativecommons.org/licenses/by-sa/4.0,1840,3984,https://commons.wikimedia.org/wiki/File:%D0%A0%D0%B8%D1%81%D1%83%D0%BD%D0%BE%D0%BA_%D0%BD%D0%B0_%D0%BA%D0%B0%D0%BC%D0%BD%D0%B5_2022_%D0%B3%D0%BE%D0%B4%D1%83.jpg,https://thumb.wikimedia.org/wikipedia/commons/thumb/8/8b/%D0%A0%D0%B8%D1%81%D1%83%D0%BD%D0%BE%D0%BA_%D0%BD%D0%B0_%D0%BA%D0%B0%D0%BC%D0%BD%D0%B5_2022_%D0%B3%D0%BE%D0%B4%D1%83.jpg/330px-%D0%A0%D0%B8%D1%81%D1%83%D0%BD%D0%BE%D0%BA_%D0%BD%D0%B0_%D0%BA%D0%B0%D0%BC%D0%BD%D0%B5_2022_%D0%B3%D0%BE%D0%B4%D1%83.jpg?utm_source=commons.wikimedia.org&utm_campaign=imageinfo&utm_content=thumbnail
no,def5aebc-981b-47a0-82fd-a2cb1fe8aa04,Аюсай 2,landmark,File:2022-07-07 15-08-02 горы красивые.jpg,0.77,nearby,Нурлан Елеусинов,CC BY-SA 4.0,https://creativecommons.org/licenses/by-sa/4.0,1840,3984,https://commons.wikimedia.org/wiki/File:2022-07-07_15-08-02_%D0%B3%D0%BE%D1%80%D1%8B_%D0%BA%D1%80%D0%B0%D1%81%D0%B8%D0%B2%D1%8B%D0%B5.jpg,https://thumb.wikimedia.org/wikipedia/commons/thumb/9/92/2022-07-07_15-08-02_%D0%B3%D0%BE%D1%80%D1%8B_%D0%BA%D1%80%D0%B0%D1%81%D0%B8%D0%B2%D1%8B%D0%B5.jpg/330px-2022-07-07_15-08-02_%D0%B3%D0%BE%D1%80%D1%8B_%D0%BA%D1%80%D0%B0%D1%81%D0%B8%D0%B2%D1%8B%D0%B5.jpg?utm_source=commons.wikimedia.org&utm_campaign=imageinfo&utm_content=thumbnail
no,def5aebc-981b-47a0-82fd-a2cb1fe8aa04,Аюсай 2,landmark,File:2022-07-07 13-59-44 поход на бао.jpg,0.66,nearby,Нурлан Елеусинов,CC BY-SA 4.0,https://creativecommons.org/licenses/by-sa/4.0,1840,3984,https://commons.wikimedia.org/wiki/File:2022-07-07_13-59-44_%D0%BF%D0%BE%D1%85%D0%BE%D0%B4_%D0%BD%D0%B0_%D0%B1%D0%B0%D0%BE.jpg,https://thumb.wikimedia.org/wikipedia/commons/thumb/6/62/2022-07-07_13-59-44_%D0%BF%D0%BE%D1%85%D0%BE%D0%B4_%D0%BD%D0%B0_%D0%B1%D0%B0%D0%BE.jpg/330px-2022-07-07_13-59-44_%D0%BF%D0%BE%D1%85%D0%BE%D0%B4_%D0%BD%D0%B0_%D0%B1%D0%B0%D0%BE.jpg?utm_source=commons.wikimedia.org&utm_campaign=imageinfo&utm_content=thumbnail
no,def5aebc-981b-47a0-82fd-a2cb1fe8aa04,Аюсай 2,landmark,File:Үлкен Алматы өзенінен бір пэйс.jpg,0.64,nearby,Mukhamedzhan,CC BY-SA 4.0,https://creativecommons.org/licenses/by-sa/4.0,2018,4032,https://commons.wikimedia.org/wiki/File:%D2%AE%D0%BB%D0%BA%D0%B5%D0%BD_%D0%90%D0%BB%D0%BC%D0%B0%D1%82%D1%8B_%D3%A9%D0%B7%D0%B5%D0%BD%D1%96%D0%BD%D0%B5%D0%BD_%D0%B1%D1%96%D1%80_%D0%BF%D1%8D%D0%B9%D1%81.jpg,https://thumb.wikimedia.org/wikipedia/commons/thumb/a/a7/%D2%AE%D0%BB%D0%BA%D0%B5%D0%BD_%D0%90%D0%BB%D0%BC%D0%B0%D1%82%D1%8B_%D3%A9%D0%B7%D0%B5%D0%BD%D1%96%D0%BD%D0%B5%D0%BD_%D0%B1%D1%96%D1%80_%D0%BF%D1%8D%D0%B9%D1%81.jpg/330px-%D2%AE%D0%BB%D0%BA%D0%B5%D0%BD_%D0%90%D0%BB%D0%BC%D0%B0%D1%82%D1%8B_%D3%A9%D0%B7%D0%B5%D0%BD%D1%96%D0%BD%D0%B5%D0%BD_%D0%B1%D1%96%D1%80_%D0%BF%D1%8D%D0%B9%D1%81.jpg?utm_source=commons.wikimedia.org&utm_campaign=imageinfo&utm_content=thumbnail
no,def5aebc-981b-47a0-82fd-a2cb1fe8aa04,Аюсай 2,landmark,File:Ёлки Алматы.jpg,0.64,nearby,Bekzhan,CC0,http://creativecommons.org/publicdomain/zero/1.0/deed.en,3024,3024,https://commons.wikimedia.org/wiki/File:%D0%81%D0%BB%D0%BA%D0%B8_%D0%90%D0%BB%D0%BC%D0%B0%D1%82%D1%8B.jpg,https://thumb.wikimedia.org/wikipedia/commons/thumb/5/5a/%D0%81%D0%BB%D0%BA%D0%B8_%D0%90%D0%BB%D0%BC%D0%B0%D1%82%D1%8B.jpg/330px-%D0%81%D0%BB%D0%BA%D0%B8_%D0%90%D0%BB%D0%BC%D0%B0%D1%82%D1%8B.jpg?utm_source=commons.wikimedia.org&utm_campaign=imageinfo&utm_content=thumbnail
1,093ba0b4-822f-40c5-9127-a1633f2223f8,Аюсай 3,landmark,File:Водопад в ущелье Аюсай.jpg,4.00,osm category,Alfira Khissamutdin,CC BY-SA 4.0,https://creativecommons.org/licenses/by-sa/4.0,3072,4096,https://commons.wikimedia.org/wiki/File:%D0%92%D0%BE%D0%B4%D0%BE%D0%BF%D0%B0%D0%B4_%D0%B2_%D1%83%D1%89%D0%B5%D0%BB%D1%8C%D0%B5_%D0%90%D1%8E%D1%81%D0%B0%D0%B9.jpg,https://thumb.wikimedia.org/wikipedia/commons/thumb/a/a4/%D0%92%D0%BE%D0%B4%D0%BE%D0%BF%D0%B0%D0%B4_%D0%B2_%D1%83%D1%89%D0%B5%D0%BB%D1%8C%D0%B5_%D0%90%D1%8E%D1%81%D0%B0%D0%B9.jpg/330px-%D0%92%D0%BE%D0%B4%D0%BE%D0%BF%D0%B0%D0%B4_%D0%B2_%D1%83%D1%89%D0%B5%D0%BB%D1%8C%D0%B5_%D0%90%D1%8E%D1%81%D0%B0%D0%B9.jpg?utm_source=commons.wikimedia.org&utm_campaign=imageinfo&utm_content=thumbnail
no,093ba0b4-822f-40c5-9127-a1633f2223f8,Аюсай 3,landmark,File:Речка в Медвежьем ущелье - panoramio.jpg,0.53,nearby,A.Makarenkov,CC BY-SA 3.0,https://creativecommons.org/licenses/by-sa/3.0,3456,2304,https://commons.wikimedia.org/wiki/File:%D0%A0%D0%B5%D1%87%D0%BA%D0%B0_%D0%B2_%D0%9C%D0%B5%D0%B4%D0%B2%D0%B5%D0%B6%D1%8C%D0%B5%D0%BC_%D1%83%D1%89%D0%B5%D0%BB%D1%8C%D0%B5_-_panoramio.jpg,https://thumb.wikimedia.org/wikipedia/commons/thumb/f/f6/%D0%A0%D0%B5%D1%87%D0%BA%D0%B0_%D0%B2_%D0%9C%D0%B5%D0%B4%D0%B2%D0%B5%D0%B6%D1%8C%D0%B5%D0%BC_%D1%83%D1%89%D0%B5%D0%BB%D1%8C%D0%B5_-_panoramio.jpg/330px-%D0%A0%D0%B5%D1%87%D0%BA%D0%B0_%D0%B2_%D0%9C%D0%B5%D0%B4%D0%B2%D0%B5%D0%B6%D1%8C%D0%B5%D0%BC_%D1%83%D1%89%D0%B5%D0%BB%D1%8C%D0%B5_-_panoramio.jpg?utm_source=commons.wikimedia.org&utm_campaign=imageinfo&utm_content=thumbnail
no,093ba0b4-822f-40c5-9127-a1633f2223f8,Аюсай 3,landmark,File:Сосновый лес (Медвежье ущелье) - panoramio.jpg,0.53,nearby,A.Makarenkov,CC BY-SA 3.0,https://creativecommons.org/licenses/by-sa/3.0,2304,3456,https://commons.wikimedia.org/wiki/File:%D0%A1%D0%BE%D1%81%D0%BD%D0%BE%D0%B2%D1%8B%D0%B9_%D0%BB%D0%B5%D1%81_(%D0%9C%D0%B5%D0%B4%D0%B2%D0%B5%D0%B6%D1%8C%D0%B5_%D1%83%D1%89%D0%B5%D0%BB%D1%8C%D0%B5)_-_panoramio.jpg,https://thumb.wikimedia.org/wikipedia/commons/thumb/8/84/%D0%A1%D0%BE%D1%81%D0%BD%D0%BE%D0%B2%D1%8B%D0%B9_%D0%BB%D0%B5%D1%81_%28%D0%9C%D0%B5%D0%B4%D0%B2%D0%B5%D0%B6%D1%8C%D0%B5_%D1%83%D1%89%D0%B5%D0%BB%D1%8C%D0%B5%29_-_panoramio.jpg/330px-%D0%A1%D0%BE%D1%81%D0%BD%D0%BE%D0%B2%D1%8B%D0%B9_%D0%BB%D0%B5%D1%81_%28%D0%9C%D0%B5%D0%B4%D0%B2%D0%B5%D0%B6%D1%8C%D0%B5_%D1%83%D1%89%D0%B5%D0%BB%D1%8C%D0%B5%29_-_panoramio.jpg?utm_source=commons.wikimedia.org&utm_campaign=imageinfo&utm_content=thumbnail
1,cceb846a-2d71-481b-a64e-c5705ca1af00,Батарейка,landmark,File:Водопад Батарейка.jpg,4.00,osm category,Factonim,CC BY-SA 4.0,https://creativecommons.org/licenses/by-sa/4.0,3024,4032,https://commons.wikimedia.org/wiki/File:%D0%92%D0%BE%D0%B4%D0%BE%D0%BF%D0%B0%D0%B4_%D0%91%D0%B0%D1%82%D0%B0%D1%80%D0%B5%D0%B9%D0%BA%D0%B0.jpg,https://thumb.wikimedia.org/wikipedia/commons/thumb/d/d4/%D0%92%D0%BE%D0%B4%D0%BE%D0%BF%D0%B0%D0%B4_%D0%91%D0%B0%D1%82%D0%B0%D1%80%D0%B5%D0%B9%D0%BA%D0%B0.jpg/330px-%D0%92%D0%BE%D0%B4%D0%BE%D0%BF%D0%B0%D0%B4_%D0%91%D0%B0%D1%82%D0%B0%D1%80%D0%B5%D0%B9%D0%BA%D0%B0.jpg?utm_source=commons.wikimedia.org&utm_campaign=imageinfo&utm_content=thumbnail
no,cceb846a-2d71-481b-a64e-c5705ca1af00,Батарейка,landmark,File:Кок-Жайляу (22818).jpg,0.92,nearby,On The Hidden Mountain,CC0,http://creativecommons.org/publicdomain/zero/1.0/deed.en,2268,4032,https://commons.wikimedia.org/wiki/File:%D0%9A%D0%BE%D0%BA-%D0%96%D0%B0%D0%B9%D0%BB%D1%8F%D1%83_(22818).jpg,https://thumb.wikimedia.org/wikipedia/commons/thumb/2/2a/%D0%9A%D0%BE%D0%BA-%D0%96%D0%B0%D0%B9%D0%BB%D1%8F%D1%83_%2822818%29.jpg/330px-%D0%9A%D0%BE%D0%BA-%D0%96%D0%B0%D0%B9%D0%BB%D1%8F%D1%83_%2822818%29.jpg?utm_source=commons.wikimedia.org&utm_campaign=imageinfo&utm_content=thumbnail
no,cceb846a-2d71-481b-a64e-c5705ca1af00,Батарейка,landmark,File:Кок-Жайляу.jpg,0.86,nearby,On The Hidden Mountain,CC0,http://creativecommons.org/publicdomain/zero/1.0/deed.en,2268,4032,https://commons.wikimedia.org/wiki/File:%D0%9A%D0%BE%D0%BA-%D0%96%D0%B0%D0%B9%D0%BB%D1%8F%D1%83.jpg,https://thumb.wikimedia.org/wikipedia/commons/thumb/5/5c/%D0%9A%D0%BE%D0%BA-%D0%96%D0%B0%D0%B9%D0%BB%D1%8F%D1%83.jpg/330px-%D0%9A%D0%BE%D0%BA-%D0%96%D0%B0%D0%B9%D0%BB%D1%8F%D1%83.jpg?utm_source=commons.wikimedia.org&utm_campaign=imageinfo&utm_content=thumbnail
no,cceb846a-2d71-481b-a64e-c5705ca1af00,Батарейка,landmark,File:Кок-Жайляу (18349).jpg,0.86,nearby,On The Hidden Mountain,CC0,http://creativecommons.org/publicdomain/zero/1.0/deed.en,2268,4032,https://commons.wikimedia.org/wiki/File:%D0%9A%D0%BE%D0%BA-%D0%96%D0%B0%D0%B9%D0%BB%D1%8F%D1%83_(18349).jpg,https://thumb.wikimedia.org/wikipedia/commons/thumb/b/b5/%D0%9A%D0%BE%D0%BA-%D0%96%D0%B0%D0%B9%D0%BB%D1%8F%D1%83_%2818349%29.jpg/330px-%D0%9A%D0%BE%D0%BA-%D0%96%D0%B0%D0%B9%D0%BB%D1%8F%D1%83_%2818349%29.jpg?utm_source=commons.wikimedia.org&utm_campaign=imageinfo&utm_content=thumbnail
no,cceb846a-2d71-481b-a64e-c5705ca1af00,Батарейка,landmark,File:Кок-Жайляу (10688).jpg,0.86,nearby,On The Hidden Mountain,CC0,http://creativecommons.org/publicdomain/zero/1.0/deed.en,2268,4032,https://commons.wikimedia.org/wiki/File:%D0%9A%D0%BE%D0%BA-%D0%96%D0%B0%D0%B9%D0%BB%D1%8F%D1%83_(10688).jpg,https://thumb.wikimedia.org/wikipedia/commons/thumb/c/c3/%D0%9A%D0%BE%D0%BA-%D0%96%D0%B0%D0%B9%D0%BB%D1%8F%D1%83_%2810688%29.jpg/330px-%D0%9A%D0%BE%D0%BA-%D0%96%D0%B0%D0%B9%D0%BB%D1%8F%D1%83_%2810688%29.jpg?utm_source=commons.wikimedia.org&utm_campaign=imageinfo&utm_content=thumbnail
no,cceb846a-2d71-481b-a64e-c5705ca1af00,Батарейка,landmark,File:Кок-Жайляу (72565).jpg,0.86,nearby,On The Hidden Mountain,CC0,http://creativecommons.org/publicdomain/zero/1.0/deed.en,2268,4032,https://commons.wikimedia.org/wiki/File:%D0%9A%D0%BE%D0%BA-%D0%96%D0%B0%D0%B9%D0%BB%D1%8F%D1%83_(72565).jpg,https://thumb.wikimedia.org/wikipedia/commons/thumb/c/c4/%D0%9A%D0%BE%D0%BA-%D0%96%D0%B0%D0%B9%D0%BB%D1%8F%D1%83_%2872565%29.jpg/330px-%D0%9A%D0%BE%D0%BA-%D0%96%D0%B0%D0%B9%D0%BB%D1%8F%D1%83_%2872565%29.jpg?utm_source=commons.wikimedia.org&utm_campaign=imageinfo&utm_content=thumbnail
no,cceb846a-2d71-481b-a64e-c5705ca1af00,Батарейка,landmark,File:Виды Кок Жайлау.jpg,0.84,nearby,Roman Check,CC BY-SA 4.0,https://creativecommons.org/licenses/by-sa/4.0,1920,1280,https://commons.wikimedia.org/wiki/File:%D0%92%D0%B8%D0%B4%D1%8B_%D0%9A%D0%BE%D0%BA_%D0%96%D0%B0%D0%B9%D0%BB%D0%B0%D1%83.jpg,https://thumb.wikimedia.org/wikipedia/commons/thumb/d/df/%D0%92%D0%B8%D0%B4%D1%8B_%D0%9A%D0%BE%D0%BA_%D0%96%D0%B0%D0%B9%D0%BB%D0%B0%D1%83.jpg/330px-%D0%92%D0%B8%D0%B4%D1%8B_%D0%9A%D0%BE%D0%BA_%D0%96%D0%B0%D0%B9%D0%BB%D0%B0%D1%83.jpg?utm_source=commons.wikimedia.org&utm_campaign=imageinfo&utm_content=thumbnail
no,cceb846a-2d71-481b-a64e-c5705ca1af00,Батарейка,landmark,File:KokZhailao 4.jpg,0.81,nearby,Sane4o,CC BY-SA 4.0,https://creativecommons.org/licenses/by-sa/4.0,3888,5184,https://commons.wikimedia.org/wiki/File:KokZhailao_4.jpg,https://thumb.wikimedia.org/wikipedia/commons/thumb/b/bb/KokZhailao_4.jpg/330px-KokZhailao_4.jpg?utm_source=commons.wikimedia.org&utm_campaign=imageinfo&utm_content=thumbnail
no,cceb846a-2d71-481b-a64e-c5705ca1af00,Батарейка,landmark,File:KokZhailao 5.jpg,0.81,nearby,Sane4o,CC BY-SA 4.0,https://creativecommons.org/licenses/by-sa/4.0,5184,3888,https://commons.wikimedia.org/wiki/File:KokZhailao_5.jpg,https://thumb.wikimedia.org/wikipedia/commons/thumb/4/4b/KokZhailao_5.jpg/330px-KokZhailao_5.jpg?utm_source=commons.wikimedia.org&utm_campaign=imageinfo&utm_content=thumbnail
no,cceb846a-2d71-481b-a64e-c5705ca1af00,Батарейка,landmark,File:KokZhailao 6.jpg,0.81,nearby,Sane4o,CC BY-SA 4.0,https://creativecommons.org/licenses/by-sa/4.0,3888,5184,https://commons.wikimedia.org/wiki/File:KokZhailao_6.jpg,https://thumb.wikimedia.org/wikipedia/commons/thumb/6/66/KokZhailao_6.jpg/330px-KokZhailao_6.jpg?utm_source=commons.wikimedia.org&utm_campaign=imageinfo&utm_content=thumbnail
no,cceb846a-2d71-481b-a64e-c5705ca1af00,Батарейка,landmark,File:KokZhailao 3.jpg,0.80,nearby,Sane4o,CC BY-SA 4.0,https://creativecommons.org/licenses/by-sa/4.0,5184,3888,https://commons.wikimedia.org/wiki/File:KokZhailao_3.jpg,https://thumb.wikimedia.org/wikipedia/commons/thumb/b/b9/KokZhailao_3.jpg/330px-KokZhailao_3.jpg?utm_source=commons.wikimedia.org&utm_campaign=imageinfo&utm_content=thumbnail
no,cceb846a-2d71-481b-a64e-c5705ca1af00,Батарейка,landmark,File:KokZhailao 1.jpg,0.80,nearby,Sane4o,CC BY-SA 4.0,https://creativecommons.org/licenses/by-sa/4.0,5184,3888,https://commons.wikimedia.org/wiki/File:KokZhailao_1.jpg,https://thumb.wikimedia.org/wikipedia/commons/thumb/5/56/KokZhailao_1.jpg/330px-KokZhailao_1.jpg?utm_source=commons.wikimedia.org&utm_campaign=imageinfo&utm_content=thumbnail
no,6a7d048b-7f29-498e-9095-a48a2b74d1fc,Бутаковский водопад,landmark,File:Butakovka Waterfall - panoramio.jpg,4.00,osm category,Raki_Man,CC BY 3.0,https://creativecommons.org/licenses/by/3.0,1200,1600,https://commons.wikimedia.org/wiki/File:Butakovka_Waterfall_-_panoramio.jpg,https://thumb.wikimedia.org/wikipedia/commons/thumb/0/04/Butakovka_Waterfall_-_panoramio.jpg/330px-Butakovka_Waterfall_-_panoramio.jpg?utm_source=commons.wikimedia.org&utm_campaign=imageinfo&utm_content=thumbnail
2,6a7d048b-7f29-498e-9095-a48a2b74d1fc,Бутаковский водопад,landmark,File:Бутаковский водопад 2.jpg,4.00,osm category,Sane4o,CC BY-SA 4.0,https://creativecommons.org/licenses/by-sa/4.0,3888,5184,https://commons.wikimedia.org/wiki/File:%D0%91%D1%83%D1%82%D0%B0%D0%BA%D0%BE%D0%B2%D1%81%D0%BA%D0%B8%D0%B9_%D0%B2%D0%BE%D0%B4%D0%BE%D0%BF%D0%B0%D0%B4_2.jpg,https://thumb.wikimedia.org/wikipedia/commons/thumb/b/bf/%D0%91%D1%83%D1%82%D0%B0%D0%BA%D0%BE%D0%B2%D1%81%D0%BA%D0%B8%D0%B9_%D0%B2%D0%BE%D0%B4%D0%BE%D0%BF%D0%B0%D0%B4_2.jpg/330px-%D0%91%D1%83%D1%82%D0%B0%D0%BA%D0%BE%D0%B2%D1%81%D0%BA%D0%B8%D0%B9_%D0%B2%D0%BE%D0%B4%D0%BE%D0%BF%D0%B0%D0%B4_2.jpg?utm_source=commons.wikimedia.org&utm_campaign=imageinfo&utm_content=thumbnail
no,6a7d048b-7f29-498e-9095-a48a2b74d1fc,Бутаковский водопад,landmark,File:Бутаковский водопад 3.jpg,4.00,osm category,Sane4o,CC BY-SA 4.0,https://creativecommons.org/licenses/by-sa/4.0,3888,5184,https://commons.wikimedia.org/wiki/File:%D0%91%D1%83%D1%82%D0%B0%D0%BA%D0%BE%D0%B2%D1%81%D0%BA%D0%B8%D0%B9_%D0%B2%D0%BE%D0%B4%D0%BE%D0%BF%D0%B0%D0%B4_3.jpg,https://thumb.wikimedia.org/wikipedia/commons/thumb/d/d7/%D0%91%D1%83%D1%82%D0%B0%D0%BA%D0%BE%D0%B2%D1%81%D0%BA%D0%B8%D0%B9_%D0%B2%D0%BE%D0%B4%D0%BE%D0%BF%D0%B0%D0%B4_3.jpg/330px-%D0%91%D1%83%D1%82%D0%B0%D0%BA%D0%BE%D0%B2%D1%81%D0%BA%D0%B8%D0%B9_%D0%B2%D0%BE%D0%B4%D0%BE%D0%BF%D0%B0%D0%B4_3.jpg?utm_source=commons.wikimedia.org&utm_campaign=imageinfo&utm_content=thumbnail
3,6a7d048b-7f29-498e-9095-a48a2b74d1fc,Бутаковский водопад,landmark,File:Бутаковский водопад 1.jpg,4.00,osm category,Sane4o,CC BY-SA 4.0,https://creativecommons.org/licenses/by-sa/4.0,3888,5184,https://commons.wikimedia.org/wiki/File:%D0%91%D1%83%D1%82%D0%B0%D0%BA%D0%BE%D0%B2%D1%81%D0%BA%D0%B8%D0%B9_%D0%B2%D0%BE%D0%B4%D0%BE%D0%BF%D0%B0%D0%B4_1.jpg,https://thumb.wikimedia.org/wikipedia/commons/thumb/5/50/%D0%91%D1%83%D1%82%D0%B0%D0%BA%D0%BE%D0%B2%D1%81%D0%BA%D0%B8%D0%B9_%D0%B2%D0%BE%D0%B4%D0%BE%D0%BF%D0%B0%D0%B4_1.jpg/330px-%D0%91%D1%83%D1%82%D0%B0%D0%BA%D0%BE%D0%B2%D1%81%D0%BA%D0%B8%D0%B9_%D0%B2%D0%BE%D0%B4%D0%BE%D0%BF%D0%B0%D0%B4_1.jpg?utm_source=commons.wikimedia.org&utm_campaign=imageinfo&utm_content=thumbnail
no,6a7d048b-7f29-498e-9095-a48a2b74d1fc,Бутаковский водопад,landmark,File:Бутаковский водопад 4.jpg,4.00,osm category,Sane4o,CC BY-SA 4.0,https://creativecommons.org/licenses/by-sa/4.0,3888,5184,https://commons.wikimedia.org/wiki/File:%D0%91%D1%83%D1%82%D0%B0%D0%BA%D0%BE%D0%B2%D1%81%D0%BA%D0%B8%D0%B9_%D0%B2%D0%BE%D0%B4%D0%BE%D0%BF%D0%B0%D0%B4_4.jpg,https://thumb.wikimedia.org/wikipedia/commons/thumb/8/82/%D0%91%D1%83%D1%82%D0%B0%D0%BA%D0%BE%D0%B2%D1%81%D0%BA%D0%B8%D0%B9_%D0%B2%D0%BE%D0%B4%D0%BE%D0%BF%D0%B0%D0%B4_4.jpg/330px-%D0%91%D1%83%D1%82%D0%B0%D0%BA%D0%BE%D0%B2%D1%81%D0%BA%D0%B8%D0%B9_%D0%B2%D0%BE%D0%B4%D0%BE%D0%BF%D0%B0%D0%B4_4.jpg?utm_source=commons.wikimedia.org&utm_campaign=imageinfo&utm_content=thumbnail
1,6a7d048b-7f29-498e-9095-a48a2b74d1fc,Бутаковский водопад,landmark,File:Бутаковский водопад 10.jpg,4.00,osm category,Sane4o,CC BY-SA 4.0,https://creativecommons.org/licenses/by-sa/4.0,3888,5184,https://commons.wikimedia.org/wiki/File:%D0%91%D1%83%D1%82%D0%B0%D0%BA%D0%BE%D0%B2%D1%81%D0%BA%D0%B8%D0%B9_%D0%B2%D0%BE%D0%B4%D0%BE%D0%BF%D0%B0%D0%B4_10.jpg,https://thumb.wikimedia.org/wikipedia/commons/thumb/d/df/%D0%91%D1%83%D1%82%D0%B0%D0%BA%D0%BE%D0%B2%D1%81%D0%BA%D0%B8%D0%B9_%D0%B2%D0%BE%D0%B4%D0%BE%D0%BF%D0%B0%D0%B4_10.jpg/330px-%D0%91%D1%83%D1%82%D0%B0%D0%BA%D0%BE%D0%B2%D1%81%D0%BA%D0%B8%D0%B9_%D0%B2%D0%BE%D0%B4%D0%BE%D0%BF%D0%B0%D0%B4_10.jpg?utm_source=commons.wikimedia.org&utm_campaign=imageinfo&utm_content=thumbnail
no,6a7d048b-7f29-498e-9095-a48a2b74d1fc,Бутаковский водопад,landmark,File:Бутаковский водопад 11.jpg,4.00,osm category,Sane4o,CC BY-SA 4.0,https://creativecommons.org/licenses/by-sa/4.0,5184,3888,https://commons.wikimedia.org/wiki/File:%D0%91%D1%83%D1%82%D0%B0%D0%BA%D0%BE%D0%B2%D1%81%D0%BA%D0%B8%D0%B9_%D0%B2%D0%BE%D0%B4%D0%BE%D0%BF%D0%B0%D0%B4_11.jpg,https://thumb.wikimedia.org/wikipedia/commons/thumb/a/a5/%D0%91%D1%83%D1%82%D0%B0%D0%BA%D0%BE%D0%B2%D1%81%D0%BA%D0%B8%D0%B9_%D0%B2%D0%BE%D0%B4%D0%BE%D0%BF%D0%B0%D0%B4_11.jpg/330px-%D0%91%D1%83%D1%82%D0%B0%D0%BA%D0%BE%D0%B2%D1%81%D0%BA%D0%B8%D0%B9_%D0%B2%D0%BE%D0%B4%D0%BE%D0%BF%D0%B0%D0%B4_11.jpg?utm_source=commons.wikimedia.org&utm_campaign=imageinfo&utm_content=thumbnail
no,6a7d048b-7f29-498e-9095-a48a2b74d1fc,Бутаковский водопад,landmark,File:Бутаковский водопад 12.jpg,4.00,osm category,Sane4o,CC BY-SA 4.0,https://creativecommons.org/licenses/by-sa/4.0,5184,3888,https://commons.wikimedia.org/wiki/File:%D0%91%D1%83%D1%82%D0%B0%D0%BA%D0%BE%D0%B2%D1%81%D0%BA%D0%B8%D0%B9_%D0%B2%D0%BE%D0%B4%D0%BE%D0%BF%D0%B0%D0%B4_12.jpg,https://thumb.wikimedia.org/wikipedia/commons/thumb/0/05/%D0%91%D1%83%D1%82%D0%B0%D0%BA%D0%BE%D0%B2%D1%81%D0%BA%D0%B8%D0%B9_%D0%B2%D0%BE%D0%B4%D0%BE%D0%BF%D0%B0%D0%B4_12.jpg/330px-%D0%91%D1%83%D1%82%D0%B0%D0%BA%D0%BE%D0%B2%D1%81%D0%BA%D0%B8%D0%B9_%D0%B2%D0%BE%D0%B4%D0%BE%D0%BF%D0%B0%D0%B4_12.jpg?utm_source=commons.wikimedia.org&utm_campaign=imageinfo&utm_content=thumbnail
no,6a7d048b-7f29-498e-9095-a48a2b74d1fc,Бутаковский водопад,landmark,File:Бутаковский водопад 13.jpg,4.00,osm category,Sane4o,CC BY-SA 4.0,https://creativecommons.org/licenses/by-sa/4.0,3888,5184,https://commons.wikimedia.org/wiki/File:%D0%91%D1%83%D1%82%D0%B0%D0%BA%D0%BE%D0%B2%D1%81%D0%BA%D0%B8%D0%B9_%D0%B2%D0%BE%D0%B4%D0%BE%D0%BF%D0%B0%D0%B4_13.jpg,https://thumb.wikimedia.org/wikipedia/commons/thumb/7/79/%D0%91%D1%83%D1%82%D0%B0%D0%BA%D0%BE%D0%B2%D1%81%D0%BA%D0%B8%D0%B9_%D0%B2%D0%BE%D0%B4%D0%BE%D0%BF%D0%B0%D0%B4_13.jpg/330px-%D0%91%D1%83%D1%82%D0%B0%D0%BA%D0%BE%D0%B2%D1%81%D0%BA%D0%B8%D0%B9_%D0%B2%D0%BE%D0%B4%D0%BE%D0%BF%D0%B0%D0%B4_13.jpg?utm_source=commons.wikimedia.org&utm_campaign=imageinfo&utm_content=thumbnail
no,6a7d048b-7f29-498e-9095-a48a2b74d1fc,Бутаковский водопад,landmark,File:Бутаковский водопад 14.jpg,4.00,osm category,Sane4o,CC BY-SA 4.0,https://creativecommons.org/licenses/by-sa/4.0,3888,5184,https://commons.wikimedia.org/wiki/File:%D0%91%D1%83%D1%82%D0%B0%D0%BA%D0%BE%D0%B2%D1%81%D0%BA%D0%B8%D0%B9_%D0%B2%D0%BE%D0%B4%D0%BE%D0%BF%D0%B0%D0%B4_14.jpg,https://thumb.wikimedia.org/wikipedia/commons/thumb/6/6e/%D0%91%D1%83%D1%82%D0%B0%D0%BA%D0%BE%D0%B2%D1%81%D0%BA%D0%B8%D0%B9_%D0%B2%D0%BE%D0%B4%D0%BE%D0%BF%D0%B0%D0%B4_14.jpg/330px-%D0%91%D1%83%D1%82%D0%B0%D0%BA%D0%BE%D0%B2%D1%81%D0%BA%D0%B8%D0%B9_%D0%B2%D0%BE%D0%B4%D0%BE%D0%BF%D0%B0%D0%B4_14.jpg?utm_source=commons.wikimedia.org&utm_campaign=imageinfo&utm_content=thumbnail
5,6a7d048b-7f29-498e-9095-a48a2b74d1fc,Бутаковский водопад,landmark,File:Бутаковский водопад 15.jpg,4.00,osm category,Sane4o,CC BY-SA 4.0,https://creativecommons.org/licenses/by-sa/4.0,3888,5184,https://commons.wikimedia.org/wiki/File:%D0%91%D1%83%D1%82%D0%B0%D0%BA%D0%BE%D0%B2%D1%81%D0%BA%D0%B8%D0%B9_%D0%B2%D0%BE%D0%B4%D0%BE%D0%BF%D0%B0%D0%B4_15.jpg,https://thumb.wikimedia.org/wikipedia/commons/thumb/f/ff/%D0%91%D1%83%D1%82%D0%B0%D0%BA%D0%BE%D0%B2%D1%81%D0%BA%D0%B8%D0%B9_%D0%B2%D0%BE%D0%B4%D0%BE%D0%BF%D0%B0%D0%B4_15.jpg/330px-%D0%91%D1%83%D1%82%D0%B0%D0%BA%D0%BE%D0%B2%D1%81%D0%BA%D0%B8%D0%B9_%D0%B2%D0%BE%D0%B4%D0%BE%D0%BF%D0%B0%D0%B4_15.jpg?utm_source=commons.wikimedia.org&utm_campaign=imageinfo&utm_content=thumbnail
4,6a7d048b-7f29-498e-9095-a48a2b74d1fc,Бутаковский водопад,landmark,File:Бутаковский водопад 16.jpg,4.00,osm category,Sane4o,CC BY-SA 4.0,https://creativecommons.org/licenses/by-sa/4.0,3888,5184,https://commons.wikimedia.org/wiki/File:%D0%91%D1%83%D1%82%D0%B0%D0%BA%D0%BE%D0%B2%D1%81%D0%BA%D0%B8%D0%B9_%D0%B2%D0%BE%D0%B4%D0%BE%D0%BF%D0%B0%D0%B4_16.jpg,https://thumb.wikimedia.org/wikipedia/commons/thumb/3/39/%D0%91%D1%83%D1%82%D0%B0%D0%BA%D0%BE%D0%B2%D1%81%D0%BA%D0%B8%D0%B9_%D0%B2%D0%BE%D0%B4%D0%BE%D0%BF%D0%B0%D0%B4_16.jpg/330px-%D0%91%D1%83%D1%82%D0%B0%D0%BA%D0%BE%D0%B2%D1%81%D0%BA%D0%B8%D0%B9_%D0%B2%D0%BE%D0%B4%D0%BE%D0%BF%D0%B0%D0%B4_16.jpg?utm_source=commons.wikimedia.org&utm_campaign=imageinfo&utm_content=thumbnail
no,2e91bc30-7bdd-4e95-8f2a-b6bfbdf6bc2d,Верхний бутаковский водопад,landmark,File:Spacious gorge.jpg,0.71,nearby,Rogiven,CC BY-SA 4.0,https://creativecommons.org/licenses/by-sa/4.0,3024,4032,https://commons.wikimedia.org/wiki/File:Spacious_gorge.jpg,https://thumb.wikimedia.org/wikipedia/commons/thumb/f/f0/Spacious_gorge.jpg/330px-Spacious_gorge.jpg?utm_source=commons.wikimedia.org&utm_campaign=imageinfo&utm_content=thumbnail
no,2e91bc30-7bdd-4e95-8f2a-b6bfbdf6bc2d,Верхний бутаковский водопад,landmark,File:Great Kazakh Mountains.jpg,0.62,nearby,Rogiven,CC BY-SA 4.0,https://creativecommons.org/licenses/by-sa/4.0,4032,3024,https://commons.wikimedia.org/wiki/File:Great_Kazakh_Mountains.jpg,https://thumb.wikimedia.org/wikipedia/commons/thumb/2/2f/Great_Kazakh_Mountains.jpg/330px-Great_Kazakh_Mountains.jpg?utm_source=commons.wikimedia.org&utm_campaign=imageinfo&utm_content=thumbnail
no,2e91bc30-7bdd-4e95-8f2a-b6bfbdf6bc2d,Верхний бутаковский водопад,landmark,File:Summer snow.jpg,0.62,nearby,Rogiven,CC BY-SA 4.0,https://creativecommons.org/licenses/by-sa/4.0,4032,3024,https://commons.wikimedia.org/wiki/File:Summer_snow.jpg,https://thumb.wikimedia.org/wikipedia/commons/thumb/2/21/Summer_snow.jpg/330px-Summer_snow.jpg?utm_source=commons.wikimedia.org&utm_campaign=imageinfo&utm_content=thumbnail
no,2e91bc30-7bdd-4e95-8f2a-b6bfbdf6bc2d,Верхний бутаковский водопад,landmark,File:Road to Talgar.jpg,0.62,nearby,Rogiven,CC BY-SA 4.0,https://creativecommons.org/licenses/by-sa/4.0,3024,4032,https://commons.wikimedia.org/wiki/File:Road_to_Talgar.jpg,https://thumb.wikimedia.org/wikipedia/commons/thumb/e/e7/Road_to_Talgar.jpg/330px-Road_to_Talgar.jpg?utm_source=commons.wikimedia.org&utm_campaign=imageinfo&utm_content=thumbnail
no,2e91bc30-7bdd-4e95-8f2a-b6bfbdf6bc2d,Верхний бутаковский водопад,landmark,File:Flower hill.jpg,0.62,nearby,Rogiven,CC BY-SA 4.0,https://creativecommons.org/licenses/by-sa/4.0,4032,3024,https://commons.wikimedia.org/wiki/File:Flower_hill.jpg,https://thumb.wikimedia.org/wikipedia/commons/thumb/c/cb/Flower_hill.jpg/330px-Flower_hill.jpg?utm_source=commons.wikimedia.org&utm_campaign=imageinfo&utm_content=thumbnail
no,2e91bc30-7bdd-4e95-8f2a-b6bfbdf6bc2d,Верхний бутаковский водопад,landmark,File:Butakovsky pass.jpg,0.62,nearby,Rogiven,CC BY-SA 4.0,https://creativecommons.org/licenses/by-sa/4.0,3024,4032,https://commons.wikimedia.org/wiki/File:Butakovsky_pass.jpg,https://thumb.wikimedia.org/wikipedia/commons/thumb/8/8f/Butakovsky_pass.jpg/330px-Butakovsky_pass.jpg?utm_source=commons.wikimedia.org&utm_campaign=imageinfo&utm_content=thumbnail
no,2e91bc30-7bdd-4e95-8f2a-b6bfbdf6bc2d,Верхний бутаковский водопад,landmark,File:Peak Talgar from Furmanovka - panoramio.jpg,0.60,nearby,dmccarhty,CC BY-SA 3.0,https://creativecommons.org/licenses/by-sa/3.0,3456,2592,https://commons.wikimedia.org/wiki/File:Peak_Talgar_from_Furmanovka_-_panoramio.jpg,https://thumb.wikimedia.org/wikipedia/commons/thumb/5/57/Peak_Talgar_from_Furmanovka_-_panoramio.jpg/330px-Peak_Talgar_from_Furmanovka_-_panoramio.jpg?utm_source=commons.wikimedia.org&utm_campaign=imageinfo&utm_content=thumbnail
no,2e91bc30-7bdd-4e95-8f2a-b6bfbdf6bc2d,Верхний бутаковский водопад,landmark,File:The View from Peak Furmanovka - panoramio.jpg,0.60,nearby,dmccarhty,CC BY-SA 3.0,https://creativecommons.org/licenses/by-sa/3.0,3456,2592,https://commons.wikimedia.org/wiki/File:The_View_from_Peak_Furmanovka_-_panoramio.jpg,https://thumb.wikimedia.org/wikipedia/commons/thumb/4/40/The_View_from_Peak_Furmanovka_-_panoramio.jpg/330px-The_View_from_Peak_Furmanovka_-_panoramio.jpg?utm_source=commons.wikimedia.org&utm_campaign=imageinfo&utm_content=thumbnail
no,03511330-9ad5-48bc-99ed-554e9a21ebf1,Весенний,landmark,File:Горный пейзаж Алматинской области.jpg,0.54,nearby,Roman Check,CC BY-SA 4.0,https://creativecommons.org/licenses/by-sa/4.0,1920,1280,https://commons.wikimedia.org/wiki/File:%D0%93%D0%BE%D1%80%D0%BD%D1%8B%D0%B9_%D0%BF%D0%B5%D0%B9%D0%B7%D0%B0%D0%B6_%D0%90%D0%BB%D0%BC%D0%B0%D1%82%D0%B8%D0%BD%D1%81%D0%BA%D0%BE%D0%B9_%D0%BE%D0%B1%D0%BB%D0%B0%D1%81%D1%82%D0%B8.jpg,https://thumb.wikimedia.org/wikipedia/commons/thumb/b/b2/%D0%93%D0%BE%D1%80%D0%BD%D1%8B%D0%B9_%D0%BF%D0%B5%D0%B9%D0%B7%D0%B0%D0%B6_%D0%90%D0%BB%D0%BC%D0%B0%D1%82%D0%B8%D0%BD%D1%81%D0%BA%D0%BE%D0%B9_%D0%BE%D0%B1%D0%BB%D0%B0%D1%81%D1%82%D0%B8.jpg/330px-%D0%93%D0%BE%D1%80%D0%BD%D1%8B%D0%B9_%D0%BF%D0%B5%D0%B9%D0%B7%D0%B0%D0%B6_%D0%90%D0%BB%D0%BC%D0%B0%D1%82%D0%B8%D0%BD%D1%81%D0%BA%D0%BE%D0%B9_%D0%BE%D0%B1%D0%BB%D0%B0%D1%81%D1%82%D0%B8.jpg?utm_source=commons.wikimedia.org&utm_campaign=imageinfo&utm_content=thumbnail
no,03511330-9ad5-48bc-99ed-554e9a21ebf1,Весенний,landmark,File:Вид по дороге на пик Кумбель.jpg,0.54,nearby,Roman Check,CC BY-SA 4.0,https://creativecommons.org/licenses/by-sa/4.0,1920,1280,https://commons.wikimedia.org/wiki/File:%D0%92%D0%B8%D0%B4_%D0%BF%D0%BE_%D0%B4%D0%BE%D1%80%D0%BE%D0%B3%D0%B5_%D0%BD%D0%B0_%D0%BF%D0%B8%D0%BA_%D0%9A%D1%83%D0%BC%D0%B1%D0%B5%D0%BB%D1%8C.jpg,https://thumb.wikimedia.org/wikipedia/commons/thumb/3/3f/%D0%92%D0%B8%D0%B4_%D0%BF%D0%BE_%D0%B4%D0%BE%D1%80%D0%BE%D0%B3%D0%B5_%D0%BD%D0%B0_%D0%BF%D0%B8%D0%BA_%D0%9A%D1%83%D0%BC%D0%B1%D0%B5%D0%BB%D1%8C.jpg/330px-%D0%92%D0%B8%D0%B4_%D0%BF%D0%BE_%D0%B4%D0%BE%D1%80%D0%BE%D0%B3%D0%B5_%D0%BD%D0%B0_%D0%BF%D0%B8%D0%BA_%D0%9A%D1%83%D0%BC%D0%B1%D0%B5%D0%BB%D1%8C.jpg?utm_source=commons.wikimedia.org&utm_campaign=imageinfo&utm_content=thumbnail
no,03511330-9ad5-48bc-99ed-554e9a21ebf1,Весенний,landmark,File:Тропа между пиком Кумбели и Три Брата.jpg,0.54,nearby,Roman Check,CC BY-SA 4.0,https://creativecommons.org/licenses/by-sa/4.0,1920,1280,https://commons.wikimedia.org/wiki/File:%D0%A2%D1%80%D0%BE%D0%BF%D0%B0_%D0%BC%D0%B5%D0%B6%D0%B4%D1%83_%D0%BF%D0%B8%D0%BA%D0%BE%D0%BC_%D0%9A%D1%83%D0%BC%D0%B1%D0%B5%D0%BB%D0%B8_%D0%B8_%D0%A2%D1%80%D0%B8_%D0%91%D1%80%D0%B0%D1%82%D0%B0.jpg,https://thumb.wikimedia.org/wikipedia/commons/thumb/b/bd/%D0%A2%D1%80%D0%BE%D0%BF%D0%B0_%D0%BC%D0%B5%D0%B6%D0%B4%D1%83_%D0%BF%D0%B8%D0%BA%D0%BE%D0%BC_%D0%9A%D1%83%D0%BC%D0%B1%D0%B5%D0%BB%D0%B8_%D0%B8_%D0%A2%D1%80%D0%B8_%D0%91%D1%80%D0%B0%D1%82%D0%B0.jpg/330px-%D0%A2%D1%80%D0%BE%D0%BF%D0%B0_%D0%BC%D0%B5%D0%B6%D0%B4%D1%83_%D0%BF%D0%B8%D0%BA%D0%BE%D0%BC_%D0%9A%D1%83%D0%BC%D0%B1%D0%B5%D0%BB%D0%B8_%D0%B8_%D0%A2%D1%80%D0%B8_%D0%91%D1%80%D0%B0%D1%82%D0%B0.jpg?utm_source=commons.wikimedia.org&utm_campaign=imageinfo&utm_content=thumbnail
no,ba50f830-2d6b-4237-a328-85292061e972,Водопад Хоббита,landmark,"File:Bostandyk District, Almaty, Kazakhstan - panoramio (6).jpg",0.93,nearby,Anton Yefimov,CC BY 3.0,https://creativecommons.org/licenses/by/3.0,2048,1536,"https://commons.wikimedia.org/wiki/File:Bostandyk_District,_Almaty,_Kazakhstan_-_panoramio_(6).jpg",https://thumb.wikimedia.org/wikipedia/commons/thumb/f/f6/Bostandyk_District%2C_Almaty%2C_Kazakhstan_-_panoramio_%286%29.jpg/330px-Bostandyk_District%2C_Almaty%2C_Kazakhstan_-_panoramio_%286%29.jpg?utm_source=commons.wikimedia.org&utm_campaign=imageinfo&utm_content=thumbnail
no,ba50f830-2d6b-4237-a328-85292061e972,Водопад Хоббита,landmark,"File:Bostandyk District, Almaty, Kazakhstan - panoramio (5).jpg",0.93,nearby,Anton Yefimov,CC BY 3.0,https://creativecommons.org/licenses/by/3.0,2048,1536,"https://commons.wikimedia.org/wiki/File:Bostandyk_District,_Almaty,_Kazakhstan_-_panoramio_(5).jpg",https://thumb.wikimedia.org/wikipedia/commons/thumb/c/cd/Bostandyk_District%2C_Almaty%2C_Kazakhstan_-_panoramio_%285%29.jpg/330px-Bostandyk_District%2C_Almaty%2C_Kazakhstan_-_panoramio_%285%29.jpg?utm_source=commons.wikimedia.org&utm_campaign=imageinfo&utm_content=thumbnail
no,ba50f830-2d6b-4237-a328-85292061e972,Водопад Хоббита,landmark,"File:Bostandyk District, Almaty, Kazakhstan - panoramio (67).jpg",0.92,nearby,Anton Yefimov,CC BY 3.0,https://creativecommons.org/licenses/by/3.0,2448,3264,"https://commons.wikimedia.org/wiki/File:Bostandyk_District,_Almaty,_Kazakhstan_-_panoramio_(67).jpg",https://thumb.wikimedia.org/wikipedia/commons/thumb/4/47/Bostandyk_District%2C_Almaty%2C_Kazakhstan_-_panoramio_%2867%29.jpg/330px-Bostandyk_District%2C_Almaty%2C_Kazakhstan_-_panoramio_%2867%29.jpg?utm_source=commons.wikimedia.org&utm_campaign=imageinfo&utm_content=thumbnail
no,ba50f830-2d6b-4237-a328-85292061e972,Водопад Хоббита,landmark,"File:Bostandyk District, Almaty, Kazakhstan - panoramio (69).jpg",0.91,nearby,Anton Yefimov,CC BY 3.0,https://creativecommons.org/licenses/by/3.0,3264,2448,"https://commons.wikimedia.org/wiki/File:Bostandyk_District,_Almaty,_Kazakhstan_-_panoramio_(69).jpg",https://thumb.wikimedia.org/wikipedia/commons/thumb/e/ec/Bostandyk_District%2C_Almaty%2C_Kazakhstan_-_panoramio_%2869%29.jpg/330px-Bostandyk_District%2C_Almaty%2C_Kazakhstan_-_panoramio_%2869%29.jpg?utm_source=commons.wikimedia.org&utm_campaign=imageinfo&utm_content=thumbnail
no,ba50f830-2d6b-4237-a328-85292061e972,Водопад Хоббита,landmark,"File:Bostandyk District, Almaty, Kazakhstan - panoramio (71).jpg",0.90,nearby,Anton Yefimov,CC BY 3.0,https://creativecommons.org/licenses/by/3.0,3264,2448,"https://commons.wikimedia.org/wiki/File:Bostandyk_District,_Almaty,_Kazakhstan_-_panoramio_(71).jpg",https://thumb.wikimedia.org/wikipedia/commons/thumb/1/19/Bostandyk_District%2C_Almaty%2C_Kazakhstan_-_panoramio_%2871%29.jpg/330px-Bostandyk_District%2C_Almaty%2C_Kazakhstan_-_panoramio_%2871%29.jpg?utm_source=commons.wikimedia.org&utm_campaign=imageinfo&utm_content=thumbnail
no,ba50f830-2d6b-4237-a328-85292061e972,Водопад Хоббита,landmark,"File:Bostandyk District, Almaty, Kazakhstan - panoramio (14).jpg",0.90,nearby,Anton Yefimov,CC BY 3.0,https://creativecommons.org/licenses/by/3.0,2048,1536,"https://commons.wikimedia.org/wiki/File:Bostandyk_District,_Almaty,_Kazakhstan_-_panoramio_(14).jpg",https://thumb.wikimedia.org/wikipedia/commons/thumb/e/ec/Bostandyk_District%2C_Almaty%2C_Kazakhstan_-_panoramio_%2814%29.jpg/330px-Bostandyk_District%2C_Almaty%2C_Kazakhstan_-_panoramio_%2814%29.jpg?utm_source=commons.wikimedia.org&utm_campaign=imageinfo&utm_content=thumbnail
no,ba50f830-2d6b-4237-a328-85292061e972,Водопад Хоббита,landmark,"File:Bostandyk District, Almaty, Kazakhstan - panoramio (68).jpg",0.89,nearby,Anton Yefimov,CC BY 3.0,https://creativecommons.org/licenses/by/3.0,2448,3264,"https://commons.wikimedia.org/wiki/File:Bostandyk_District,_Almaty,_Kazakhstan_-_panoramio_(68).jpg",https://thumb.wikimedia.org/wikipedia/commons/thumb/a/ae/Bostandyk_District%2C_Almaty%2C_Kazakhstan_-_panoramio_%2868%29.jpg/330px-Bostandyk_District%2C_Almaty%2C_Kazakhstan_-_panoramio_%2868%29.jpg?utm_source=commons.wikimedia.org&utm_campaign=imageinfo&utm_content=thumbnail
no,ba50f830-2d6b-4237-a328-85292061e972,Водопад Хоббита,landmark,"File:Bostandyk District, Almaty, Kazakhstan - panoramio (10).jpg",0.88,nearby,Anton Yefimov,CC BY 3.0,https://creativecommons.org/licenses/by/3.0,1536,2048,"https://commons.wikimedia.org/wiki/File:Bostandyk_District,_Almaty,_Kazakhstan_-_panoramio_(10).jpg",https://thumb.wikimedia.org/wikipedia/commons/thumb/e/ed/Bostandyk_District%2C_Almaty%2C_Kazakhstan_-_panoramio_%2810%29.jpg/330px-Bostandyk_District%2C_Almaty%2C_Kazakhstan_-_panoramio_%2810%29.jpg?utm_source=commons.wikimedia.org&utm_campaign=imageinfo&utm_content=thumbnail
no,ba50f830-2d6b-4237-a328-85292061e972,Водопад Хоббита,landmark,"File:Bostandyk District, Almaty, Kazakhstan - panoramio (13).jpg",0.88,nearby,Anton Yefimov,CC BY 3.0,https://creativecommons.org/licenses/by/3.0,2048,1536,"https://commons.wikimedia.org/wiki/File:Bostandyk_District,_Almaty,_Kazakhstan_-_panoramio_(13).jpg",https://thumb.wikimedia.org/wikipedia/commons/thumb/5/5a/Bostandyk_District%2C_Almaty%2C_Kazakhstan_-_panoramio_%2813%29.jpg/330px-Bostandyk_District%2C_Almaty%2C_Kazakhstan_-_panoramio_%2813%29.jpg?utm_source=commons.wikimedia.org&utm_campaign=imageinfo&utm_content=thumbnail
no,ba50f830-2d6b-4237-a328-85292061e972,Водопад Хоббита,landmark,"File:Bostandyk District, Almaty, Kazakhstan - panoramio (12).jpg",0.88,nearby,Anton Yefimov,CC BY 3.0,https://creativecommons.org/licenses/by/3.0,2048,1536,"https://commons.wikimedia.org/wiki/File:Bostandyk_District,_Almaty,_Kazakhstan_-_panoramio_(12).jpg",https://thumb.wikimedia.org/wikipedia/commons/thumb/0/03/Bostandyk_District%2C_Almaty%2C_Kazakhstan_-_panoramio_%2812%29.jpg/330px-Bostandyk_District%2C_Almaty%2C_Kazakhstan_-_panoramio_%2812%29.jpg?utm_source=commons.wikimedia.org&utm_campaign=imageinfo&utm_content=thumbnail
no,ba50f830-2d6b-4237-a328-85292061e972,Водопад Хоббита,landmark,"File:Bostandyk District, Almaty, Kazakhstan - panoramio (11).jpg",0.86,nearby,Anton Yefimov,CC BY 3.0,https://creativecommons.org/licenses/by/3.0,2048,1536,"https://commons.wikimedia.org/wiki/File:Bostandyk_District,_Almaty,_Kazakhstan_-_panoramio_(11).jpg",https://thumb.wikimedia.org/wikipedia/commons/thumb/3/3a/Bostandyk_District%2C_Almaty%2C_Kazakhstan_-_panoramio_%2811%29.jpg/330px-Bostandyk_District%2C_Almaty%2C_Kazakhstan_-_panoramio_%2811%29.jpg?utm_source=commons.wikimedia.org&utm_campaign=imageinfo&utm_content=thumbnail
no,ba50f830-2d6b-4237-a328-85292061e972,Водопад Хоббита,landmark,"File:Bostandyk District, Almaty, Kazakhstan - panoramio (70).jpg",0.86,nearby,Anton Yefimov,CC BY 3.0,https://creativecommons.org/licenses/by/3.0,2448,3264,"https://commons.wikimedia.org/wiki/File:Bostandyk_District,_Almaty,_Kazakhstan_-_panoramio_(70).jpg",https://thumb.wikimedia.org/wikipedia/commons/thumb/8/88/Bostandyk_District%2C_Almaty%2C_Kazakhstan_-_panoramio_%2870%29.jpg/330px-Bostandyk_District%2C_Almaty%2C_Kazakhstan_-_panoramio_%2870%29.jpg?utm_source=commons.wikimedia.org&utm_campaign=imageinfo&utm_content=thumbnail
no,e066ea6e-6269-4231-aa6e-cecfb6758061,Девичьи слёзы,landmark,File:Алма-Арасан сверху зимой (12).jpg,0.97,nearby,Nikolai Bulykin,CC BY-SA 4.0,https://creativecommons.org/licenses/by-sa/4.0,5280,3956,https://commons.wikimedia.org/wiki/File:%D0%90%D0%BB%D0%BC%D0%B0-%D0%90%D1%80%D0%B0%D1%81%D0%B0%D0%BD_%D1%81%D0%B2%D0%B5%D1%80%D1%85%D1%83_%D0%B7%D0%B8%D0%BC%D0%BE%D0%B9_(12).jpg,https://thumb.wikimedia.org/wikipedia/commons/thumb/e/e3/%D0%90%D0%BB%D0%BC%D0%B0-%D0%90%D1%80%D0%B0%D1%81%D0%B0%D0%BD_%D1%81%D0%B2%D0%B5%D1%80%D1%85%D1%83_%D0%B7%D0%B8%D0%BC%D0%BE%D0%B9_%2812%29.jpg/330px-%D0%90%D0%BB%D0%BC%D0%B0-%D0%90%D1%80%D0%B0%D1%81%D0%B0%D0%BD_%D1%81%D0%B2%D0%B5%D1%80%D1%85%D1%83_%D0%B7%D0%B8%D0%BC%D0%BE%D0%B9_%2812%29.jpg?utm_source=commons.wikimedia.org&utm_campaign=imageinfo&utm_content=thumbnail
no,e066ea6e-6269-4231-aa6e-cecfb6758061,Девичьи слёзы,landmark,"File:Алма-Арасан, сферопанорама зимой (1).jpg",0.95,nearby,Nikolai Bulykin,CC BY-SA 4.0,https://creativecommons.org/licenses/by-sa/4.0,14400,7200,"https://commons.wikimedia.org/wiki/File:%D0%90%D0%BB%D0%BC%D0%B0-%D0%90%D1%80%D0%B0%D1%81%D0%B0%D0%BD,_%D1%81%D1%84%D0%B5%D1%80%D0%BE%D0%BF%D0%B0%D0%BD%D0%BE%D1%80%D0%B0%D0%BC%D0%B0_%D0%B7%D0%B8%D0%BC%D0%BE%D0%B9_(1).jpg",https://thumb.wikimedia.org/wikipedia/commons/thumb/3/3a/%D0%90%D0%BB%D0%BC%D0%B0-%D0%90%D1%80%D0%B0%D1%81%D0%B0%D0%BD%2C_%D1%81%D1%84%D0%B5%D1%80%D0%BE%D0%BF%D0%B0%D0%BD%D0%BE%D1%80%D0%B0%D0%BC%D0%B0_%D0%B7%D0%B8%D0%BC%D0%BE%D0%B9_%281%29.jpg/330px-%D0%90%D0%BB%D0%BC%D0%B0-%D0%90%D1%80%D0%B0%D1%81%D0%B0%D0%BD%2C_%D1%81%D1%84%D0%B5%D1%80%D0%BE%D0%BF%D0%B0%D0%BD%D0%BE%D1%80%D0%B0%D0%BC%D0%B0_%D0%B7%D0%B8%D0%BC%D0%BE%D0%B9_%281%29.jpg?utm_source=commons.wikimedia.org&utm_campaign=imageinfo&utm_content=thumbnail
no,e066ea6e-6269-4231-aa6e-cecfb6758061,Девичьи слёзы,landmark,File:Алма-Арасан сверху зимой (3).jpg,0.95,nearby,Nikolai Bulykin,CC BY-SA 4.0,https://creativecommons.org/licenses/by-sa/4.0,5280,3956,https://commons.wikimedia.org/wiki/File:%D0%90%D0%BB%D0%BC%D0%B0-%D0%90%D1%80%D0%B0%D1%81%D0%B0%D0%BD_%D1%81%D0%B2%D0%B5%D1%80%D1%85%D1%83_%D0%B7%D0%B8%D0%BC%D0%BE%D0%B9_(3).jpg,https://thumb.wikimedia.org/wikipedia/commons/thumb/d/d9/%D0%90%D0%BB%D0%BC%D0%B0-%D0%90%D1%80%D0%B0%D1%81%D0%B0%D0%BD_%D1%81%D0%B2%D0%B5%D1%80%D1%85%D1%83_%D0%B7%D0%B8%D0%BC%D0%BE%D0%B9_%283%29.jpg/330px-%D0%90%D0%BB%D0%BC%D0%B0-%D0%90%D1%80%D0%B0%D1%81%D0%B0%D0%BD_%D1%81%D0%B2%D0%B5%D1%80%D1%85%D1%83_%D0%B7%D0%B8%D0%BC%D0%BE%D0%B9_%283%29.jpg?utm_source=commons.wikimedia.org&utm_campaign=imageinfo&utm_content=thumbnail
no,e066ea6e-6269-4231-aa6e-cecfb6758061,Девичьи слёзы,landmark,File:Алма-Арасан сверху зимой (1).jpg,0.95,nearby,Nikolai Bulykin,CC BY-SA 4.0,https://creativecommons.org/licenses/by-sa/4.0,5280,3956,https://commons.wikimedia.org/wiki/File:%D0%90%D0%BB%D0%BC%D0%B0-%D0%90%D1%80%D0%B0%D1%81%D0%B0%D0%BD_%D1%81%D0%B2%D0%B5%D1%80%D1%85%D1%83_%D0%B7%D0%B8%D0%BC%D0%BE%D0%B9_(1).jpg,https://thumb.wikimedia.org/wikipedia/commons/thumb/f/fd/%D0%90%D0%BB%D0%BC%D0%B0-%D0%90%D1%80%D0%B0%D1%81%D0%B0%D0%BD_%D1%81%D0%B2%D0%B5%D1%80%D1%85%D1%83_%D0%B7%D0%B8%D0%BC%D0%BE%D0%B9_%281%29.jpg/330px-%D0%90%D0%BB%D0%BC%D0%B0-%D0%90%D1%80%D0%B0%D1%81%D0%B0%D0%BD_%D1%81%D0%B2%D0%B5%D1%80%D1%85%D1%83_%D0%B7%D0%B8%D0%BC%D0%BE%D0%B9_%281%29.jpg?utm_source=commons.wikimedia.org&utm_campaign=imageinfo&utm_content=thumbnail
no,e066ea6e-6269-4231-aa6e-cecfb6758061,Девичьи слёзы,landmark,File:Алма-Арасан сверху зимой (2).jpg,0.95,nearby,Nikolai Bulykin,CC BY-SA 4.0,https://creativecommons.org/licenses/by-sa/4.0,5280,3956,https://commons.wikimedia.org/wiki/File:%D0%90%D0%BB%D0%BC%D0%B0-%D0%90%D1%80%D0%B0%D1%81%D0%B0%D0%BD_%D1%81%D0%B2%D0%B5%D1%80%D1%85%D1%83_%D0%B7%D0%B8%D0%BC%D0%BE%D0%B9_(2).jpg,https://thumb.wikimedia.org/wikipedia/commons/thumb/e/ee/%D0%90%D0%BB%D0%BC%D0%B0-%D0%90%D1%80%D0%B0%D1%81%D0%B0%D0%BD_%D1%81%D0%B2%D0%B5%D1%80%D1%85%D1%83_%D0%B7%D0%B8%D0%BC%D0%BE%D0%B9_%282%29.jpg/330px-%D0%90%D0%BB%D0%BC%D0%B0-%D0%90%D1%80%D0%B0%D1%81%D0%B0%D0%BD_%D1%81%D0%B2%D0%B5%D1%80%D1%85%D1%83_%D0%B7%D0%B8%D0%BC%D0%BE%D0%B9_%282%29.jpg?utm_source=commons.wikimedia.org&utm_campaign=imageinfo&utm_content=thumbnail
no,e066ea6e-6269-4231-aa6e-cecfb6758061,Девичьи слёзы,landmark,File:20250321 123901 весна в горах.jpg,0.83,nearby,Сенька 74,CC BY-SA 4.0,https://creativecommons.org/licenses/by-sa/4.0,2992,2992,https://commons.wikimedia.org/wiki/File:20250321_123901_%D0%B2%D0%B5%D1%81%D0%BD%D0%B0_%D0%B2_%D0%B3%D0%BE%D1%80%D0%B0%D1%85.jpg,https://thumb.wikimedia.org/wikipedia/commons/thumb/0/01/20250321_123901_%D0%B2%D0%B5%D1%81%D0%BD%D0%B0_%D0%B2_%D0%B3%D0%BE%D1%80%D0%B0%D1%85.jpg/330px-20250321_123901_%D0%B2%D0%B5%D1%81%D0%BD%D0%B0_%D0%B2_%D0%B3%D0%BE%D1%80%D0%B0%D1%85.jpg?utm_source=commons.wikimedia.org&utm_campaign=imageinfo&utm_content=thumbnail
no,e066ea6e-6269-4231-aa6e-cecfb6758061,Девичьи слёзы,landmark,"File:Turdus merula intermedius, Almaty, Kazakhstan 3.jpg",0.83,nearby,zerobias,CC0,http://creativecommons.org/publicdomain/zero/1.0/deed.en,2048,1365,"https://commons.wikimedia.org/wiki/File:Turdus_merula_intermedius,_Almaty,_Kazakhstan_3.jpg",https://thumb.wikimedia.org/wikipedia/commons/thumb/2/29/Turdus_merula_intermedius%2C_Almaty%2C_Kazakhstan_3.jpg/330px-Turdus_merula_intermedius%2C_Almaty%2C_Kazakhstan_3.jpg?utm_source=commons.wikimedia.org&utm_campaign=imageinfo&utm_content=thumbnail
no,e066ea6e-6269-4231-aa6e-cecfb6758061,Девичьи слёзы,landmark,"File:20250321 124111 Казахстан, горное ущелье.jpg",0.82,nearby,Сенька 74,CC BY-SA 4.0,https://creativecommons.org/licenses/by-sa/4.0,2992,2992,"https://commons.wikimedia.org/wiki/File:20250321_124111_%D0%9A%D0%B0%D0%B7%D0%B0%D1%85%D1%81%D1%82%D0%B0%D0%BD,_%D0%B3%D0%BE%D1%80%D0%BD%D0%BE%D0%B5_%D1%83%D1%89%D0%B5%D0%BB%D1%8C%D0%B5.jpg",https://thumb.wikimedia.org/wikipedia/commons/thumb/f/f4/20250321_124111_%D0%9A%D0%B0%D0%B7%D0%B0%D1%85%D1%81%D1%82%D0%B0%D0%BD%2C_%D0%B3%D0%BE%D1%80%D0%BD%D0%BE%D0%B5_%D1%83%D1%89%D0%B5%D0%BB%D1%8C%D0%B5.jpg/330px-20250321_124111_%D0%9A%D0%B0%D0%B7%D0%B0%D1%85%D1%81%D1%82%D0%B0%D0%BD%2C_%D0%B3%D0%BE%D1%80%D0%BD%D0%BE%D0%B5_%D1%83%D1%89%D0%B5%D0%BB%D1%8C%D0%B5.jpg?utm_source=commons.wikimedia.org&utm_campaign=imageinfo&utm_content=thumbnail
no,e066ea6e-6269-4231-aa6e-cecfb6758061,Девичьи слёзы,landmark,File:Almaty (3) (29776682773).jpg,0.81,nearby,"Martin de Lusenet from Heemskerk, Netherlands",CC BY 2.0,https://creativecommons.org/licenses/by/2.0,5270,3648,https://commons.wikimedia.org/wiki/File:Almaty_(3)_(29776682773).jpg,https://thumb.wikimedia.org/wikipedia/commons/thumb/5/51/Almaty_%283%29_%2829776682773%29.jpg/330px-Almaty_%283%29_%2829776682773%29.jpg?utm_source=commons.wikimedia.org&utm_campaign=imageinfo&utm_content=thumbnail
no,e066ea6e-6269-4231-aa6e-cecfb6758061,Девичьи слёзы,landmark,File:20250321 123145 на склонах гор.jpg,0.73,nearby,Сенька 74,CC BY-SA 4.0,https://creativecommons.org/licenses/by-sa/4.0,2992,2992,https://commons.wikimedia.org/wiki/File:20250321_123145_%D0%BD%D0%B0_%D1%81%D0%BA%D0%BB%D0%BE%D0%BD%D0%B0%D1%85_%D0%B3%D0%BE%D1%80.jpg,https://thumb.wikimedia.org/wikipedia/commons/thumb/0/00/20250321_123145_%D0%BD%D0%B0_%D1%81%D0%BA%D0%BB%D0%BE%D0%BD%D0%B0%D1%85_%D0%B3%D0%BE%D1%80.jpg/330px-20250321_123145_%D0%BD%D0%B0_%D1%81%D0%BA%D0%BB%D0%BE%D0%BD%D0%B0%D1%85_%D0%B3%D0%BE%D1%80.jpg?utm_source=commons.wikimedia.org&utm_campaign=imageinfo&utm_content=thumbnail
no,e066ea6e-6269-4231-aa6e-cecfb6758061,Девичьи слёзы,landmark,File:20250321 123141 и скоро снег сойдёт.jpg,0.73,nearby,Сенька 74,CC BY-SA 4.0,https://creativecommons.org/licenses/by-sa/4.0,2992,2992,https://commons.wikimedia.org/wiki/File:20250321_123141_%D0%B8_%D1%81%D0%BA%D0%BE%D1%80%D0%BE_%D1%81%D0%BD%D0%B5%D0%B3_%D1%81%D0%BE%D0%B9%D0%B4%D1%91%D1%82.jpg,https://thumb.wikimedia.org/wikipedia/commons/thumb/2/23/20250321_123141_%D0%B8_%D1%81%D0%BA%D0%BE%D1%80%D0%BE_%D1%81%D0%BD%D0%B5%D0%B3_%D1%81%D0%BE%D0%B9%D0%B4%D1%91%D1%82.jpg/330px-20250321_123141_%D0%B8_%D1%81%D0%BA%D0%BE%D1%80%D0%BE_%D1%81%D0%BD%D0%B5%D0%B3_%D1%81%D0%BE%D0%B9%D0%B4%D1%91%D1%82.jpg?utm_source=commons.wikimedia.org&utm_campaign=imageinfo&utm_content=thumbnail
no,e066ea6e-6269-4231-aa6e-cecfb6758061,Девичьи слёзы,landmark,File:Алма-Арасан сверху зимой (4).jpg,0.73,nearby,Nikolai Bulykin,CC BY-SA 4.0,https://creativecommons.org/licenses/by-sa/4.0,5280,3956,https://commons.wikimedia.org/wiki/File:%D0%90%D0%BB%D0%BC%D0%B0-%D0%90%D1%80%D0%B0%D1%81%D0%B0%D0%BD_%D1%81%D0%B2%D0%B5%D1%80%D1%85%D1%83_%D0%B7%D0%B8%D0%BC%D0%BE%D0%B9_(4).jpg,https://thumb.wikimedia.org/wikipedia/commons/thumb/5/5b/%D0%90%D0%BB%D0%BC%D0%B0-%D0%90%D1%80%D0%B0%D1%81%D0%B0%D0%BD_%D1%81%D0%B2%D0%B5%D1%80%D1%85%D1%83_%D0%B7%D0%B8%D0%BC%D0%BE%D0%B9_%284%29.jpg/330px-%D0%90%D0%BB%D0%BC%D0%B0-%D0%90%D1%80%D0%B0%D1%81%D0%B0%D0%BD_%D1%81%D0%B2%D0%B5%D1%80%D1%85%D1%83_%D0%B7%D0%B8%D0%BC%D0%BE%D0%B9_%284%29.jpg?utm_source=commons.wikimedia.org&utm_campaign=imageinfo&utm_content=thumbnail
1,f3c5e53e-f016-4a89-81dc-a23589a56774,Кайракский водопад,landmark,File:Kairakskiy Waterfall.jpg,4.00,osm category,Yakov Fedorov,CC BY-SA 3.0,https://creativecommons.org/licenses/by-sa/3.0,2304,3072,https://commons.wikimedia.org/wiki/File:Kairakskiy_Waterfall.jpg,https://thumb.wikimedia.org/wikipedia/commons/thumb/7/7b/Kairakskiy_Waterfall.jpg/330px-Kairakskiy_Waterfall.jpg?utm_source=commons.wikimedia.org&utm_campaign=imageinfo&utm_content=thumbnail
no,f3c5e53e-f016-4a89-81dc-a23589a56774,Кайракский водопад,landmark,File:Кайракский водопад 2.jpg,4.00,osm category,Sane4o,CC BY-SA 4.0,https://creativecommons.org/licenses/by-sa/4.0,3853,3456,https://commons.wikimedia.org/wiki/File:%D0%9A%D0%B0%D0%B9%D1%80%D0%B0%D0%BA%D1%81%D0%BA%D0%B8%D0%B9_%D0%B2%D0%BE%D0%B4%D0%BE%D0%BF%D0%B0%D0%B4_2.jpg,https://thumb.wikimedia.org/wikipedia/commons/thumb/2/22/%D0%9A%D0%B0%D0%B9%D1%80%D0%B0%D0%BA%D1%81%D0%BA%D0%B8%D0%B9_%D0%B2%D0%BE%D0%B4%D0%BE%D0%BF%D0%B0%D0%B4_2.jpg/330px-%D0%9A%D0%B0%D0%B9%D1%80%D0%B0%D0%BA%D1%81%D0%BA%D0%B8%D0%B9_%D0%B2%D0%BE%D0%B4%D0%BE%D0%BF%D0%B0%D0%B4_2.jpg?utm_source=commons.wikimedia.org&utm_campaign=imageinfo&utm_content=thumbnail
no,f3c5e53e-f016-4a89-81dc-a23589a56774,Кайракский водопад,landmark,File:Кайракский водопад 1.jpg,4.00,osm category,Sane4o,CC BY-SA 4.0,https://creativecommons.org/licenses/by-sa/4.0,4608,3456,https://commons.wikimedia.org/wiki/File:%D0%9A%D0%B0%D0%B9%D1%80%D0%B0%D0%BA%D1%81%D0%BA%D0%B8%D0%B9_%D0%B2%D0%BE%D0%B4%D0%BE%D0%BF%D0%B0%D0%B4_1.jpg,https://thumb.wikimedia.org/wikipedia/commons/thumb/3/36/%D0%9A%D0%B0%D0%B9%D1%80%D0%B0%D0%BA%D1%81%D0%BA%D0%B8%D0%B9_%D0%B2%D0%BE%D0%B4%D0%BE%D0%BF%D0%B0%D0%B4_1.jpg/330px-%D0%9A%D0%B0%D0%B9%D1%80%D0%B0%D0%BA%D1%81%D0%BA%D0%B8%D0%B9_%D0%B2%D0%BE%D0%B4%D0%BE%D0%BF%D0%B0%D0%B4_1.jpg?utm_source=commons.wikimedia.org&utm_campaign=imageinfo&utm_content=thumbnail
no,f3c5e53e-f016-4a89-81dc-a23589a56774,Кайракский водопад,landmark,File:Кайракский водопад 4.jpg,4.00,osm category,Sane4o,CC BY-SA 4.0,https://creativecommons.org/licenses/by-sa/4.0,4608,3456,https://commons.wikimedia.org/wiki/File:%D0%9A%D0%B0%D0%B9%D1%80%D0%B0%D0%BA%D1%81%D0%BA%D0%B8%D0%B9_%D0%B2%D0%BE%D0%B4%D0%BE%D0%BF%D0%B0%D0%B4_4.jpg,https://thumb.wikimedia.org/wikipedia/commons/thumb/d/dd/%D0%9A%D0%B0%D0%B9%D1%80%D0%B0%D0%BA%D1%81%D0%BA%D0%B8%D0%B9_%D0%B2%D0%BE%D0%B4%D0%BE%D0%BF%D0%B0%D0%B4_4.jpg/330px-%D0%9A%D0%B0%D0%B9%D1%80%D0%B0%D0%BA%D1%81%D0%BA%D0%B8%D0%B9_%D0%B2%D0%BE%D0%B4%D0%BE%D0%BF%D0%B0%D0%B4_4.jpg?utm_source=commons.wikimedia.org&utm_campaign=imageinfo&utm_content=thumbnail
no,f3c5e53e-f016-4a89-81dc-a23589a56774,Кайракский водопад,landmark,File:Кайракский водопад 5.jpg,4.00,osm category,Sane4o,CC BY-SA 4.0,https://creativecommons.org/licenses/by-sa/4.0,4608,3456,https://commons.wikimedia.org/wiki/File:%D0%9A%D0%B0%D0%B9%D1%80%D0%B0%D0%BA%D1%81%D0%BA%D0%B8%D0%B9_%D0%B2%D0%BE%D0%B4%D0%BE%D0%BF%D0%B0%D0%B4_5.jpg,https://thumb.wikimedia.org/wikipedia/commons/thumb/7/7e/%D0%9A%D0%B0%D0%B9%D1%80%D0%B0%D0%BA%D1%81%D0%BA%D0%B8%D0%B9_%D0%B2%D0%BE%D0%B4%D0%BE%D0%BF%D0%B0%D0%B4_5.jpg/330px-%D0%9A%D0%B0%D0%B9%D1%80%D0%B0%D0%BA%D1%81%D0%BA%D0%B8%D0%B9_%D0%B2%D0%BE%D0%B4%D0%BE%D0%BF%D0%B0%D0%B4_5.jpg?utm_source=commons.wikimedia.org&utm_campaign=imageinfo&utm_content=thumbnail
no,f3c5e53e-f016-4a89-81dc-a23589a56774,Кайракский водопад,landmark,File:Кайракский водопад 6.jpg,4.00,osm category,Sane4o,CC BY-SA 4.0,https://creativecommons.org/licenses/by-sa/4.0,5472,3648,https://commons.wikimedia.org/wiki/File:%D0%9A%D0%B0%D0%B9%D1%80%D0%B0%D0%BA%D1%81%D0%BA%D0%B8%D0%B9_%D0%B2%D0%BE%D0%B4%D0%BE%D0%BF%D0%B0%D0%B4_6.jpg,https://thumb.wikimedia.org/wikipedia/commons/thumb/f/fa/%D0%9A%D0%B0%D0%B9%D1%80%D0%B0%D0%BA%D1%81%D0%BA%D0%B8%D0%B9_%D0%B2%D0%BE%D0%B4%D0%BE%D0%BF%D0%B0%D0%B4_6.jpg/330px-%D0%9A%D0%B0%D0%B9%D1%80%D0%B0%D0%BA%D1%81%D0%BA%D0%B8%D0%B9_%D0%B2%D0%BE%D0%B4%D0%BE%D0%BF%D0%B0%D0%B4_6.jpg?utm_source=commons.wikimedia.org&utm_campaign=imageinfo&utm_content=thumbnail
no,f3c5e53e-f016-4a89-81dc-a23589a56774,Кайракский водопад,landmark,File:Кайракский водопад 8.jpg,4.00,osm category,Sane4o,CC BY-SA 4.0,https://creativecommons.org/licenses/by-sa/4.0,5472,3648,https://commons.wikimedia.org/wiki/File:%D0%9A%D0%B0%D0%B9%D1%80%D0%B0%D0%BA%D1%81%D0%BA%D0%B8%D0%B9_%D0%B2%D0%BE%D0%B4%D0%BE%D0%BF%D0%B0%D0%B4_8.jpg,https://thumb.wikimedia.org/wikipedia/commons/thumb/d/d6/%D0%9A%D0%B0%D0%B9%D1%80%D0%B0%D0%BA%D1%81%D0%BA%D0%B8%D0%B9_%D0%B2%D0%BE%D0%B4%D0%BE%D0%BF%D0%B0%D0%B4_8.jpg/330px-%D0%9A%D0%B0%D0%B9%D1%80%D0%B0%D0%BA%D1%81%D0%BA%D0%B8%D0%B9_%D0%B2%D0%BE%D0%B4%D0%BE%D0%BF%D0%B0%D0%B4_8.jpg?utm_source=commons.wikimedia.org&utm_campaign=imageinfo&utm_content=thumbnail
3,f3c5e53e-f016-4a89-81dc-a23589a56774,Кайракский водопад,landmark,File:Кайракский водопад 9.jpg,4.00,osm category,Sane4o,CC BY-SA 4.0,https://creativecommons.org/licenses/by-sa/4.0,3648,5472,https://commons.wikimedia.org/wiki/File:%D0%9A%D0%B0%D0%B9%D1%80%D0%B0%D0%BA%D1%81%D0%BA%D0%B8%D0%B9_%D0%B2%D0%BE%D0%B4%D0%BE%D0%BF%D0%B0%D0%B4_9.jpg,https://thumb.wikimedia.org/wikipedia/commons/thumb/3/32/%D0%9A%D0%B0%D0%B9%D1%80%D0%B0%D0%BA%D1%81%D0%BA%D0%B8%D0%B9_%D0%B2%D0%BE%D0%B4%D0%BE%D0%BF%D0%B0%D0%B4_9.jpg/330px-%D0%9A%D0%B0%D0%B9%D1%80%D0%B0%D0%BA%D1%81%D0%BA%D0%B8%D0%B9_%D0%B2%D0%BE%D0%B4%D0%BE%D0%BF%D0%B0%D0%B4_9.jpg?utm_source=commons.wikimedia.org&utm_campaign=imageinfo&utm_content=thumbnail
no,f3c5e53e-f016-4a89-81dc-a23589a56774,Кайракский водопад,landmark,File:Кайракский водопад 7.jpg,4.00,osm category,Sane4o,CC BY-SA 4.0,https://creativecommons.org/licenses/by-sa/4.0,5472,3648,https://commons.wikimedia.org/wiki/File:%D0%9A%D0%B0%D0%B9%D1%80%D0%B0%D0%BA%D1%81%D0%BA%D0%B8%D0%B9_%D0%B2%D0%BE%D0%B4%D0%BE%D0%BF%D0%B0%D0%B4_7.jpg,https://thumb.wikimedia.org/wikipedia/commons/thumb/6/68/%D0%9A%D0%B0%D0%B9%D1%80%D0%B0%D0%BA%D1%81%D0%BA%D0%B8%D0%B9_%D0%B2%D0%BE%D0%B4%D0%BE%D0%BF%D0%B0%D0%B4_7.jpg/330px-%D0%9A%D0%B0%D0%B9%D1%80%D0%B0%D0%BA%D1%81%D0%BA%D0%B8%D0%B9_%D0%B2%D0%BE%D0%B4%D0%BE%D0%BF%D0%B0%D0%B4_7.jpg?utm_source=commons.wikimedia.org&utm_campaign=imageinfo&utm_content=thumbnail
2,f3c5e53e-f016-4a89-81dc-a23589a56774,Кайракский водопад,landmark,File:Кайракский водопад 10.jpg,4.00,osm category,Sane4o,CC BY-SA 4.0,https://creativecommons.org/licenses/by-sa/4.0,5472,3648,https://commons.wikimedia.org/wiki/File:%D0%9A%D0%B0%D0%B9%D1%80%D0%B0%D0%BA%D1%81%D0%BA%D0%B8%D0%B9_%D0%B2%D0%BE%D0%B4%D0%BE%D0%BF%D0%B0%D0%B4_10.jpg,https://thumb.wikimedia.org/wikipedia/commons/thumb/0/0a/%D0%9A%D0%B0%D0%B9%D1%80%D0%B0%D0%BA%D1%81%D0%BA%D0%B8%D0%B9_%D0%B2%D0%BE%D0%B4%D0%BE%D0%BF%D0%B0%D0%B4_10.jpg/330px-%D0%9A%D0%B0%D0%B9%D1%80%D0%B0%D0%BA%D1%81%D0%BA%D0%B8%D0%B9_%D0%B2%D0%BE%D0%B4%D0%BE%D0%BF%D0%B0%D0%B4_10.jpg?utm_source=commons.wikimedia.org&utm_campaign=imageinfo&utm_content=thumbnail
4,f3c5e53e-f016-4a89-81dc-a23589a56774,Кайракский водопад,landmark,File:Кайракский водопад 11.jpg,4.00,osm category,Sane4o,CC BY-SA 4.0,https://creativecommons.org/licenses/by-sa/4.0,5472,3648,https://commons.wikimedia.org/wiki/File:%D0%9A%D0%B0%D0%B9%D1%80%D0%B0%D0%BA%D1%81%D0%BA%D0%B8%D0%B9_%D0%B2%D0%BE%D0%B4%D0%BE%D0%BF%D0%B0%D0%B4_11.jpg,https://thumb.wikimedia.org/wikipedia/commons/thumb/c/c1/%D0%9A%D0%B0%D0%B9%D1%80%D0%B0%D0%BA%D1%81%D0%BA%D0%B8%D0%B9_%D0%B2%D0%BE%D0%B4%D0%BE%D0%BF%D0%B0%D0%B4_11.jpg/330px-%D0%9A%D0%B0%D0%B9%D1%80%D0%B0%D0%BA%D1%81%D0%BA%D0%B8%D0%B9_%D0%B2%D0%BE%D0%B4%D0%BE%D0%BF%D0%B0%D0%B4_11.jpg?utm_source=commons.wikimedia.org&utm_campaign=imageinfo&utm_content=thumbnail
no,f3c5e53e-f016-4a89-81dc-a23589a56774,Кайракский водопад,landmark,File:Кайракский водопад 12.jpg,4.00,osm category,Sane4o,CC BY-SA 4.0,https://creativecommons.org/licenses/by-sa/4.0,5184,3888,https://commons.wikimedia.org/wiki/File:%D0%9A%D0%B0%D0%B9%D1%80%D0%B0%D0%BA%D1%81%D0%BA%D0%B8%D0%B9_%D0%B2%D0%BE%D0%B4%D0%BE%D0%BF%D0%B0%D0%B4_12.jpg,https://thumb.wikimedia.org/wikipedia/commons/thumb/6/6e/%D0%9A%D0%B0%D0%B9%D1%80%D0%B0%D0%BA%D1%81%D0%BA%D0%B8%D0%B9_%D0%B2%D0%BE%D0%B4%D0%BE%D0%BF%D0%B0%D0%B4_12.jpg/330px-%D0%9A%D0%B0%D0%B9%D1%80%D0%B0%D0%BA%D1%81%D0%BA%D0%B8%D0%B9_%D0%B2%D0%BE%D0%B4%D0%BE%D0%BF%D0%B0%D0%B4_12.jpg?utm_source=commons.wikimedia.org&utm_campaign=imageinfo&utm_content=thumbnail
no,6200f310-ca31-46a6-a965-8b2b73f63562,Кимасар,landmark,File:Late Summer at Ile-Alatau National Park.jpg,0.81,nearby,Aidos.taibekuly,CC BY-SA 4.0,https://creativecommons.org/licenses/by-sa/4.0,4032,3024,https://commons.wikimedia.org/wiki/File:Late_Summer_at_Ile-Alatau_National_Park.jpg,https://thumb.wikimedia.org/wikipedia/commons/thumb/d/d8/Late_Summer_at_Ile-Alatau_National_Park.jpg/330px-Late_Summer_at_Ile-Alatau_National_Park.jpg?utm_source=commons.wikimedia.org&utm_campaign=imageinfo&utm_content=thumbnail
no,6200f310-ca31-46a6-a965-8b2b73f63562,Кимасар,landmark,"File:Medeu District, Almaty, Kazakhstan - panoramio (60).jpg",0.73,nearby,Anton Yefimov,CC BY 3.0,https://creativecommons.org/licenses/by/3.0,2048,1536,"https://commons.wikimedia.org/wiki/File:Medeu_District,_Almaty,_Kazakhstan_-_panoramio_(60).jpg",https://thumb.wikimedia.org/wikipedia/commons/thumb/4/40/Medeu_District%2C_Almaty%2C_Kazakhstan_-_panoramio_%2860%29.jpg/330px-Medeu_District%2C_Almaty%2C_Kazakhstan_-_panoramio_%2860%29.jpg?utm_source=commons.wikimedia.org&utm_campaign=imageinfo&utm_content=thumbnail
1,6200f310-ca31-46a6-a965-8b2b73f63562,Кимасар,landmark,File:Kimissar Valley - panoramio.jpg,0.72,nearby,dmccarhty,CC BY-SA 3.0,https://creativecommons.org/licenses/by-sa/3.0,3456,2592,https://commons.wikimedia.org/wiki/File:Kimissar_Valley_-_panoramio.jpg,https://thumb.wikimedia.org/wikipedia/commons/thumb/2/2c/Kimissar_Valley_-_panoramio.jpg/330px-Kimissar_Valley_-_panoramio.jpg?utm_source=commons.wikimedia.org&utm_campaign=imageinfo&utm_content=thumbnail
no,6200f310-ca31-46a6-a965-8b2b73f63562,Кимасар,landmark,File:Yellowing Sorbus tianschanica.jpg,0.71,nearby,Aidos.taibekuly,CC BY-SA 4.0,https://creativecommons.org/licenses/by-sa/4.0,4032,3024,https://commons.wikimedia.org/wiki/File:Yellowing_Sorbus_tianschanica.jpg,https://thumb.wikimedia.org/wikipedia/commons/thumb/5/5c/Yellowing_Sorbus_tianschanica.jpg/330px-Yellowing_Sorbus_tianschanica.jpg?utm_source=commons.wikimedia.org&utm_campaign=imageinfo&utm_content=thumbnail
no,6200f310-ca31-46a6-a965-8b2b73f63562,Кимасар,landmark,"File:Medeu District, Almaty, Kazakhstan - panoramio (59).jpg",0.64,nearby,Anton Yefimov,CC BY 3.0,https://creativecommons.org/licenses/by/3.0,1536,2048,"https://commons.wikimedia.org/wiki/File:Medeu_District,_Almaty,_Kazakhstan_-_panoramio_(59).jpg",https://thumb.wikimedia.org/wikipedia/commons/thumb/f/ff/Medeu_District%2C_Almaty%2C_Kazakhstan_-_panoramio_%2859%29.jpg/330px-Medeu_District%2C_Almaty%2C_Kazakhstan_-_panoramio_%2859%29.jpg?utm_source=commons.wikimedia.org&utm_campaign=imageinfo&utm_content=thumbnail
no,6200f310-ca31-46a6-a965-8b2b73f63562,Кимасар,landmark,"File:Medeu District, Almaty, Kazakhstan - panoramio (62).jpg",0.58,nearby,Anton Yefimov,CC BY 3.0,https://creativecommons.org/licenses/by/3.0,2048,1536,"https://commons.wikimedia.org/wiki/File:Medeu_District,_Almaty,_Kazakhstan_-_panoramio_(62).jpg",https://thumb.wikimedia.org/wikipedia/commons/thumb/f/f3/Medeu_District%2C_Almaty%2C_Kazakhstan_-_panoramio_%2862%29.jpg/330px-Medeu_District%2C_Almaty%2C_Kazakhstan_-_panoramio_%2862%29.jpg?utm_source=commons.wikimedia.org&utm_campaign=imageinfo&utm_content=thumbnail
no,6200f310-ca31-46a6-a965-8b2b73f63562,Кимасар,landmark,File:Kazakh terraces.jpg,0.56,nearby,Rogiven,CC BY-SA 4.0,https://creativecommons.org/licenses/by-sa/4.0,4032,3024,https://commons.wikimedia.org/wiki/File:Kazakh_terraces.jpg,https://thumb.wikimedia.org/wikipedia/commons/thumb/f/f2/Kazakh_terraces.jpg/330px-Kazakh_terraces.jpg?utm_source=commons.wikimedia.org&utm_campaign=imageinfo&utm_content=thumbnail
no,6200f310-ca31-46a6-a965-8b2b73f63562,Кимасар,landmark,File:Mounds of stone.jpg,0.55,nearby,Rogiven,CC BY-SA 4.0,https://creativecommons.org/licenses/by-sa/4.0,4032,3024,https://commons.wikimedia.org/wiki/File:Mounds_of_stone.jpg,https://thumb.wikimedia.org/wikipedia/commons/thumb/4/4b/Mounds_of_stone.jpg/330px-Mounds_of_stone.jpg?utm_source=commons.wikimedia.org&utm_campaign=imageinfo&utm_content=thumbnail
no,6200f310-ca31-46a6-a965-8b2b73f63562,Кимасар,landmark,File:Wild barberries of the Tien Shan.jpg,0.54,nearby,Kalima Tursymbay,CC BY-SA 4.0,https://creativecommons.org/licenses/by-sa/4.0,3024,4032,https://commons.wikimedia.org/wiki/File:Wild_barberries_of_the_Tien_Shan.jpg,https://thumb.wikimedia.org/wikipedia/commons/thumb/3/3b/Wild_barberries_of_the_Tien_Shan.jpg/330px-Wild_barberries_of_the_Tien_Shan.jpg?utm_source=commons.wikimedia.org&utm_campaign=imageinfo&utm_content=thumbnail
no,6200f310-ca31-46a6-a965-8b2b73f63562,Кимасар,landmark,"File:Medeu District, Almaty, Kazakhstan - panoramio (61).jpg",0.52,nearby,Anton Yefimov,CC BY 3.0,https://creativecommons.org/licenses/by/3.0,2048,1536,"https://commons.wikimedia.org/wiki/File:Medeu_District,_Almaty,_Kazakhstan_-_panoramio_(61).jpg",https://thumb.wikimedia.org/wikipedia/commons/thumb/a/a7/Medeu_District%2C_Almaty%2C_Kazakhstan_-_panoramio_%2861%29.jpg/330px-Medeu_District%2C_Almaty%2C_Kazakhstan_-_panoramio_%2861%29.jpg?utm_source=commons.wikimedia.org&utm_campaign=imageinfo&utm_content=thumbnail
no,6200f310-ca31-46a6-a965-8b2b73f63562,Кимасар,landmark,"File:Medeu District, Almaty, Kazakhstan - panoramio (63).jpg",0.51,nearby,Anton Yefimov,CC BY 3.0,https://creativecommons.org/licenses/by/3.0,1536,2048,"https://commons.wikimedia.org/wiki/File:Medeu_District,_Almaty,_Kazakhstan_-_panoramio_(63).jpg",https://thumb.wikimedia.org/wikipedia/commons/thumb/4/4a/Medeu_District%2C_Almaty%2C_Kazakhstan_-_panoramio_%2863%29.jpg/330px-Medeu_District%2C_Almaty%2C_Kazakhstan_-_panoramio_%2863%29.jpg?utm_source=commons.wikimedia.org&utm_campaign=imageinfo&utm_content=thumbnail
1,53e1efa0-e590-4348-a93a-a03605976c3f,Медвежий,landmark,File:Түрген сарқырамасы (Алматы облысы).JPG,4.00,wikidata depicts,Parmanova.ulbolsyn,CC BY-SA 3.0,https://creativecommons.org/licenses/by-sa/3.0,3240,4320,https://commons.wikimedia.org/wiki/File:%D0%A2%D2%AF%D1%80%D0%B3%D0%B5%D0%BD_%D1%81%D0%B0%D1%80%D2%9B%D1%8B%D1%80%D0%B0%D0%BC%D0%B0%D1%81%D1%8B_(%D0%90%D0%BB%D0%BC%D0%B0%D1%82%D1%8B_%D0%BE%D0%B1%D0%BB%D1%8B%D1%81%D1%8B).JPG,https://thumb.wikimedia.org/wikipedia/commons/thumb/8/84/%D0%A2%D2%AF%D1%80%D0%B3%D0%B5%D0%BD_%D1%81%D0%B0%D1%80%D2%9B%D1%8B%D1%80%D0%B0%D0%BC%D0%B0%D1%81%D1%8B_%28%D0%90%D0%BB%D0%BC%D0%B0%D1%82%D1%8B_%D0%BE%D0%B1%D0%BB%D1%8B%D1%81%D1%8B%29.JPG/330px-%D0%A2%D2%AF%D1%80%D0%B3%D0%B5%D0%BD_%D1%81%D0%B0%D1%80%D2%9B%D1%8B%D1%80%D0%B0%D0%BC%D0%B0%D1%81%D1%8B_%28%D0%90%D0%BB%D0%BC%D0%B0%D1%82%D1%8B_%D0%BE%D0%B1%D0%BB%D1%8B%D1%81%D1%8B%29.JPG?utm_source=commons.wikimedia.org&utm_campaign=imageinfo&utm_content=thumbnail
3,53e1efa0-e590-4348-a93a-a03605976c3f,Медвежий,landmark,File:Медвежий водопад Тургень.jpg,4.00,wikidata depicts,Мирсаитов Ислам,CC BY-SA 4.0,https://creativecommons.org/licenses/by-sa/4.0,3456,5184,https://commons.wikimedia.org/wiki/File:%D0%9C%D0%B5%D0%B4%D0%B2%D0%B5%D0%B6%D0%B8%D0%B9_%D0%B2%D0%BE%D0%B4%D0%BE%D0%BF%D0%B0%D0%B4_%D0%A2%D1%83%D1%80%D0%B3%D0%B5%D0%BD%D1%8C.jpg,https://thumb.wikimedia.org/wikipedia/commons/thumb/d/d4/%D0%9C%D0%B5%D0%B4%D0%B2%D0%B5%D0%B6%D0%B8%D0%B9_%D0%B2%D0%BE%D0%B4%D0%BE%D0%BF%D0%B0%D0%B4_%D0%A2%D1%83%D1%80%D0%B3%D0%B5%D0%BD%D1%8C.jpg/330px-%D0%9C%D0%B5%D0%B4%D0%B2%D0%B5%D0%B6%D0%B8%D0%B9_%D0%B2%D0%BE%D0%B4%D0%BE%D0%BF%D0%B0%D0%B4_%D0%A2%D1%83%D1%80%D0%B3%D0%B5%D0%BD%D1%8C.jpg?utm_source=commons.wikimedia.org&utm_campaign=imageinfo&utm_content=thumbnail
no,53e1efa0-e590-4348-a93a-a03605976c3f,Медвежий,landmark,File:Медвежий водопад (6).jpg,4.00,wikidata depicts,JrawX,CC BY-SA 4.0,https://creativecommons.org/licenses/by-sa/4.0,1885,3351,https://commons.wikimedia.org/wiki/File:%D0%9C%D0%B5%D0%B4%D0%B2%D0%B5%D0%B6%D0%B8%D0%B9_%D0%B2%D0%BE%D0%B4%D0%BE%D0%BF%D0%B0%D0%B4_(6).jpg,https://thumb.wikimedia.org/wikipedia/commons/thumb/1/17/%D0%9C%D0%B5%D0%B4%D0%B2%D0%B5%D0%B6%D0%B8%D0%B9_%D0%B2%D0%BE%D0%B4%D0%BE%D0%BF%D0%B0%D0%B4_%286%29.jpg/330px-%D0%9C%D0%B5%D0%B4%D0%B2%D0%B5%D0%B6%D0%B8%D0%B9_%D0%B2%D0%BE%D0%B4%D0%BE%D0%BF%D0%B0%D0%B4_%286%29.jpg?utm_source=commons.wikimedia.org&utm_campaign=imageinfo&utm_content=thumbnail
2,53e1efa0-e590-4348-a93a-a03605976c3f,Медвежий,landmark,File:1855ф.jpg,4.00,wikidata depicts,Dmaslova888,CC BY-SA 4.0,https://creativecommons.org/licenses/by-sa/4.0,3120,4160,https://commons.wikimedia.org/wiki/File:1855%D1%84.jpg,https://thumb.wikimedia.org/wikipedia/commons/thumb/3/3a/1855%D1%84.jpg/330px-1855%D1%84.jpg?utm_source=commons.wikimedia.org&utm_campaign=imageinfo&utm_content=thumbnail
no,53e1efa0-e590-4348-a93a-a03605976c3f,Медвежий,landmark,"File:Казахстан, Медвежий водопад, юзер Красный (2).jpg",2.50,"nearby, name",ElenaLitera,CC0,http://creativecommons.org/publicdomain/zero/1.0/deed.en,1899,2848,"https://commons.wikimedia.org/wiki/File:%D0%9A%D0%B0%D0%B7%D0%B0%D1%85%D1%81%D1%82%D0%B0%D0%BD,_%D0%9C%D0%B5%D0%B4%D0%B2%D0%B5%D0%B6%D0%B8%D0%B9_%D0%B2%D0%BE%D0%B4%D0%BE%D0%BF%D0%B0%D0%B4,_%D1%8E%D0%B7%D0%B5%D1%80_%D0%9A%D1%80%D0%B0%D1%81%D0%BD%D1%8B%D0%B9_(2).jpg",https://thumb.wikimedia.org/wikipedia/commons/thumb/9/92/%D0%9A%D0%B0%D0%B7%D0%B0%D1%85%D1%81%D1%82%D0%B0%D0%BD%2C_%D0%9C%D0%B5%D0%B4%D0%B2%D0%B5%D0%B6%D0%B8%D0%B9_%D0%B2%D0%BE%D0%B4%D0%BE%D0%BF%D0%B0%D0%B4%2C_%D1%8E%D0%B7%D0%B5%D1%80_%D0%9A%D1%80%D0%B0%D1%81%D0%BD%D1%8B%D0%B9_%282%29.jpg/330px-%D0%9A%D0%B0%D0%B7%D0%B0%D1%85%D1%81%D1%82%D0%B0%D0%BD%2C_%D0%9C%D0%B5%D0%B4%D0%B2%D0%B5%D0%B6%D0%B8%D0%B9_%D0%B2%D0%BE%D0%B4%D0%BE%D0%BF%D0%B0%D0%B4%2C_%D1%8E%D0%B7%D0%B5%D1%80_%D0%9A%D1%80%D0%B0%D1%81%D0%BD%D1%8B%D0%B9_%282%29.jpg?utm_source=commons.wikimedia.org&utm_campaign=imageinfo&utm_content=thumbnail
no,53e1efa0-e590-4348-a93a-a03605976c3f,Медвежий,landmark,"File:Казахстан, Медвежий водопад, юзер Красный (1).jpg",2.50,"nearby, name",ElenaLitera,CC0,http://creativecommons.org/publicdomain/zero/1.0/deed.en,2848,4272,"https://commons.wikimedia.org/wiki/File:%D0%9A%D0%B0%D0%B7%D0%B0%D1%85%D1%81%D1%82%D0%B0%D0%BD,_%D0%9C%D0%B5%D0%B4%D0%B2%D0%B5%D0%B6%D0%B8%D0%B9_%D0%B2%D0%BE%D0%B4%D0%BE%D0%BF%D0%B0%D0%B4,_%D1%8E%D0%B7%D0%B5%D1%80_%D0%9A%D1%80%D0%B0%D1%81%D0%BD%D1%8B%D0%B9_(1).jpg",https://thumb.wikimedia.org/wikipedia/commons/thumb/d/d3/%D0%9A%D0%B0%D0%B7%D0%B0%D1%85%D1%81%D1%82%D0%B0%D0%BD%2C_%D0%9C%D0%B5%D0%B4%D0%B2%D0%B5%D0%B6%D0%B8%D0%B9_%D0%B2%D0%BE%D0%B4%D0%BE%D0%BF%D0%B0%D0%B4%2C_%D1%8E%D0%B7%D0%B5%D1%80_%D0%9A%D1%80%D0%B0%D1%81%D0%BD%D1%8B%D0%B9_%281%29.jpg/330px-%D0%9A%D0%B0%D0%B7%D0%B0%D1%85%D1%81%D1%82%D0%B0%D0%BD%2C_%D0%9C%D0%B5%D0%B4%D0%B2%D0%B5%D0%B6%D0%B8%D0%B9_%D0%B2%D0%BE%D0%B4%D0%BE%D0%BF%D0%B0%D0%B4%2C_%D1%8E%D0%B7%D0%B5%D1%80_%D0%9A%D1%80%D0%B0%D1%81%D0%BD%D1%8B%D0%B9_%281%29.jpg?utm_source=commons.wikimedia.org&utm_campaign=imageinfo&utm_content=thumbnail
no,53e1efa0-e590-4348-a93a-a03605976c3f,Медвежий,landmark,"File:Казахстан, Медвежий водопад, юзер Красный (3).jpg",2.50,"nearby, name",ElenaLitera,CC0,http://creativecommons.org/publicdomain/zero/1.0/deed.en,2279,3419,"https://commons.wikimedia.org/wiki/File:%D0%9A%D0%B0%D0%B7%D0%B0%D1%85%D1%81%D1%82%D0%B0%D0%BD,_%D0%9C%D0%B5%D0%B4%D0%B2%D0%B5%D0%B6%D0%B8%D0%B9_%D0%B2%D0%BE%D0%B4%D0%BE%D0%BF%D0%B0%D0%B4,_%D1%8E%D0%B7%D0%B5%D1%80_%D0%9A%D1%80%D0%B0%D1%81%D0%BD%D1%8B%D0%B9_(3).jpg",https://thumb.wikimedia.org/wikipedia/commons/thumb/a/af/%D0%9A%D0%B0%D0%B7%D0%B0%D1%85%D1%81%D1%82%D0%B0%D0%BD%2C_%D0%9C%D0%B5%D0%B4%D0%B2%D0%B5%D0%B6%D0%B8%D0%B9_%D0%B2%D0%BE%D0%B4%D0%BE%D0%BF%D0%B0%D0%B4%2C_%D1%8E%D0%B7%D0%B5%D1%80_%D0%9A%D1%80%D0%B0%D1%81%D0%BD%D1%8B%D0%B9_%283%29.jpg/330px-%D0%9A%D0%B0%D0%B7%D0%B0%D1%85%D1%81%D1%82%D0%B0%D0%BD%2C_%D0%9C%D0%B5%D0%B4%D0%B2%D0%B5%D0%B6%D0%B8%D0%B9_%D0%B2%D0%BE%D0%B4%D0%BE%D0%BF%D0%B0%D0%B4%2C_%D1%8E%D0%B7%D0%B5%D1%80_%D0%9A%D1%80%D0%B0%D1%81%D0%BD%D1%8B%D0%B9_%283%29.jpg?utm_source=commons.wikimedia.org&utm_campaign=imageinfo&utm_content=thumbnail
no,53e1efa0-e590-4348-a93a-a03605976c3f,Медвежий,landmark,File:Медвежий водопад (7) Панорама в конце пути.jpg,2.49,"nearby, name",JrawX,CC BY-SA 4.0,https://creativecommons.org/licenses/by-sa/4.0,4000,2250,https://commons.wikimedia.org/wiki/File:%D0%9C%D0%B5%D0%B4%D0%B2%D0%B5%D0%B6%D0%B8%D0%B9_%D0%B2%D0%BE%D0%B4%D0%BE%D0%BF%D0%B0%D0%B4_(7)_%D0%9F%D0%B0%D0%BD%D0%BE%D1%80%D0%B0%D0%BC%D0%B0_%D0%B2_%D0%BA%D0%BE%D0%BD%D1%86%D0%B5_%D0%BF%D1%83%D1%82%D0%B8.jpg,https://thumb.wikimedia.org/wikipedia/commons/thumb/d/df/%D0%9C%D0%B5%D0%B4%D0%B2%D0%B5%D0%B6%D0%B8%D0%B9_%D0%B2%D0%BE%D0%B4%D0%BE%D0%BF%D0%B0%D0%B4_%287%29_%D0%9F%D0%B0%D0%BD%D0%BE%D1%80%D0%B0%D0%BC%D0%B0_%D0%B2_%D0%BA%D0%BE%D0%BD%D1%86%D0%B5_%D0%BF%D1%83%D1%82%D0%B8.jpg/330px-%D0%9C%D0%B5%D0%B4%D0%B2%D0%B5%D0%B6%D0%B8%D0%B9_%D0%B2%D0%BE%D0%B4%D0%BE%D0%BF%D0%B0%D0%B4_%287%29_%D0%9F%D0%B0%D0%BD%D0%BE%D1%80%D0%B0%D0%BC%D0%B0_%D0%B2_%D0%BA%D0%BE%D0%BD%D1%86%D0%B5_%D0%BF%D1%83%D1%82%D0%B8.jpg?utm_source=commons.wikimedia.org&utm_campaign=imageinfo&utm_content=thumbnail
no,53e1efa0-e590-4348-a93a-a03605976c3f,Медвежий,landmark,File:Медвежий водопад (4).jpg,2.47,"nearby, name",JrawX,CC BY-SA 4.0,https://creativecommons.org/licenses/by-sa/4.0,4000,3000,https://commons.wikimedia.org/wiki/File:%D0%9C%D0%B5%D0%B4%D0%B2%D0%B5%D0%B6%D0%B8%D0%B9_%D0%B2%D0%BE%D0%B4%D0%BE%D0%BF%D0%B0%D0%B4_(4).jpg,https://thumb.wikimedia.org/wikipedia/commons/thumb/2/20/%D0%9C%D0%B5%D0%B4%D0%B2%D0%B5%D0%B6%D0%B8%D0%B9_%D0%B2%D0%BE%D0%B4%D0%BE%D0%BF%D0%B0%D0%B4_%284%29.jpg/330px-%D0%9C%D0%B5%D0%B4%D0%B2%D0%B5%D0%B6%D0%B8%D0%B9_%D0%B2%D0%BE%D0%B4%D0%BE%D0%BF%D0%B0%D0%B4_%284%29.jpg?utm_source=commons.wikimedia.org&utm_campaign=imageinfo&utm_content=thumbnail
no,53e1efa0-e590-4348-a93a-a03605976c3f,Медвежий,landmark,File:Медвежий водопад (5).jpg,2.47,"nearby, name",JrawX,CC BY-SA 4.0,https://creativecommons.org/licenses/by-sa/4.0,3000,4000,https://commons.wikimedia.org/wiki/File:%D0%9C%D0%B5%D0%B4%D0%B2%D0%B5%D0%B6%D0%B8%D0%B9_%D0%B2%D0%BE%D0%B4%D0%BE%D0%BF%D0%B0%D0%B4_(5).jpg,https://thumb.wikimedia.org/wikipedia/commons/thumb/5/52/%D0%9C%D0%B5%D0%B4%D0%B2%D0%B5%D0%B6%D0%B8%D0%B9_%D0%B2%D0%BE%D0%B4%D0%BE%D0%BF%D0%B0%D0%B4_%285%29.jpg/330px-%D0%9C%D0%B5%D0%B4%D0%B2%D0%B5%D0%B6%D0%B8%D0%B9_%D0%B2%D0%BE%D0%B4%D0%BE%D0%BF%D0%B0%D0%B4_%285%29.jpg?utm_source=commons.wikimedia.org&utm_campaign=imageinfo&utm_content=thumbnail
no,53e1efa0-e590-4348-a93a-a03605976c3f,Медвежий,landmark,File:Медвежий водопад (9).jpg,2.41,"nearby, name",JrawX,CC BY-SA 4.0,https://creativecommons.org/licenses/by-sa/4.0,4000,3000,https://commons.wikimedia.org/wiki/File:%D0%9C%D0%B5%D0%B4%D0%B2%D0%B5%D0%B6%D0%B8%D0%B9_%D0%B2%D0%BE%D0%B4%D0%BE%D0%BF%D0%B0%D0%B4_(9).jpg,https://thumb.wikimedia.org/wikipedia/commons/thumb/8/81/%D0%9C%D0%B5%D0%B4%D0%B2%D0%B5%D0%B6%D0%B8%D0%B9_%D0%B2%D0%BE%D0%B4%D0%BE%D0%BF%D0%B0%D0%B4_%289%29.jpg/330px-%D0%9C%D0%B5%D0%B4%D0%B2%D0%B5%D0%B6%D0%B8%D0%B9_%D0%B2%D0%BE%D0%B4%D0%BE%D0%BF%D0%B0%D0%B4_%289%29.jpg?utm_source=commons.wikimedia.org&utm_campaign=imageinfo&utm_content=thumbnail
no,53e1efa0-e590-4348-a93a-a03605976c3f,Медвежий,landmark,File:Медвежий водопад (3).jpg,2.35,"nearby, name",JrawX,CC BY-SA 4.0,https://creativecommons.org/licenses/by-sa/4.0,4000,3000,https://commons.wikimedia.org/wiki/File:%D0%9C%D0%B5%D0%B4%D0%B2%D0%B5%D0%B6%D0%B8%D0%B9_%D0%B2%D0%BE%D0%B4%D0%BE%D0%BF%D0%B0%D0%B4_(3).jpg,https://thumb.wikimedia.org/wikipedia/commons/thumb/b/b2/%D0%9C%D0%B5%D0%B4%D0%B2%D0%B5%D0%B6%D0%B8%D0%B9_%D0%B2%D0%BE%D0%B4%D0%BE%D0%BF%D0%B0%D0%B4_%283%29.jpg/330px-%D0%9C%D0%B5%D0%B4%D0%B2%D0%B5%D0%B6%D0%B8%D0%B9_%D0%B2%D0%BE%D0%B4%D0%BE%D0%BF%D0%B0%D0%B4_%283%29.jpg?utm_source=commons.wikimedia.org&utm_campaign=imageinfo&utm_content=thumbnail
no,d2ab2505-b08b-4d38-9dc4-cf2e0b0ca6b0,Талгарский,landmark,File:Левый Талгар. PaleoKazakhstan.info - panoramio.jpg,2.17,"nearby, name",Alexandr Babkin,CC BY-SA 3.0,https://creativecommons.org/licenses/by-sa/3.0,1200,1056,https://commons.wikimedia.org/wiki/File:%D0%9B%D0%B5%D0%B2%D1%8B%D0%B9_%D0%A2%D0%B0%D0%BB%D0%B3%D0%B0%D1%80._PaleoKazakhstan.info_-_panoramio.jpg,https://thumb.wikimedia.org/wikipedia/commons/thumb/b/b1/%D0%9B%D0%B5%D0%B2%D1%8B%D0%B9_%D0%A2%D0%B0%D0%BB%D0%B3%D0%B0%D1%80._PaleoKazakhstan.info_-_panoramio.jpg/330px-%D0%9B%D0%B5%D0%B2%D1%8B%D0%B9_%D0%A2%D0%B0%D0%BB%D0%B3%D0%B0%D1%80._PaleoKazakhstan.info_-_panoramio.jpg?utm_source=commons.wikimedia.org&utm_campaign=imageinfo&utm_content=thumbnail
no,d2ab2505-b08b-4d38-9dc4-cf2e0b0ca6b0,Талгарский,landmark,File:PaleoKazakhstan.info - panoramio (8).jpg,0.79,nearby,Alexandr Babkin,CC BY-SA 3.0,https://creativecommons.org/licenses/by-sa/3.0,1200,801,https://commons.wikimedia.org/wiki/File:PaleoKazakhstan.info_-_panoramio_(8).jpg,https://thumb.wikimedia.org/wikipedia/commons/thumb/b/b1/PaleoKazakhstan.info_-_panoramio_%288%29.jpg/330px-PaleoKazakhstan.info_-_panoramio_%288%29.jpg?utm_source=commons.wikimedia.org&utm_campaign=imageinfo&utm_content=thumbnail
no,93aaf16b-ee25-4fe9-8811-a3346cb7a7fd,Черный водопад,landmark,File:Almaty IMG 3348 Almaty (37868247402).jpg,0.84,nearby,"Ninara from Helsinki, Finland",CC BY 2.0,https://creativecommons.org/licenses/by/2.0,2999,1999,https://commons.wikimedia.org/wiki/File:Almaty_IMG_3348_Almaty_(37868247402).jpg,https://thumb.wikimedia.org/wikipedia/commons/thumb/6/60/Almaty_IMG_3348_Almaty_%2837868247402%29.jpg/330px-Almaty_IMG_3348_Almaty_%2837868247402%29.jpg?utm_source=commons.wikimedia.org&utm_campaign=imageinfo&utm_content=thumbnail
no,93aaf16b-ee25-4fe9-8811-a3346cb7a7fd,Черный водопад,landmark,File:Almaty IMG 3345 Almaty (37189318054).jpg,0.77,nearby,"Ninara from Helsinki, Finland",CC BY 2.0,https://creativecommons.org/licenses/by/2.0,3147,1905,https://commons.wikimedia.org/wiki/File:Almaty_IMG_3345_Almaty_(37189318054).jpg,https://thumb.wikimedia.org/wikipedia/commons/thumb/7/79/Almaty_IMG_3345_Almaty_%2837189318054%29.jpg/330px-Almaty_IMG_3345_Almaty_%2837189318054%29.jpg?utm_source=commons.wikimedia.org&utm_campaign=imageinfo&utm_content=thumbnail
no,93aaf16b-ee25-4fe9-8811-a3346cb7a7fd,Черный водопад,landmark,File:Алатау 1.jpg,0.69,nearby,Tariaq,CC BY-SA 4.0,https://creativecommons.org/licenses/by-sa/4.0,4032,1960,https://commons.wikimedia.org/wiki/File:%D0%90%D0%BB%D0%B0%D1%82%D0%B0%D1%83_1.jpg,https://thumb.wikimedia.org/wikipedia/commons/thumb/1/1f/%D0%90%D0%BB%D0%B0%D1%82%D0%B0%D1%83_1.jpg/330px-%D0%90%D0%BB%D0%B0%D1%82%D0%B0%D1%83_1.jpg?utm_source=commons.wikimedia.org&utm_campaign=imageinfo&utm_content=thumbnail
no,93aaf16b-ee25-4fe9-8811-a3346cb7a7fd,Черный водопад,landmark,File:Іле Алатауының флорасы.jpg,0.66,nearby,Хасен Айсауле,CC BY-SA 4.0,https://creativecommons.org/licenses/by-sa/4.0,1440,2560,https://commons.wikimedia.org/wiki/File:%D0%86%D0%BB%D0%B5_%D0%90%D0%BB%D0%B0%D1%82%D0%B0%D1%83%D1%8B%D0%BD%D1%8B%D2%A3_%D1%84%D0%BB%D0%BE%D1%80%D0%B0%D1%81%D1%8B.jpg,https://thumb.wikimedia.org/wikipedia/commons/thumb/e/e1/%D0%86%D0%BB%D0%B5_%D0%90%D0%BB%D0%B0%D1%82%D0%B0%D1%83%D1%8B%D0%BD%D1%8B%D2%A3_%D1%84%D0%BB%D0%BE%D1%80%D0%B0%D1%81%D1%8B.jpg/330px-%D0%86%D0%BB%D0%B5_%D0%90%D0%BB%D0%B0%D1%82%D0%B0%D1%83%D1%8B%D0%BD%D1%8B%D2%A3_%D1%84%D0%BB%D0%BE%D1%80%D0%B0%D1%81%D1%8B.jpg?utm_source=commons.wikimedia.org&utm_campaign=imageinfo&utm_content=thumbnail
no,93aaf16b-ee25-4fe9-8811-a3346cb7a7fd,Черный водопад,landmark,File:В КОНТРОВОМ СВЕТЕ.jpg,0.65,nearby,RS128,CC BY-SA 4.0,https://creativecommons.org/licenses/by-sa/4.0,3000,2000,https://commons.wikimedia.org/wiki/File:%D0%92_%D0%9A%D0%9E%D0%9D%D0%A2%D0%A0%D0%9E%D0%92%D0%9E%D0%9C_%D0%A1%D0%92%D0%95%D0%A2%D0%95.jpg,https://thumb.wikimedia.org/wikipedia/commons/thumb/8/8f/%D0%92_%D0%9A%D0%9E%D0%9D%D0%A2%D0%A0%D0%9E%D0%92%D0%9E%D0%9C_%D0%A1%D0%92%D0%95%D0%A2%D0%95.jpg/330px-%D0%92_%D0%9A%D0%9E%D0%9D%D0%A2%D0%A0%D0%9E%D0%92%D0%9E%D0%9C_%D0%A1%D0%92%D0%95%D0%A2%D0%95.jpg?utm_source=commons.wikimedia.org&utm_campaign=imageinfo&utm_content=thumbnail
no,93aaf16b-ee25-4fe9-8811-a3346cb7a7fd,Черный водопад,landmark,File:Вид на мост через речку Малая Алматинка.jpg,0.60,nearby,Александр Владимирович 1984,CC BY-SA 4.0,https://creativecommons.org/licenses/by-sa/4.0,4608,2592,https://commons.wikimedia.org/wiki/File:%D0%92%D0%B8%D0%B4_%D0%BD%D0%B0_%D0%BC%D0%BE%D1%81%D1%82_%D1%87%D0%B5%D1%80%D0%B5%D0%B7_%D1%80%D0%B5%D1%87%D0%BA%D1%83_%D0%9C%D0%B0%D0%BB%D0%B0%D1%8F_%D0%90%D0%BB%D0%BC%D0%B0%D1%82%D0%B8%D0%BD%D0%BA%D0%B0.jpg,https://thumb.wikimedia.org/wikipedia/commons/thumb/f/f8/%D0%92%D0%B8%D0%B4_%D0%BD%D0%B0_%D0%BC%D0%BE%D1%81%D1%82_%D1%87%D0%B5%D1%80%D0%B5%D0%B7_%D1%80%D0%B5%D1%87%D0%BA%D1%83_%D0%9C%D0%B0%D0%BB%D0%B0%D1%8F_%D0%90%D0%BB%D0%BC%D0%B0%D1%82%D0%B8%D0%BD%D0%BA%D0%B0.jpg/330px-%D0%92%D0%B8%D0%B4_%D0%BD%D0%B0_%D0%BC%D0%BE%D1%81%D1%82_%D1%87%D0%B5%D1%80%D0%B5%D0%B7_%D1%80%D0%B5%D1%87%D0%BA%D1%83_%D0%9C%D0%B0%D0%BB%D0%B0%D1%8F_%D0%90%D0%BB%D0%BC%D0%B0%D1%82%D0%B8%D0%BD%D0%BA%D0%B0.jpg?utm_source=commons.wikimedia.org&utm_campaign=imageinfo&utm_content=thumbnail
no,93aaf16b-ee25-4fe9-8811-a3346cb7a7fd,Черный водопад,landmark,File:Горы и альплагерь Туюк-Су.jpg,0.54,nearby,Александр Владимирович 1984,CC BY-SA 4.0,https://creativecommons.org/licenses/by-sa/4.0,4608,2592,https://commons.wikimedia.org/wiki/File:%D0%93%D0%BE%D1%80%D1%8B_%D0%B8_%D0%B0%D0%BB%D1%8C%D0%BF%D0%BB%D0%B0%D0%B3%D0%B5%D1%80%D1%8C_%D0%A2%D1%83%D1%8E%D0%BA-%D0%A1%D1%83.jpg,https://thumb.wikimedia.org/wikipedia/commons/thumb/2/29/%D0%93%D0%BE%D1%80%D1%8B_%D0%B8_%D0%B0%D0%BB%D1%8C%D0%BF%D0%BB%D0%B0%D0%B3%D0%B5%D1%80%D1%8C_%D0%A2%D1%83%D1%8E%D0%BA-%D0%A1%D1%83.jpg/330px-%D0%93%D0%BE%D1%80%D1%8B_%D0%B8_%D0%B0%D0%BB%D1%8C%D0%BF%D0%BB%D0%B0%D0%B3%D0%B5%D1%80%D1%8C_%D0%A2%D1%83%D1%8E%D0%BA-%D0%A1%D1%83.jpg?utm_source=commons.wikimedia.org&utm_campaign=imageinfo&utm_content=thumbnail
no,7dc3a999-5b8e-4e52-9e59-e321ac42cfe5,Шукыр,landmark,"File:Алматы, Иле-Алатауский нацпарк, серпантин на БАО, белянка рапсовая на цветке горца змеиного.jpg",0.61,nearby,ElenaLitera,CC BY-SA 4.0,https://creativecommons.org/licenses/by-sa/4.0,2646,3424,"https://commons.wikimedia.org/wiki/File:%D0%90%D0%BB%D0%BC%D0%B0%D1%82%D1%8B,_%D0%98%D0%BB%D0%B5-%D0%90%D0%BB%D0%B0%D1%82%D0%B0%D1%83%D1%81%D0%BA%D0%B8%D0%B9_%D0%BD%D0%B0%D1%86%D0%BF%D0%B0%D1%80%D0%BA,_%D1%81%D0%B5%D1%80%D0%BF%D0%B0%D0%BD%D1%82%D0%B8%D0%BD_%D0%BD%D0%B0_%D0%91%D0%90%D0%9E,_%D0%B1%D0%B5%D0%BB%D1%8F%D0%BD%D0%BA%D0%B0_%D1%80%D0%B0%D0%BF%D1%81%D0%BE%D0%B2%D0%B0%D1%8F_%D0%BD%D0%B0_%D1%86%D0%B2%D0%B5%D1%82%D0%BA%D0%B5_%D0%B3%D0%BE%D1%80%D1%86%D0%B0_%D0%B7%D0%BC%D0%B5%D0%B8%D0%BD%D0%BE%D0%B3%D0%BE.jpg",https://thumb.wikimedia.org/wikipedia/commons/thumb/9/9c/%D0%90%D0%BB%D0%BC%D0%B0%D1%82%D1%8B%2C_%D0%98%D0%BB%D0%B5-%D0%90%D0%BB%D0%B0%D1%82%D0%B0%D1%83%D1%81%D0%BA%D0%B8%D0%B9_%D0%BD%D0%B0%D1%86%D0%BF%D0%B0%D1%80%D0%BA%2C_%D1%81%D0%B5%D1%80%D0%BF%D0%B0%D0%BD%D1%82%D0%B8%D0%BD_%D0%BD%D0%B0_%D0%91%D0%90%D0%9E%2C_%D0%B1%D0%B5%D0%BB%D1%8F%D0%BD%D0%BA%D0%B0_%D1%80%D0%B0%D0%BF%D1%81%D0%BE%D0%B2%D0%B0%D1%8F_%D0%BD%D0%B0_%D1%86%D0%B2%D0%B5%D1%82%D0%BA%D0%B5_%D0%B3%D0%BE%D1%80%D1%86%D0%B0_%D0%B7%D0%BC%D0%B5%D0%B8%D0%BD%D0%BE%D0%B3%D0%BE.jpg/330px-thumbnail.jpg?utm_source=commons.wikimedia.org&utm_campaign=imageinfo&utm_content=thumbnail
