id,type,name,lat,lon,access_lat,access_lon,description,source
861c15be-de92-49e9-80b8-c0e6fd4d92b8,fishing_spot,Асылколь,43.826693,77.100833,,,,osm:n13590819584
48aedcd0-8c2a-4689-b6bc-d949e802f29b,fishing_spot,Верхнетобольский Рыбопитомник,52.460872,62.197488,,,,osm:n2582148856
63b38b8d-b599-4aba-acc0-fe1de356524a,fishing_spot,Камень,52.522566,62.343496,,,,osm:w368156976
50d1c7d5-2773-4187-a9fc-f233bf4c4aaa,fishing_spot,Место Строканя,52.522798,62.346646,,,,osm:w368156975
8c88fb51-7e05-4a20-b64d-569b2958a86f,fishing_spot,Переезд Маканчи,45.859592,80.039865,,,,osm:n7935622106
8d5dd170-23f6-4133-b39a-0d572cb70a13,fishing_spot,"Рыбалка - линь, щука, окунь, раки",49.425300,72.987484,,,,osm:n1016050910
9ee7fc11-0dd8-44d9-991a-ab4b75868818,fishing_spot,Слияние 2 Лепсы,45.852021,80.171562,,,,osm:n7935623223
9b228f5c-5b5d-454f-86c5-11b5c7b8a7b4,fishing_spot,Слияние с Маканчи,45.855371,80.041236,,,,osm:n7935601117
7fa8aef3-10b2-42ff-85c0-f2e3858e5086,fishing_spot,Тополево,45.924295,79.888510,,,,osm:n7935622677
38b94a42-4f57-4c55-898c-1e16c333fc0d,fishing_spot,Шашубайка - рыбалка,46.837360,75.066352,,,,osm:n1121786206
7609b973-21f8-466b-bb29-a2ce4b982861,water_body,Cадовское озеро,51.268930,51.354466,,,,osm:w172479785
5182f853-bab5-47fe-a44a-678a051bce30,water_body,Enbek,44.124734,66.929556,,,,osm:w1297381488
d7e77b63-540b-4e10-8248-82cb96d656c2,water_body,Katpankol',49.322054,74.910779,,,,osm:w1300718996
63ba6cd9-9e41-4e9b-abda-0a09868d3a08,water_body,Koryk,49.473208,75.048432,,,,osm:w1298961071
259a5442-bc37-4b90-ba6b-ac4378e196a8,water_body,Kurkopa,50.332463,71.859974,,,,osm:w1305057384
6ddadcd2-9bf7-4481-ba04-c1d8d46eed33,water_body,Kurykol,48.982259,74.890164,,,,osm:w1304205898
8202c2d7-a3f0-4268-ae63-66449883966a,water_body,Qamystyköl,49.578898,74.954278,,,,osm:w1298433182
a75257dc-7019-46b8-9d35-7e3b6efba20e,water_body,Soqyrköl,49.616140,73.230559,,,,osm:w1526716378
ef16d072-8b9b-49e2-8fda-0d6dc7997382,water_body,Азербай,49.785492,65.546812,,,,osm:w626120810
1f594faa-a439-4ad9-ba4e-9f13cb0ccc6b,water_body,Айбас,50.552475,78.303519,,,,osm:r17435785
32620c06-86f3-43d1-bd20-f48d508b894e,water_body,Айдын,48.951484,49.611960,,,,osm:w39493220
34a36d26-c067-4eba-95f0-7c5032b824c6,water_body,Айколь,42.925919,76.508398,,,,osm:w1064829733
a22d6ad7-5456-4a4c-ae60-e22e17715e81,water_body,Айнаколь,51.858344,69.688300,,,,osm:w150169937
31d0d0b7-752e-490e-9a14-5023349cec71,water_body,Айткожаколь,50.969900,54.146569,,,,osm:w1279886674
fb9069a2-8fd9-443c-a83d-298724113ec9,water_body,Айтысколь (сол.),49.696814,75.436289,,,,osm:w428432211
3c07b7ec-f53e-4e39-96f2-2ddfb443b6a5,water_body,Айырколь,48.947422,62.292510,,,,osm:w397798271
082e4203-f30a-49ad-92ca-7a3650294f58,water_body,Акай,50.334170,51.461977,,,,osm:r7226796
a0ffa6a8-29d2-413c-b99e-e0c32ab80f50,water_body,Акай,50.338408,51.453301,,,,osm:r7226795
08c74bc4-15ee-4cab-a3b1-b263efb59034,water_body,Акбас,53.507614,67.952958,,,,osm:w536329748
0f8214a1-581c-433c-ab87-4d7a12f25846,water_body,Акбастыколь,54.394014,66.470728,,,,osm:w536824773
6730b803-62fb-4aa0-b10a-0bda28fae3e6,water_body,Акбота,50.269539,78.554119,,,,osm:r12604011
f785fbba-06c3-40e5-865a-06b310471321,water_body,Акжол,51.571738,63.338865,,,,osm:r5606700
47889226-455f-4ae7-95f1-b9fa13099142,water_body,Акколь,48.825332,63.731619,,,,osm:w220149742
4db3f9aa-9252-4d87-9fcd-846b5445a210,water_body,Акколь,49.778606,75.283844,,,,osm:w428432187
b78a1939-6eba-4572-bea4-e432e850da34,water_body,Акколь,43.126726,77.485838,,,,osm:w230078064
9b3ebb8f-16bc-4fe8-85d4-33ab7d3e76fd,water_body,Аксайские озера,42.993331,76.746067,,,,osm:r17035153
87d62f11-9d7e-44e0-9eeb-abad4c39af6c,water_body,Аксуат,54.276899,69.112125,,,,osm:w209082221
d15d3214-f09a-40c2-abb8-6d0b48a0b0f8,water_body,Аксуат,53.676067,66.446715,,,,osm:w42179024
4a349526-f395-46db-b040-89b9a02838cc,water_body,Актинод,43.291569,74.930054,,,,osm:w1230086192
0a93d5a4-c890-4c0b-8d1b-535b7ce12f58,water_body,Актюбинское водохранилище,50.196341,57.318024,,,,osm:r11949187
2b18c6d2-e2fe-4bf1-b3c0-81c00229b555,water_body,Акшкольское,49.154613,81.581375,,,,osm:w552151980
75332a8b-32e0-4742-a7c0-a1ecd1d23412,water_body,Алаайгырское водохранилище.,49.688400,81.614294,,,,osm:w670160627
23694a6d-9632-4c73-9586-ed284fe900f7,water_body,Алабайское водохранилище,42.409866,69.506017,,,,osm:w1458773050
a598e88e-a2b4-495f-9c6c-980d38e538b2,water_body,Алабота,52.747955,65.419164,,,,osm:w1271929624
40db63d1-4f49-4c5f-a994-d08fd3b1d93f,water_body,Алаколь,46.000346,81.747559,,,,osm:r35889
78bb202f-8c73-41d8-ae69-93874ece3b59,water_body,Алаколь,54.424921,66.685674,,,,osm:w536824766
aa07a028-d2cc-4723-9721-fd28319a82cd,water_body,Алаколь,51.218452,69.694445,,,,osm:w313289138
317cd9d4-90be-4dc7-88b7-2519ee0ee7cc,water_body,Алебастарский водохранилище,49.866409,82.339723,,,,osm:w41818375
6cdbd884-8403-4253-bf8e-95ef38ced3dc,water_body,Алкамерген,51.135274,76.651676,,,,osm:w403309103
db5afc1e-ef24-4b13-b6b0-c0de93a82d6b,water_body,Алма-Атинское водохранилище,43.487846,76.949592,,,,osm:r19120298
693f6d67-af01-419b-9ba4-27145faf77bd,water_body,Алтын Куль,44.153743,80.210975,,,,osm:w268940425
4e209397-49c5-4bfc-bea9-d191f9ca2654,water_body,Альпаш озеро,53.773807,66.442603,,,,osm:w539977648
88ba01d0-281b-4732-96bc-c4e6eb3e1052,water_body,Амангельдинское водохранилище,53.124225,63.587238,,,,osm:r9202149
300d4a35-51ff-4302-bc3e-d5a3a17fc744,water_body,Анисимово озеро,51.179118,51.328087,,,,osm:w283352937
c7f67fde-73af-4147-926f-dcb153d570e6,water_body,Апсикей,51.895552,68.640205,,,,osm:w325440889
40f1733d-5296-44fb-bd6a-c491db2a89c5,water_body,Арасан,49.537499,86.481899,,,,osm:r11522982
decceb82-bb49-4cba-83b7-702aea18b2dc,water_body,Арнасайские озёра,40.854715,67.762667,,,,osm:r1934000
2aaece9d-c385-4588-9e2d-68f8a44052b2,water_body,Арыкбалык,52.946532,68.213295,,,,osm:w24949429
4e526604-43bc-459c-bc1c-590713e21c10,water_body,Асубалык,50.418601,69.243168,,,,osm:w277032681
467ae097-68c2-4bf1-8a4b-32121de01c81,water_body,Атаманское озеро,54.501981,66.256274,,,,osm:w251775602
72ac51e6-70fc-4443-8b57-366136629af7,water_body,Аупельдек,50.682144,79.860793,,,,osm:w256058180
5983d167-b975-4113-a703-2199c7fbbedd,water_body,Ащисуйское водохранилище,49.957327,74.337594,,,,osm:r34268
1733dc9b-cb57-466e-9ac8-44f6bf269188,water_body,Аякколь озеро,54.541988,69.981727,,,,osm:w200020373
74dc3265-4575-44fc-aecc-0aee92527c06,water_body,Ақжайқын,44.908517,67.781024,,,,osm:w75990503
aafe7f90-d0a8-49da-a816-ee73f240adf1,water_body,Ақкөл,52.007561,70.958675,,,,osm:w250287191
3646193b-bac2-4068-9a84-88b30400d9b8,water_body,Бабье озеро,54.126052,65.732937,,,,osm:r8781399
63d39f12-f490-496f-bd87-8208d5a2d5dc,water_body,Бадамское водохранилище,42.221542,69.771189,,,,osm:w113345395
8da16c2a-db7c-42dd-aefd-d9dda83291a1,water_body,Байменское водохранилище,51.299214,73.096275,,,,osm:w124680304
68c6ba9d-48fb-4703-a3c0-9e38f064eca9,water_body,Байтакколь,48.683392,62.136117,,,,osm:w206623251
97662c10-9c2f-4a04-9058-ee0fb217f72d,water_body,Байтарколь,49.603068,75.215473,,,,osm:r19999146
7b55c45c-86b2-485f-be26-46bca71b4e39,water_body,Бакрай,52.126448,73.606093,,,,osm:w321246386
34727383-fa9e-45a2-b1e3-60676a68275f,water_body,Балхаш,46.470596,74.666411,,,,osm:r19025268
edbd2125-4542-4f6a-82b8-f5688a7161da,water_body,Балыктинское озеро,52.920799,63.162714,,,,osm:w22498625
164ec439-5843-4c14-9465-558e50d9658f,water_body,Балыкты,51.810918,70.760602,,,,osm:w150289425
63209a93-62ad-45df-8791-595567eb6a1f,water_body,Балыкты,54.028733,65.359756,,,,osm:w153203498
6b4a0ef9-3728-4383-9797-6e06ea77c28c,water_body,Балыкты озеро,54.268770,68.895352,,,,osm:w231923883
46275861-9260-4702-95a2-be95f444eb8f,water_body,Балыктыколь,52.460114,64.515148,,,,osm:w27670329
46a87959-feca-4bf3-bec4-26fa060ab848,water_body,Балыктыколь,50.364597,79.184773,,,,osm:w39517601
5ab8b02f-b24c-49ed-be3e-226068dff120,water_body,Балыктыколь,49.795788,75.938707,,,,osm:w27445061
dc651a04-a767-4d4e-ac5a-eb5635e09921,water_body,Балыктыколь,51.709840,70.166266,,,,osm:w150289426
d6118bd4-47c6-4cb9-a70d-93f0020c2436,water_body,Барал-Сы,46.033995,59.938692,,,,osm:r3334885
d098d509-fb19-4326-aeeb-3005633333db,water_body,Барап,52.092278,70.963893,,,,osm:w304391677
22ca1908-32e0-4f86-b657-83463302b5a5,water_body,Баратай,53.432036,68.588589,,,,osm:w353042343
b8ac7b9d-bf76-42f5-8f47-c1d0d789d27e,water_body,Барлыколь,52.002299,69.762137,,,,osm:w150169939
bc99b10b-54ba-48bf-8623-9e53e7fe8fc5,water_body,Бартогайское водохранилище,43.353722,78.505530,,,,osm:r19802418
b877f6c1-2f68-467d-9ac7-e9e75902948b,water_body,Бартугуль,43.129962,77.771233,,,,osm:w1232458078
eba34e40-7cd4-4f21-9a86-3f1e1cf364a0,water_body,Батантай,51.793118,70.649522,,,,osm:w150289420
1479c202-579e-4868-93af-1e704643c97f,water_body,Батырша,51.536766,76.394278,,,,osm:w403244529
f271b1c6-5515-41a0-b063-27b04a1cf623,water_body,Башенное озеро,54.614169,66.377763,,,,osm:w1221006177
d20d0eaf-23cc-47a9-8ac1-b8b6c6929c8f,water_body,Башкирское озеро,52.876919,76.502044,,,,osm:w124309615
eba7fa8e-b108-4d90-92b0-fa75f24e1c48,water_body,Баямбай,52.959772,69.933822,,,,osm:w320751569
09c60341-d624-4469-b861-292dafc1b5bc,water_body,«БейнеуСуСервис» КМК,45.301180,55.167309,,,,osm:w583177805
5e5a9dc6-bd67-48d2-b510-4d73fe7d6c18,water_body,Белое,53.287174,61.220634,,,,osm:w1412633362
b14aa034-6ff7-4622-9570-ecd135bbf845,water_body,Белое озеро,51.502974,70.670833,,,,osm:w291444326
c20a05d3-aa2a-4e1f-aa8a-a4cc5829f88e,water_body,Белое озеро,54.918319,69.257020,,,,osm:w117302208
9cc71308-e437-4108-a4af-7f146bf9e53e,water_body,Белоусовское водохранилище,50.142901,82.551682,,,,osm:w129447581
70bc7818-8927-443b-aee1-89c546efa66b,water_body,Бестюбинское водохранилище,43.003032,78.896095,,,,osm:r5191842
3800c131-d25a-4655-b6b5-a42b9e31406f,water_body,Биликоль,42.993473,70.700425,,,,osm:w24970926
ed0146ae-bed0-4769-9cf2-5edd086a2ebd,water_body,Биржанколь,50.821746,75.337804,,,,osm:w122747715
86811090-bf5b-4c09-b535-d21eb9800d73,water_body,Бирказанколь,49.191023,50.365412,,,,osm:w1190100920
188d4d9a-9f88-46f4-a745-214072aec19b,water_body,Битикское водохранилище,50.367960,50.730950,,,,osm:w328428579
ce038ed4-02fb-402b-9bea-980a339e39f5,water_body,Богатырь,43.019196,77.328526,,,,osm:w339423133
a6c07763-5b47-4e38-8bbc-e6ef2f3bacd9,water_body,Бозшаколь,53.133481,65.913800,,,,osm:w114823359
a00adbe9-e67e-408c-949d-af588b303729,water_body,Боконское,49.106069,81.543461,,,,osm:w552151197
1ca5f58c-3b28-4592-b963-c38a2950a277,water_body,Болото Сухое,54.860458,70.251730,,,,osm:w176424863
890379be-3dfd-4b54-af2f-efe65aca8c13,water_body,Большое Алматинское озеро,43.051042,76.985389,,,,osm:r3427772
9bda5177-6d04-4a3c-b9a9-a2a2bcc1087b,water_body,Большое Белое озеро,51.935809,70.079940,,,,osm:w322684002
3e1d7863-001b-4671-a05a-0a63988076db,water_body,Большой Ажбулат,53.256733,77.406724,,,,osm:r2248437
92052e80-426c-40ed-875b-e12b2d75e114,water_body,Большой Караколь,50.442533,69.505190,,,,osm:w49748404
2ce729c1-d22a-412d-8abf-bf4df7029a0d,water_body,Большой Косколь,53.919843,62.829669,,,,osm:w199169752
956dad2b-8bc8-4867-b32c-da27454bd4fb,water_body,Большой Косколь,53.912198,64.839018,,,,osm:w1531245197
f223bc20-bcb4-40d7-b3c4-5e85e9a4e0cd,water_body,Большой Косколь,53.378534,68.367992,,,,osm:w249451108
051fee57-112f-4863-b7eb-b17a7a37d25c,water_body,Большой Таволжан,52.731597,77.455195,,,,osm:w80738155
1f80b7e2-bf03-41f2-878f-3b97cfd20681,water_body,Большой Талдыколь,51.113197,71.328152,,,,osm:w23970573
496f9f0d-ef3c-4496-acdf-92d535c96c66,water_body,Большой Теренколь,54.036030,68.370455,,,,osm:w114822361
ab712b6f-9b65-424b-8ef4-84114c641f88,water_body,Большой Тересколь,54.240674,65.472321,,,,osm:w251776417
b7bd02c6-cfb2-4db7-8543-d5a76dce41b0,water_body,Борлыколь,52.149655,71.572695,,,,osm:w324494176
b5381f04-7648-484d-aa56-591b6279e39f,water_body,Боровской озеро,53.798968,64.136735,,,,osm:w121815731
6285a4ea-4597-4043-b417-46c763e6f5b0,water_body,Бортеколь,51.659628,73.389937,,,,osm:w727371577
ddaf6a03-f0c3-4e31-900a-c3a089b08f34,water_body,Босколь,53.721700,61.191733,,,,osm:w348212651
23a613c6-38c3-4aee-9292-9dccf5d2ccda,water_body,Босога,50.802553,79.155294,,,,osm:w344268433
875b8e0a-b671-4be4-b43f-c538c1a6248b,water_body,Ботакара водохранилище,50.093950,73.682690,,,,osm:w43397425
e1ae0fe0-4ce3-42e9-929b-bf54de5ed36c,water_body,Боткуль,48.780637,46.660388,,,,osm:r3808353
a59a9707-87a2-4f02-a52f-543f8d8cf3be,water_body,Бугуньское водохранилище,42.739677,69.065084,,,,osm:w39209867
81f01e15-5821-44fd-b185-1fd3ab7fb161,water_body,Букынколь,48.735359,62.047944,,,,osm:w626139051
0d5864a2-206a-4dfd-a9db-2edbaa07da15,water_body,Буламбайколь,51.019356,75.793899,,,,osm:r1111288
22b8b8ae-bfa8-40de-8e51-f66e570cdb35,water_body,Бухтарминское водохранилище,49.011379,83.868395,,,,osm:r1204368
b30aed36-d4bc-4e62-9e2f-d453dde1d8c8,water_body,Бухтарминское озеро,49.289322,86.938026,,,,osm:w215306348
646e31b5-ee00-48ec-abf9-9507c29c6870,water_body,Былкиндык,51.905565,70.250198,,,,osm:w730067424
b6c06823-099f-4735-9e44-12e15d01d2c2,water_body,Быструшинское водохранилище,50.329339,83.582156,,,,osm:r9493992
347b4e1e-3bcf-43ac-85e8-57ed3c9e3525,water_body,Бөгеткөл көлі,43.287671,70.798484,,,,osm:w1083722577
293e7e10-98b9-451e-a2d9-248027ffc2ca,water_body,Варфоломеевское водохранилище,50.171196,47.998312,,,,osm:r18855345
f8435051-b886-4480-89bf-9ecd12aeb517,water_body,Верхнее Казачье,42.994501,76.719989,,,,osm:w353693549
36b76eec-63ac-48ec-b2d2-6b9d77aa5bd3,water_body,Верхнее озеро Сайрам-су,42.090044,70.401504,,,,osm:w141076584
cf914941-5e91-496b-a142-bad7a3bf4260,water_body,Верхнее озеро Тогызак,43.012028,77.200355,,,,osm:w1081389140
643753f3-a1ce-4239-aa99-7d65dd649585,water_body,Верхнее Сильбили,42.179183,70.465470,,,,osm:w291218609
9d907bdf-db52-4a7a-b6ee-f939d145c99d,water_body,Верхнетобольское водохранилище,52.519677,62.280070,,,,osm:r5477169
d9e01c1c-dc81-439a-ba95-5297cd330e52,water_body,Верхний Балактыколь,49.103370,80.949326,,,,osm:w22699825
cce523ba-7b21-4252-8745-481631092c3e,water_body,Верхний Жасылколь,45.261772,80.626827,,,,osm:w275956538
d34eac41-7ce1-4281-9fb9-05a4ee16f48d,water_body,Верхний Кольсай,42.912165,78.343311,,,,osm:w391771355
d3c0c765-3883-46ab-a331-14ebf65577e5,water_body,Весёловское,50.318341,82.340835,,,,osm:w351609548
e3c4d0ab-627b-4a0d-b8c8-2793cb18576a,water_body,Витаминка,43.920873,77.280198,,,,osm:w388284187
8b604ee4-3102-4bf5-ba05-607f06b98f69,water_body,Водохранилище Анисимово №1,51.176467,51.329218,,,,osm:w1290149111
779b7658-6ae2-49d3-a9ee-e07f7a0eaf81,water_body,Водохранилище Анисимово №2,51.166109,51.311547,,,,osm:w1290149110
d654b70c-20f3-4ab8-9474-74b8c430fb78,water_body,Водохранилище Анисимово №3,51.159585,51.324330,,,,osm:w1290149109
9e10e0ff-c699-4989-be14-d5c8ef127014,water_body,Водохранилище Ащыбулак,45.019002,78.509057,,,,osm:w701270097
9c1e0d12-ca7a-4071-91bd-4ca69e3cb3dc,water_body,Водохранилище гидроузла № 10,50.793534,73.685265,,,,osm:w96687341
6ae8949a-a548-44a9-9eb2-3cf898c5d587,water_body,Водохранилище гидроузла № 11,50.709119,73.567028,,,,osm:w38804694
af5d719d-9d21-49e8-8abe-e8deac5eaddf,water_body,Водохранилище гидроузла №3,51.465340,74.365769,,,,osm:r3817988
4c197349-9144-4036-951a-b219e9343b2e,water_body,Водохранилище гидроузла №4,51.348441,74.308470,,,,osm:r3817987
06d48384-1517-4b86-ba3f-9ef7d36f3461,water_body,Водохранилище гидроузла № 5,51.275449,74.166648,,,,osm:r3817989
49d70a14-5f12-410e-b98c-60a9048b3c70,water_body,Водохранилище гидроузла № 6,51.178303,73.997851,,,,osm:w399236971
11aae39c-341e-4939-a49f-99d8073750ce,water_body,Водохранилище гидроузла № 8,50.938120,74.006058,,,,osm:r5997401
94a7cd52-f7a7-4d63-ada2-f8b2732a5a4b,water_body,Водохранилище Рыбцех №1,51.213406,51.303994,,,,osm:w1238779897
6ed14a31-3943-40ec-b585-3ce7d95991cf,water_body,Водохранилище Рыбцех №2,51.213898,51.307562,,,,osm:w420353778
4932dc5c-7e1e-4ff8-9216-c0b1b27c8d9e,water_body,Водохранилище Шагалалы,53.257531,69.270285,,,,osm:r947708
513c09af-21b9-4faa-a83c-6dd4c4b51dce,water_body,Водохранилище Шаган №1,51.209429,51.320481,,,,osm:w1290149113
7d017e0b-1957-449b-88a7-d9f0c770c0c5,water_body,Водохранилище Шаган №2,51.203358,51.323404,,,,osm:w1290149112
d27a0580-850a-46d6-8da4-a2ed1302a670,water_body,Водохранилище Ынталы,43.666437,69.948408,,,,osm:w249555389
dbbd0fa8-cd1e-43b0-bcbb-7f673c831500,water_body,Высыхающее озеро,49.080868,81.289781,,,,osm:w1120612994
34cc0dc9-7ef9-43ee-bf3f-a867214432a3,water_body,Вячеславское водохранилище,51.007950,72.193153,,,,osm:r14723364
566643ed-4322-45aa-a034-b0b96d97afca,water_body,Глубокое,54.855837,68.326495,,,,osm:w527425221
ea2c02cc-3aea-4135-bfdc-473292e33d4b,water_body,Гнилое озеро,51.792281,69.313279,,,,osm:w320538535
ac892a44-eea2-4c3c-a00f-581db02fed25,water_body,Горькое озеро,54.573957,66.882038,,,,osm:w251773944
d9d31fdc-1ae3-4c5c-b79b-8b1cec991916,water_body,Декале озеро,50.678546,80.824949,,,,osm:w39723627
c8c8eb73-7f6a-4a82-9383-78311f92b4a1,water_body,Длинное озеро,51.450961,79.297472,,,,osm:w256057673
66bfb6c3-7136-44a8-a1c6-69d6002933c2,water_body,Дмитрово,51.874154,70.273381,,,,osm:w322683620
f75e5bd8-a48e-43fe-a6be-e3b62732fe1e,water_body,Долбушка,53.856974,64.123593,,,,osm:w121815730
6624c655-5a78-4c9a-9998-58a65d87006f,water_body,Донгелекское водохранилище,50.026026,50.594922,,,,osm:w328428580
2fc3944e-fa5b-4e60-9f66-ae078bf4c869,water_body,Дубчен Куль,44.090303,80.186592,,,,osm:w268940426
76ac1356-9bf6-489d-8268-1f086e845350,water_body,Дувиноколь,52.307828,73.142484,,,,osm:w321246388
8cd76b04-0965-421d-8b50-fd4e74e0dc76,water_body,Дуздыши,50.225891,65.178496,,,,osm:w1192690915
a77b5db7-20b5-483d-af8f-cd3422adb9a6,water_body,Дузоке,51.683756,75.894811,,,,osm:w403343904
ff1ce3bb-c469-4c5b-a21e-ed61fa3ff0d5,water_body,Егез Коль,42.986773,78.458427,,,,osm:r18041175
52bd8379-d656-4328-b2fc-e2fbe7098c04,water_body,Егинды,51.747476,70.097614,,,,osm:w321320541
657b8c60-3ec9-4d82-99ef-e29f0344e985,water_body,Егинсуское водохранилище,47.147728,81.257187,,,,osm:w22697637
6cff847b-1287-4c54-95cf-215d210ee9a5,water_body,Екатериновское озеро,54.578663,66.672006,,,,osm:w251774212
7b59a4eb-379f-43e2-9496-498c3fd5f0ec,water_body,Емеген,43.076824,76.640267,,,,osm:w320018180
baa4d212-3dbe-4cb6-ad2b-3d8b9b21e7a5,water_body,Ескиникет,51.368283,76.104753,,,,osm:w403244530
9ffa7aed-a6aa-47ed-bf9b-089dce664b5f,water_body,Еспетуз,50.994738,76.480246,,,,osm:r6045471
78ec5bb1-1172-45c9-bb18-12243695dc04,water_body,Жайлау,50.338147,61.615235,,,,osm:w625784868
3eff4d9e-dcb1-4ec5-a6f9-2fac27434d63,water_body,Жайнак,43.413264,76.821199,,,,osm:w625785467
5be6a586-d491-445e-89b0-848dfda06953,water_body,Жайыкбай,50.655731,49.389770,,,,osm:w287771408
03f31135-5aaf-48a1-9a59-f94f4f3a83e1,water_body,Жаксы-Жарколь,53.744811,62.680369,,,,osm:w247062608
570e025a-818d-4d5d-b1df-b2c09a4f4066,water_body,Жалаңаш көлі,44.756785,71.213780,,,,osm:w1155185439
f6f79486-c17d-4eb7-a334-e121d19d3eb7,water_body,Жалжартырколь,53.463839,62.895538,,,,osm:w250327749
84ce0e15-1a68-4285-bb04-c545bcbb1b08,water_body,Жалпак,49.088915,48.455601,,,,osm:w398770361
19b800c5-1748-4ea9-ad65-0fc1fcf1c910,water_body,Жалтырколь,51.348304,75.861628,,,,osm:w123700940
21eb9d8f-89ad-46ee-863f-1ca4ec6f2f22,water_body,Жалтырколь,53.376997,68.662538,,,,osm:w353042344
a9039f11-a1f9-4a32-8d47-b1f8fa0b8f8e,water_body,Жалтырколь,51.532455,70.022568,,,,osm:w316177481
e25b6c19-b5e1-4390-a78f-dad78157d158,water_body,Жалтырколь,49.224602,50.492510,,,,osm:w287057558
ef794c56-6ab6-4585-9410-ce0789efe578,water_body,Жалтырколь,51.017870,69.268404,,,,osm:w326910786
a4e07bf9-5730-4acd-96e8-cde3bc465c49,water_body,Жаманке озеро,53.962361,64.851302,,,,osm:w1529431503
a6997356-82ff-4ffa-ac96-0722083e5073,water_body,Жаманкуль,43.593091,76.801090,,,,osm:w663256207
1c5b19d6-5519-4f52-addf-7b5fb7a87d2d,water_body,Жамантуз,50.959207,77.778673,,,,osm:w533951026
f3a2a706-e4d4-44c7-9406-9874bedec599,water_body,Жамантуз,53.779342,76.529858,,,,osm:w615321984
fe5083a7-eb95-40e3-af23-b83cc754a9cb,water_body,Жамантуз,52.970540,73.130434,,,,osm:w132576171
935bfb6b-d9ff-4c4a-b0c1-468148c282b8,water_body,Жамбыоба,52.056565,77.489995,,,,osm:w366272360
5acf04bf-8fe9-411a-9396-68376d3999ac,water_body,Жанакуш,50.927080,54.190190,,,,osm:w39344430
839dfdc9-2411-4760-add2-516b52c1ddcb,water_body,Жандорба,51.878060,69.942203,,,,osm:w323479715
daf3e714-1c30-48e2-936d-a99bb75dd1f6,water_body,Жантлеколь,49.627279,75.121998,,,,osm:w330240556
1dc6c627-6f81-4f62-985c-5783245fd20f,water_body,Жарагаш,52.911899,69.746933,,,,osm:w320751570
79ed82b7-8883-455c-af2a-9eb0dba2bcca,water_body,Жарагаш кол,54.242684,76.765030,,,,osm:w475865088
03de4aee-a0d6-430e-8280-7071e636e600,water_body,Жарколь,50.415916,67.258383,,,,osm:w283874243
5e27fce1-d571-458e-a572-cd6a06e4d313,water_body,Жарколь,48.679604,61.989528,,,,osm:w626139050
d5404a63-e1a4-408b-9a09-17b0811c8c19,water_body,Жарколь,52.413335,64.553918,,,,osm:w287677203
dfc73c83-50b7-4240-9e5c-30dd36c49228,water_body,Жарколь,51.112183,75.858582,,,,osm:w403244531
0cfa97f2-b8ee-4559-b33b-e574a842cc4d,water_body,Жарлыколь,51.965832,69.832368,,,,osm:w150169940
7dc8abd0-2a28-4bb8-8974-453ce37eb632,water_body,Жарлыколь,51.085151,75.172904,,,,osm:w403349735
bda64230-8b84-4067-917d-47764d401226,water_body,Жарлыколь,51.035120,69.841051,,,,osm:w313279910
cf2215c6-623c-4ad2-b2ab-70f8bfe2894d,water_body,Жарлыколь,51.880754,70.955328,,,,osm:w150289422
7212279a-50f8-4631-bfec-0ed84b7063e1,water_body,Жасыбай,50.817643,75.591592,,,,osm:r5992637
914c6827-ca6f-417b-b101-e3540bbb42a8,water_body,Жасылколь,43.284512,77.621993,,,,osm:w314808878
e1c786c5-cb76-4047-a8a7-6a2cb981b991,water_body,Жездинское водохранилище,47.630300,67.626144,,,,osm:w24965814
ed0463fe-e3ed-47e1-bf5b-8e0e6385c293,water_body,Жетекши,52.224153,77.256344,,,,osm:w1113539993
eddb1e37-ee17-4f4e-b7cd-c4d239fd7f7e,water_body,Жетыколь,53.431267,67.894766,,,,osm:w536308605
f6e535e9-c238-42cc-a6c5-f1c81f808818,water_body,Жиргаин озеро,54.453370,68.494232,,,,osm:w536681265
d9176359-a969-4294-b429-dfcb22d73df5,water_body,Жиренколь,50.760752,54.825850,,,,osm:w169068381
bc9391a1-00da-4102-8ad6-f947dd7b0eb3,water_body,Жолдыбай,53.396092,68.973284,,,,osm:w353042345
13a6d6c0-1334-4b03-aa3d-9c0a0481ee18,water_body,Жукей,52.886077,70.583116,,,,osm:w38078249
4f76a981-8be7-45d3-bf17-6397de6486e3,water_body,Жулжурган,53.576700,62.480395,,,,osm:w250324900
e747959f-5e35-4a9d-b39a-1ccedb464fb8,water_body,Жынгылдыколь,48.779745,62.213382,,,,osm:w626141676
173a383c-74df-4cab-bb26-b1c27bcd9739,water_body,Зербулак,42.882098,71.361978,,,,osm:w382503832
e5dc67e3-0847-45cc-b477-54ba897bbdf2,water_body,Зоново озеро,53.795951,64.168062,,,,osm:w151700270
9f87cfc1-bc87-4404-92aa-1afe2255d859,water_body,Избасар,54.396969,66.608939,,,,osm:w536824772
f9315edd-0757-47df-a6a1-bd61309775a7,water_body,Изумрудное,50.286344,83.797144,,,,osm:w166154185
393add61-fad2-4924-a1ee-14ee52638423,water_body,Изумрудное сердце,42.960907,76.802684,,,,osm:w392307474
82a576e6-3bf0-4eab-9c1a-7bbd829b88ff,water_body,Ильмень Акколь,46.642717,48.899534,,,,osm:w1088834571
175d6e47-e839-439e-993b-cd308f872aaa,water_body,Ильмень Ашколь,46.647304,48.938666,,,,osm:w1088834572
273db745-b401-4e84-88d7-96e82b471b56,water_body,Ильмень Белый,46.664267,48.619364,,,,osm:w1088834563
fc7f0778-2b14-4069-8a7b-a236fd5f4265,water_body,Ильмень Большой Барсук,46.654916,48.640859,,,,osm:w1088834565
eb3d7d67-e8ab-4337-855c-1e3f5a25f515,water_body,Ильмень Большой Жиланский,46.640712,48.663682,,,,osm:w1088834567
8f42c94f-121b-4c2c-8933-945939e8fab0,water_body,Ильмень Высокий,46.658150,48.528958,,,,osm:w1088834564
03c0a883-28b1-41a2-9315-ea5f83a561be,water_body,Ильмень Грачевский,46.639804,48.845862,,,,osm:w1088834569
db5259ae-ea81-45f1-a07b-9196020af366,water_body,Ильмень Даркон,46.602826,49.007148,,,,osm:w1088834574
bce4a8ca-5ec9-4da3-b069-3807877e4eb2,water_body,Ильмень Жанабай,46.643659,48.980010,,,,osm:w1088834573
d56d078e-6249-4c35-8526-7f9f63642c52,water_body,Ильмень Малый Барсук,46.648516,48.636724,,,,osm:w1088834566
0baa494a-a6f1-45e3-85f3-92f211d521ef,water_body,Ильмень Маржан,46.624057,49.147315,,,,osm:w1088834575
9ae53812-f345-46a7-837b-7c510195bd87,water_body,Ильмень Петрушкин,46.558868,49.059872,,,,osm:w1088834570
11583290-d50d-4185-a6e3-20249328dc93,water_body,Ильмень Сасык,46.703970,48.596975,,,,osm:w1088834560
3601917d-8d67-4026-b869-529ecda1608c,water_body,Ильмень Терешкин,46.477210,49.147373,,,,osm:w1088834584
ed687ffd-0d2c-4863-9020-21faa5006fea,water_body,Ильмень Шотан,46.631270,48.753377,,,,osm:w1088834568
6e146b57-b0f2-4611-a5e6-8417eb179e43,water_body,Индер,48.444370,51.927371,,,Сайт: https://geocaching.su/?pn=101&cid=419,osm:w25957729
00352318-6418-4306-ba9e-3674dbdee8ff,water_body,Итишпес (Алаколь),44.878796,74.264845,,,,osm:w464319766
9ca40e8d-545d-4675-a383-b3c785a2685d,water_body,Иткарган,52.193575,73.541987,,,,osm:w321246389
0f8f8aae-931d-41f6-8388-5c7f9a1a16b0,water_body,Казахский Косколь,51.806464,69.420785,,,,osm:w320538537
118cb690-f857-4e0e-8778-7099abeb19e9,water_body,Казы,51.709930,78.058042,,,,osm:w170538968
b1d5f3e1-205c-4187-96a6-fe85df02d201,water_body,Как озеро,53.754198,66.825438,,,,osm:w536894452
9c69e806-081b-448f-aec6-a8083b18db8f,water_body,Калатуз,51.873118,77.490510,,,,osm:w170538972
30b4f93e-9e7a-47f4-b1f9-adf143d6c2fb,water_body,Калмакколь,52.450254,67.543494,,,,osm:w27672123
59cedb34-47dd-44ac-aa3b-38c7b9ae283a,water_body,Каменское водохранилище,49.860183,81.948021,,,,osm:w45182207
7538c457-5638-4d16-8a67-820c035cbd98,water_body,Камысколь,52.326937,73.159749,,,,osm:w321246390
a0ee7200-6ecd-463b-a73c-c1f909fb965e,water_body,Камыстыбас,46.167406,61.726583,,,,osm:w23014591
1d988d5f-0d70-4a36-8879-3c72669c9b22,water_body,Камышное,51.897312,70.280012,,,,osm:w322683720
fbf6711d-8e94-4c4f-ab49-0453dce67b28,water_body,Кан,50.235456,65.019518,,,,osm:w1192005912
21511bd5-9014-436b-8b56-ceefe1605420,water_body,Канбактыколь,46.347559,77.181367,,,,osm:w308639849
65f6d3da-1e58-45f0-8013-8c8c505c230b,water_body,Кандеколь,49.212380,50.428094,,,,osm:w329475093
4bdbcf59-57c4-4da7-9a5f-78d78898797d,water_body,Кандикколь,52.040595,70.930656,,,,osm:w150288645
30960b17-b09f-40c7-96c8-5ab5aec0e4f0,water_body,Кандыколь,50.251494,74.760715,,,,osm:w254608507
8843e17d-55fb-43ed-97df-959faa0b2e8b,water_body,Капчагайское водохранилище,43.828654,77.608795,,,,osm:r146505
5307879b-5fac-4106-aa1e-b6b515cdf2f9,water_body,Кара Булак,52.821303,75.622169,,,,osm:w553416023
507189d7-5265-471e-bb22-bd057f92a026,water_body,Кара Чока,44.081355,77.874363,,,,osm:w965929677
8a9e762f-8e64-406b-ae57-f25d11bed907,water_body,Карабастуз,50.305502,79.144359,,,,osm:w41889489
d7703040-9d36-4da5-908e-5caef278ee03,water_body,Карагайколь,52.918005,69.906853,,,,osm:w266423828
c6629d33-b1df-462e-94ef-87aba702705b,water_body,Каражан,52.929071,69.834137,,,,osm:w306381972
e8eb2935-ec4e-44a4-9f0d-2395c8f70780,water_body,Каракамыс,49.635794,62.791350,,,,osm:w220560389
096c82dc-ea6e-486b-bb7e-85b58bdc6e10,water_body,Караколь,50.917959,69.104369,,,,osm:w326909401
1c276946-48a5-4292-b296-c082a0f10e30,water_body,Караколь,53.388375,62.575517,,,,osm:w247062609
26c061b5-2d4b-4c42-9f20-14af0131ecdf,water_body,Караколь,51.254996,70.176532,,,,osm:w497615073
650784b5-3ce0-4fa4-bfeb-6158dea0b821,water_body,Караколь,50.808685,73.289599,,,,osm:w180051102
8e3116bd-2a94-47f7-9adc-f79ef7df05ee,water_body,Караколь,49.436747,82.672261,,,,osm:w24949283
917f61d7-2324-4ad0-9957-b7eaa35b7b9c,water_body,Караколь,42.519616,79.917090,,,,osm:w575224528
c2d53b60-2688-4072-a6cb-1e91b7dafd97,water_body,Караколь,49.468092,75.527392,,,,osm:w428379339
e9e7f35f-f92d-479f-b98d-16573678b288,water_body,Караколь,51.819782,69.476580,,,,osm:w150289927
ea40acde-916f-42c2-b6e0-5e4f32f29435,water_body,Караколь,48.027046,62.909601,,,,osm:w630154023
f2d5846e-bfc8-4a9f-889e-bf8d469a2dd0,water_body,Карамса,52.651893,62.970097,,,,osm:w198312778
5468d5c0-ec06-408a-a052-c3df98e2ebf1,water_body,Караой,49.222286,81.158698,,,,osm:w22661427
bb2dd22b-2eea-4168-9e7e-d114877dc91c,water_body,Карасиное болото,51.363656,51.907759,,,,osm:w371744153
8f1d72dc-dfb9-48d1-b099-1dad88a2a4d7,water_body,Карасу,53.030939,70.216642,,,,osm:w32470904
e4aba8c0-18d4-4f97-8593-28d2ec454632,water_body,Карасу,52.195315,77.007931,,,,osm:r19802305
d05ad9fd-3d0f-4379-85e2-59747bf4ab72,water_body,Каратал,51.901828,79.207663,,,,osm:w39355488
79a9fff9-2dcf-4f1d-803c-573dd515a3d2,water_body,Каратколь,52.409716,64.504601,,,,osm:w395582081
c4096470-1384-4178-b99d-6a7ac42bbfec,water_body,Каратомар,51.505491,69.655424,,,,osm:w322715261
0afd69c5-e99a-4e3a-ace6-ff033087048f,water_body,Каратомарское водохранилище,52.799650,62.865113,,,,osm:r5149278
7a6a8f2f-cee0-4bed-a33e-7c73bbcc8c91,water_body,Караунгур,52.844733,69.684419,,,,osm:w35146015
82348084-a24b-4430-86b3-305312062c8d,water_body,Каргалинское водохранилище,50.591749,57.790469,,,,osm:w139118344
5150785f-c6d0-4710-8fc1-dbdc5d925584,water_body,Кармакколь,48.706866,62.079915,,,,osm:w626139052
4228a656-9be5-4d9a-8334-6c41d306994d,water_body,Карнизное,43.020981,76.947264,,,,osm:w230623875
334cfaba-ff45-43f8-8ead-23d7616c0853,water_body,Карт Куль,52.946594,75.551190,,,,osm:w553409261
dc5ea30c-4337-4922-aded-5b7260ad2fa8,water_body,Каскабулакколь,49.532630,79.935213,,,,osm:w1546921417
9231d7fc-c8fd-4cec-9aa8-f185db8f5b17,water_body,Каскат,51.808029,73.127164,,,,osm:w183130934
358efe97-d2f9-4cfd-9c32-533d670f9cc4,water_body,Катынколь,49.733825,75.147800,,,,osm:w24977916
9158c8db-2c20-4f7b-bccb-80702e13983f,water_body,Кедровое,50.297108,84.147836,,,,osm:w169480078
ec0e3c0d-d2b1-4868-9338-b30599628e6f,water_body,Кедровое,50.158488,83.464802,,,,osm:w188640183
db7037e4-3cac-48ef-98bf-48d26a84a293,water_body,Кельте,46.295176,77.191960,,,,osm:w310023758
90c6218a-178d-4d07-b127-17d6d54e057d,water_body,Кемеркол,52.067246,70.506088,,,,osm:w150289423
5a25017d-1d77-4782-b9b7-76322609ed44,water_body,Кемерколь,48.604416,84.462734,,,,osm:w303194162
cdb2222c-175d-4c7c-934b-d2d4a59bf81b,water_body,Кенебайколь,53.240166,63.036353,,,,osm:w151688984
be73996d-ae5c-43ad-b049-34630e09bb93,water_body,Кенжеколь,52.155547,76.997970,,,,osm:w1448204685
6adb5c42-79fd-4b22-8eb9-e607494aa355,water_body,Кенколь,49.788592,75.363796,,,,osm:w428432188
af7aede1-1914-4e5b-8206-7f4876cfe5e2,water_body,Кербулак,44.194299,77.297288,,,,osm:w592070271
0aa4d1a1-3719-424c-b4f5-6d1e729df400,water_body,Керденколь,50.170179,80.713419,,,,osm:w47895818
91ae04d7-6831-4f33-9c1b-83e9fd4884d7,water_body,Кировское водохранилище,50.668917,50.945655,,,,osm:w298643162
ae4ebbb5-feb2-4e09-9492-3ca48aff84b4,water_body,Кишкенеколь,51.675015,73.399885,,,,osm:w727371405
afaf3378-10cd-4a5f-825f-a83b3c47a8c0,water_body,Кишкенеколь,51.741494,69.816791,,,,osm:w321325331
644f6791-8828-4554-a787-0c9121eb1a0b,water_body,Кияколь,50.370599,75.816831,,,,osm:r19268468
774c36a4-975b-4d74-85d0-330a26f6827d,water_body,Кобейтуз розовое озеро,51.735672,73.547140,,,,osm:w183130938
f542dea1-447b-4942-a1d9-298ac0f52004,water_body,Кожаколь,50.918590,69.171263,,,,osm:w23099085
2453fd0f-9b60-4d26-bfff-ac1f3daa5704,water_body,Кокколь,49.709513,86.751727,,,,osm:w333922110
0655bc54-a466-4587-9bd5-a7b74b464996,water_body,Кокпекти,53.221794,63.166059,,,,osm:r19149855
91103aa3-98a2-4e5a-b807-929e7ee6112a,water_body,Коксарайское водохранилище,42.406329,68.494732,,,,osm:r2195379
563b3e07-3b30-4e38-b2e6-c3dca10d5caa,water_body,Коктенколь,48.517535,72.107814,,,,osm:w537630844
dc52bbb9-022b-41d0-a35f-04b27c5f66f3,water_body,Коктерекколь,49.020311,50.409711,,,,osm:w1017960487
1041fc85-d256-40ac-a18e-6ce5165a35bf,water_body,Кокуйрум,42.309671,70.783362,,,,osm:w139829635
5e673510-3288-4d3c-be62-35db540a8c2a,water_body,Кокуйрым,51.267231,76.671767,,,,osm:w1547389888
69120ac7-ad5a-43b9-b830-6df952ae4186,water_body,Колшик Куль,53.727562,66.549328,,,,osm:w553239276
40ae2ee7-1673-4c94-863a-20a2d4b30254,water_body,Кольжарма,48.924550,62.323980,,,,osm:w208011940
3e2ab054-2ab0-471e-acb1-f7ebf58d55b5,water_body,Кольсай №1,42.985849,78.325098,,,,osm:w117881869
dfb7fed9-7b09-4222-a716-7123883cadcf,water_body,Кольсай №2,42.932693,78.326682,,,,osm:w237179072
87bea92c-922d-44c8-8534-75db8cec5756,water_body,Кольшик,52.600329,70.700964,,,,osm:w302695694
5997ab5c-8309-4cbe-b610-ac914745fb81,water_body,Комсамольское,50.249361,81.960253,,,,osm:w483412392
2695e732-33ce-47a5-9269-dc37037e4560,water_body,Кондратьевское,52.178484,76.978735,,,,osm:r19828351
9f9fc841-d061-456c-8450-4ea999ba5222,water_body,Копа,50.310913,61.632844,,,,osm:w625784867
8c8e0e9d-bde0-4e70-bc16-23417a12b2ec,water_body,Корейское водохранилище,51.713141,52.215964,,,,osm:w302289387
4ee42064-de57-44fa-833e-f81c5d62be68,water_body,Коржынколь,49.434618,82.655598,,,,osm:w24949282
8aad50da-792a-4e41-bb1d-c3fd523d65be,water_body,Коржынколь,51.634901,73.347342,,,,osm:w27169979
90b5ce01-1689-458c-a944-fb670a55fbcd,water_body,Коровье озеро,53.207982,63.517788,,,,osm:w164081775
45ba28ea-862a-4f66-aa3b-2515acfa0693,water_body,Косколь,48.146698,56.560256,,,,osm:w1227506723
98f63cb7-9664-485e-b13f-a7fe8a9e7778,water_body,Косколь,48.142414,56.571387,,,,osm:w1227506724
ae191579-cd77-4f75-b018-38ca8cd771aa,water_body,Косколь,49.778357,75.505949,,,,osm:w428432190
bdcaac6d-b93f-4a1e-9d7d-2dc04c6256ae,water_body,Косколь,49.521821,67.054460,,,,osm:w39241469
e1b61f7c-5b19-46ad-aa34-2f79958efcbe,water_body,Косколь,49.498029,86.787877,,,,osm:w842373194
e4057a87-e706-4d32-b96a-ab6ac37833e7,water_body,Косколь,51.018936,69.952253,,,,osm:w320375007
f2cc6865-b3cb-437c-ab1b-149b28f597c6,water_body,Косколь,51.051359,69.208685,,,,osm:w326910654
c49374d6-8e85-4b6e-8b6e-9ec75184c50b,water_body,Коскулак,53.167273,69.790670,,,,osm:w113564595
c31bb0a4-957d-4041-a0d8-65f7702252eb,water_body,Костакыр озеро,52.542300,78.369837,,,,osm:w24010028
b487b6c0-68c9-476d-b0c5-6e96a9474fd2,water_body,Костомар,51.776234,70.984423,,,,osm:w322680994
8d51761a-d7f8-46db-9b89-fd8721c612be,water_body,Кочкар,50.932357,51.175193,,,,osm:w1240702698
65b82ae1-e679-48b6-ad72-456232a57453,water_body,Красное озеро,50.523509,56.217286,,,,osm:w210936755
cfcfb758-abc6-46b4-a780-f6bb24414847,water_body,Кривое,51.768345,69.968211,,,,osm:w322686671
6b0d98d3-26eb-457e-ba58-24810036b6e6,water_body,Кривое озеро,54.543253,67.320006,,,,osm:w536851624
d24423fc-a64a-4c79-b05d-d367c4d086c0,water_body,Кривое озеро,50.323920,57.177296,,,,osm:w203330274
cd5ea0f5-9f19-40a7-82e7-c136a5a622b9,water_body,Крутиха,50.156963,82.859884,,,,osm:w398740655
6067038a-2f09-4581-9719-59ae5bc51e39,water_body,Кудайколь,51.874653,75.983547,,,,osm:w42927754
6051fbde-5814-4ba1-b152-c6529950116c,water_body,Куздакары,44.622525,50.826171,,,,osm:w528551580
d3afb0fe-c18b-4590-9232-3702bbd83a0f,water_body,Куйгенколь,49.319795,50.347729,,,,osm:w398770363
1cd77a50-5906-4aa7-811b-15e49a3c2a38,water_body,Кумдыколь,52.124259,73.505912,,,,osm:w321246394
4a2593cc-6b97-4e0b-9cb3-4b481959df58,water_body,Кумдыколь,52.763204,68.725754,,,,osm:w122639048
97288bc6-b4d0-47cb-b429-ebdf6c779ed1,water_body,Кумдыколь,53.462552,67.975221,,,,osm:w536308604
a404c321-fd9c-4968-82c1-34e2cc0a57ff,water_body,Кумдыколь,53.957563,73.740128,,,,osm:w121677366
5dde4178-8dd3-4481-ac09-625428776f85,water_body,Кумкол,45.898906,62.162741,,,,osm:w698505856
51bed02f-db8b-4afb-9d9a-342ca993011b,water_body,Кундузда,52.358398,65.056242,,,,osm:w396390599
66f33037-d726-4df0-8b74-fd5b8c12479b,water_body,Кундыколь,51.063777,74.756261,,,,osm:w424950244
7c99df8d-775a-4feb-9025-8360c6b611a7,water_body,Куншалган озеро,53.760434,66.621780,,,,osm:w1376410116
cbdbb4ef-eb1d-4e06-9764-8ce247a96d75,water_body,Курама,51.630302,75.943692,,,,osm:w403343905
8f3904ed-052e-464a-a5ac-a22c8bceb0e9,water_body,Курбетколь,51.708376,73.413428,,,,osm:w183130931
d8f2c639-1894-4c83-8905-19c36563eb1f,water_body,Курганское озеро,54.678466,66.719895,,,,osm:w121101960
077582ef-e65d-46c0-8981-c188fbc4abca,water_body,Курдым,47.974305,62.944321,,,,osm:w630154022
34130c0a-5860-4291-a42b-b6eb5e87d248,water_body,Куртинское водохранилище,43.857228,76.339048,,,,osm:w23716930
a0498e35-e924-405a-84aa-6a6521f39817,water_body,Куртупколь озеро,54.352795,67.700344,,,,osm:w536806503
3cfd0849-33f7-42ed-8f64-f2e0032cb34d,water_body,Кусколь,53.190239,69.408866,,,,osm:w317239167
51dbaed1-1961-472e-831a-9e956f344952,water_body,Кусмурын,52.515132,64.519537,,,,osm:r9344019
7acfbe45-5c00-4cb4-b6b1-9cbe30bf2f58,water_body,Кусмурын,52.645767,64.757112,,,,osm:r9343998
62d56622-9a4f-4a14-bbc4-f0f603f78598,water_body,Куспек,52.755962,68.026058,,,,osm:w257511126
718e0c82-b13c-4ca8-af44-223200d1a18a,water_body,Кызыл,49.706794,68.030077,,,,osm:w1477825532
9fbd5ec3-ef75-48c9-b34c-6873ae258a1d,water_body,Кызылагаш,45.292004,78.767933,,,,osm:w1208353744
3764d177-8435-4d59-9809-0090b186020d,water_body,Кызылжарское водохранилище,52.550040,62.443687,,,,osm:r284017
d6460c34-09b6-4c7c-9baa-24b374e21685,water_body,Кызылкайын,45.470386,79.578301,,,,osm:w1387961707
11ca6352-3935-46f3-ac2c-8b60e0ff5806,water_body,Кызылкак,53.404403,73.762600,,,,osm:w465614155
b536cefe-e05f-489f-bb9d-a12f7ceda4eb,water_body,Кызылколь,43.757682,69.495269,,,,osm:w164804307
6343a1c0-e07e-4c37-863b-49943c698ff4,water_body,Кызылсу,49.639487,81.562272,,,,osm:w1062135953
a24b68af-405b-403e-ac97-59b3b8f0c36d,water_body,Кызылтуз,51.666279,78.186505,,,,osm:w533951027
a73bf2d3-9aa4-4a86-b0cf-1d6646322687,water_body,Кіші Қараой көлі,54.025117,71.323806,,,,osm:r958606
0a0bb188-b7ef-4618-9e3a-bf5da8f78e15,water_body,Лайколь,51.832958,71.279517,,,,osm:w270539406
8a386aa5-3198-49bf-a915-d2dc3ea45096,water_body,Лебединка,52.350619,76.808908,,,,osm:w1533864891
c75310c9-8b4c-42f9-94ae-e12436062f3d,water_body,Леверовское водохранилище,50.201460,73.069278,,,,osm:w400387486
82f1ebf5-36b6-43b3-bc35-9eba927083d3,water_body,Логуново,55.110722,69.192619,,,,osm:w42114367
3dd43430-5768-4b48-88df-16a7b022ebec,water_body,Лопаш,52.077387,69.427690,,,,osm:w325413746
70c694f7-e908-4c40-a7f2-84d291ffa874,water_body,Майбалык,51.001914,71.501212,,,,osm:w23978425
dfadf75e-8107-40cc-8131-efe4cfdc7561,water_body,Майколь,52.907735,69.778776,,,,osm:w306382023
17f1a409-480e-4198-a9d8-ca1698b25a18,water_body,Майсар,49.769958,75.611036,,,,osm:w428432193
5290e3d6-47f1-47ae-abff-6eaac38ab3b0,water_body,Макпалкол,46.154297,61.993085,,,,osm:w1165287913
65eb3455-4697-4a8b-9083-67043bd074df,water_body,Макталыколь,42.935763,76.472454,,,,osm:w393029327
adfe28b6-064f-4396-9d40-07efcb67e083,water_body,Макыколь озеро,54.367766,69.918524,,,,osm:w536670654
2df522e7-76fd-4b50-b4d9-166bf2a89fb6,water_body,Мал. Белое,51.922037,70.052584,,,,osm:w322684276
352de562-d398-4837-a547-c56192c8ba16,water_body,Малая Ембулатовка,51.647809,52.293499,,,,osm:w329826840
1a113da6-567b-4025-a4c9-2f6de7f7c932,water_body,Малое Аральское море,46.436042,60.632641,,,,osm:r8728779
17c1aab2-8535-42ca-a760-e9051666838b,water_body,Малоульбинское водохранилище,50.166869,83.845285,,,,osm:r12345347
d95f2d80-b493-4ed2-814c-d7511ee502cf,water_body,Малый Айырколь,48.993660,62.323809,,,,osm:w206621597
e92589ae-8ed7-441a-bcde-7ff36dec3f3d,water_body,Малый Каракамыс,54.243588,66.333977,,,,osm:w536824763
09703cb9-41b4-4679-9e6c-58254f472a00,water_body,Малый Караколь,50.407542,69.571761,,,,osm:w49748450
8c9290d8-7128-49b6-9854-e67ccb28e8c0,water_body,Малый Косколь,53.291312,68.430641,,,,osm:w22678978
ebc0cc06-3bdf-491a-9b95-861e155ded0d,water_body,Малый Мынколь,53.792791,76.539959,,,,osm:w615321981
9435aed4-d881-408a-bbcf-f17696dca34c,water_body,Малый Талдыколь,51.126129,71.388789,,,,osm:r17848018
d90e765c-5a15-43f0-8af6-a2b2770504b6,water_body,Малый Талдыколь,51.112939,71.382681,,,,osm:r16459103
059167da-676e-4054-9649-e42cfd9c2197,water_body,Маралды,52.301925,77.770658,,,,osm:w252236373
cfd30ae1-6bd5-4fa0-a58a-95ee9ca8ad53,water_body,Мармышное озеро,53.801661,64.201040,,,,osm:w121815725
72e94f87-267d-4464-9a1c-5ad78973de69,water_body,Мектеп су қоймасы,44.897447,64.575181,,,,osm:w1097926362
97d57ce1-3d40-4da0-b0b1-bda5b2daaa77,water_body,Метеоритное,50.296678,83.874840,,,,osm:w769057151
bfac8e89-9fca-4721-a7ff-d9844faba14e,water_body,Минкесер озеро,54.540063,67.932082,,,,osm:w114822358
a5ad2166-a76c-4b12-a84b-1e7bb14d9b60,water_body,Михайловские озера,50.657808,80.670086,,,,osm:r19268717
6f198864-5275-43d6-8952-5b1326d86d82,water_body,Мойнакское водохранилище,43.113088,78.782282,,,,osm:w348367107
5efbde53-69c7-43ca-ba39-dd642a7296f3,water_body,Молалыколь (сол.),49.707154,75.402883,,,,osm:w428432212
cfcd0005-9ea3-4fe3-a09c-4eb94fffceb6,water_body,Монастырское озеро,49.746552,82.026338,,,,osm:w45181269
84961c5c-5326-4d25-a33f-57a2dfc6d33a,water_body,Моховое озеро,53.754812,66.561940,,,,osm:w553239075
5c8dedf0-47e6-4878-987a-f5bbe2610803,water_body,Музколь,43.108568,77.479928,,,,osm:w230078057
c8fd295f-3995-4601-a232-2b70d479e6ca,water_body,Мынколь,53.752606,76.513340,,,,osm:w615321982
4ceeabb1-d0b1-4a0d-8f77-9fb84890f050,water_body,Мырзагельды озеро,53.953764,64.866923,,,,osm:w1529431527
a1ffdcdd-b6d3-4a6f-a9dd-e6c049070a48,water_body,Нарулькен,52.914387,69.762806,,,,osm:w306381965
c9bad972-ed5b-4bc2-afbb-7d082363c2bc,water_body,Немецкое озеро,52.062304,62.694127,,,,osm:w260970779
1fbe08e7-94fd-471e-9415-1fc7ed30e9f2,water_body,Нечаевкое,53.373635,63.895448,,,,osm:w265976948
e4f7ec59-ae02-46ff-808e-450cc15d8f69,water_body,Нижнее Казачье,42.998155,76.707361,,,,osm:w353693547
9da55fa9-b9c8-4029-b304-8f4037d9a090,water_body,Нижнее озеро Сайрам-су,42.108658,70.400422,,,,osm:w291217144
bb1ab888-0a91-48b6-a4ac-298b379401a6,water_body,Нижнее озеро Тогызак,43.008907,77.176093,,,,osm:w229970713
c6dd595d-5457-4972-bd39-28cb0a1f6811,water_body,Нижнее Сильбили,42.182562,70.457257,,,,osm:w291266588
fd27acdd-561d-4944-bb5e-0f78ae2962c5,water_body,Нижний Балактыколь,49.152595,80.903811,,,,osm:w450249778
a6ce733a-b63d-4aac-b198-3dcbf6215a8f,water_body,Нижний Жасылколь,45.391097,80.576919,,,,osm:w275956539
a5394070-dd7e-4789-98af-595e03872350,water_body,Нижняя Терренкара,43.517235,76.986522,,,,osm:w636804728
f0f13e19-0308-4c1e-a462-a7c62e192f1d,water_body,Оzero Teke,53.807174,72.968145,,,,osm:r2284273
492ada0c-0479-4966-bee6-e106aa2bae4d,water_body,Обалыколь озеро,54.381786,69.884959,,,,osm:w536670653
83aa5ad8-681e-46a4-aebb-9b4154f9772f,water_body,Озера Карабастау,43.198473,77.563698,,,,osm:r16810739
c7a67d7f-eebf-4ad7-80d4-b2da5f30f1ad,water_body,Озера Титова,43.085995,77.051514,,,,osm:r17217831
bf16bb74-0a69-4236-a345-d4e908aaeebd,water_body,Озеро Cормоыйлды,51.422639,79.180695,,,,osm:w170539175
167d8f67-0178-4104-8264-81f0e54c770c,water_body,Озеро Ажбай,51.299240,73.381917,,,,osm:w62049732
6fe1ece1-8fd0-4cf2-8f8b-a74320e40d72,water_body,Озеро Айгырколь,48.251307,52.857160,,,,osm:w1085687125
e814f167-e842-434a-b848-9867e9e2c248,water_body,Озеро Айдабул,52.741850,69.149160,,,,osm:w35144434
cc3bbc09-7410-4ae0-8123-5031ca68ddd2,water_body,Озеро Айдарколь,45.869261,61.331332,,,,osm:w307471672
d104e867-b869-4ccc-b08b-48c02416f057,water_body,Озеро Айжан,54.178512,65.694213,,,,osm:w285455251
39d55531-946b-446c-b6cd-44d389d6549f,water_body,Озеро Айке,50.958269,61.577480,,,,osm:w121837494
d046c130-63ba-44e3-aaaa-5ae35a4237b1,water_body,Озеро Акдала,43.953354,66.580444,,,,osm:w810816867
2a87a98c-ea4a-4573-8c9f-eda9380fb6ea,water_body,Озеро Акколь,53.127042,70.316993,,,,osm:w40729472
b9b87a53-1ca6-4f1d-8a1a-bd2c25e85c2e,water_body,Озеро Акколь,51.190120,79.302124,,,,osm:w540213658
6966f0ee-7015-4a50-a7dd-f3134e70a0bd,water_body,Озеро Аккошкар,50.373893,69.431398,,,,osm:w277032675
8400c11b-c799-457a-96bd-e3b2feb569c9,water_body,Озеро Акпас,54.009941,64.781096,,,,osm:w1529371202
6a018c21-87bd-4d6c-874c-59cd842816d1,water_body,Озеро Аксуат,53.194202,65.057354,,,,osm:w401714796
643c1932-e0af-4944-b0c3-0aa95cade1dd,water_body,Озеро Актас,53.825831,61.490741,,,,osm:w348212637
e0687c68-d331-44c2-a692-4921f6257ac3,water_body,Озеро Акуш,55.320965,68.963617,,,,osm:w28190411
682c3167-38cc-4cc3-869c-0dcefb88f84b,water_body,Озеро Алабота,53.752333,70.922531,,,,osm:w1046137228
20470a82-1829-44a5-8cbd-be66e6bdfc74,water_body,Озеро Алаколь,49.362128,63.706128,,,,osm:w152318879
292ec16e-20fc-4a5e-9bf4-f12c9e6d14ea,water_body,Озеро Алаколь,49.734198,63.864827,,,,osm:w298531606
5684d728-cc05-40ee-89b7-be64be4c1435,water_body,Озеро Алаколь,51.236262,71.954183,,,,osm:w124684359
7aa44923-982c-4ac9-b61d-432583e13686,water_body,Озеро Алаколь,52.876848,69.864271,,,,osm:w122648947
f2aa4351-c278-4943-b87e-e4de11050901,water_body,Озеро Алаколь,52.232973,72.272325,,,,osm:w334089706
5df97a65-6017-4e8a-9c0a-8dd62507292b,water_body,Озеро Алакөл,52.309177,70.850402,,,,osm:w270788449
112bba9f-d565-4475-b557-ee70751e8587,water_body,Озеро Алимба,50.383364,80.452925,,,,osm:w36000213
3444a4b0-a872-44a0-98e2-dc58329f8141,water_body,Озеро Ангрен,51.546956,75.643863,,,,osm:w123700937
3512f37c-0e30-4c9f-a4d1-2261bea8ad7a,water_body,Озеро Антоново,55.207592,68.508660,,,,osm:w378328197
20115041-304c-4137-a978-54929497ce09,water_body,Озеро Армяжное,54.758834,70.426772,,,,osm:w723179917
83e32ea6-051e-4f83-9592-cf84f5d63189,water_body,Озеро Асаубай,45.723468,74.364175,,,,osm:w309102666
f931a038-245c-468d-a762-1bbdef453bd7,water_body,Озеро Аупельдык,51.215369,69.757496,,,,osm:w313290041
8b0c8071-cb33-4d1d-b855-a33e78507032,water_body,Озеро Бабай,50.666441,70.517686,,,,osm:w275602781
42da024b-4b02-4c34-90ec-067aae9cb00a,water_body,Озеро Базайгыр,51.325066,73.379121,,,,osm:w62049731
fad514a0-95d6-43eb-be60-c46dd7510474,water_body,Озеро Байгора,53.916799,61.553441,,,,osm:w984065849
9280e1aa-9373-460e-b288-f3b3fc341184,water_body,Озеро Байса,54.412773,69.507548,,,,osm:w208763281
7ab8bdc7-d132-4387-94d3-3aa63ea9fe60,water_body,Озеро Байсары,53.068125,68.464231,,,,osm:w24949427
13487790-a8e5-46c9-bf09-dd27222b12cb,water_body,Озеро Байтак,48.866538,53.005846,,,,osm:w1086734877
0c1d13ca-4a80-449f-8a49-0418ea2ee06c,water_body,Озеро Байтерек,53.163486,76.586096,,,,osm:w1190771528
c5208a47-5699-4a4d-aafb-b367ec39cfb5,water_body,Озеро Байток,53.174014,76.490484,,,,osm:w1190771526
1db4f95f-83ff-4c86-ab7f-72b0c35f2787,water_body,Озеро Байтубет,52.369108,70.619015,,,,osm:w270788447
b08120f9-ca1f-4b2d-b18a-0c12db9c0fb2,water_body,Озеро Байтуган,50.352760,71.443667,,,,osm:w1286831588
52cfbce5-7497-49ad-8bd7-b50b8b4167e6,water_body,Озеро Бак-куль,53.951136,61.710934,,,,osm:w137576050
cca032ff-fbce-42b1-9794-f4d527cf0c07,water_body,Озеро Балакашкан,45.707096,74.263444,,,,osm:w309458620
bb7700bd-2fa0-422e-90be-4c453abab26c,water_body,Озеро Балатшалкар,53.201861,70.514403,,,,osm:w262069157
abb9d030-0760-4a1b-a0e4-da1ead5984e4,water_body,Озеро Балказы,53.174968,77.070406,,,,osm:w1190771523
5284d99c-bf78-40be-84e0-d9876a9d5e09,water_body,Озеро Балтасап,52.707140,74.281876,,,,osm:w525549452
3f189084-de68-4160-94a9-dd0f60c5462f,water_body,Озеро Балыкты,52.807520,70.182404,,,,osm:r4766441
38521f6d-35ac-4ad7-84c7-fc8622001b1c,water_body,Озеро Бараново,54.910415,70.688831,,,,osm:w62153824
642d2ce4-76e6-413e-b534-ac2a4b44fa03,water_body,Озеро Баргана,51.754579,78.960510,,,,osm:w256057207
5afca1d2-75e8-473f-aa4a-35b623b9f833,water_body,Озеро Баршын,51.587382,69.239774,,,,osm:w322717285
cd491f8c-55f2-4f5f-a232-affcd6b514f3,water_body,Озеро Басентин,52.226303,74.828140,,,,osm:w688596246
937db283-82db-429f-b4f8-4c7c5c2cb022,water_body,Озеро Басколь,44.799299,80.150752,,,,osm:w1188909700
ad0f78ab-456c-4b2d-a020-11044bd1f996,water_body,Озеро Басурман,53.249291,68.896739,,,,osm:w469912238
a75ed630-85ff-4d20-b2a5-f4d5ce1ea799,water_body,Озеро Батыр,43.405916,51.798625,,,,osm:r9587538
25c34356-9515-4e3f-a1ad-d0ac0a823db0,water_body,Озеро Башкирское,54.928772,69.737281,,,,osm:w1109931288
486cf8aa-b6d4-41b4-8f1b-e31f964351b1,water_body,Озеро Баянтай,53.271255,67.945267,,,,osm:w141069539
42b8e447-1864-4133-a3dc-3fa93cf8dd47,water_body,Озеро Бегень,51.176733,79.039273,,,,osm:w42258046
16b10eec-ead1-484b-8bda-e3c465827f62,water_body,Озеро Бек,50.849924,80.777791,,,,osm:r16245018
f5eab1a3-a37c-4374-b0ae-b4b6187e614d,water_body,Озеро Бекетколь,50.363248,75.918930,,,,osm:w539616569
76bc67d0-3c69-44ef-af6e-e388d21ad496,water_body,Озеро Белагаш,51.858057,67.384227,,,,osm:w257511132
4097f9f5-ea46-4aaa-b845-045e978aad1c,water_body,Озеро Белобай,50.707224,71.152133,,,,osm:w507976504
d4911940-68bf-4014-87e8-4e3a46e67987,water_body,Озеро Белое,53.044250,68.610125,,,,osm:w24949428
dd830fd1-9957-4de5-a8f7-880d9e9e9832,water_body,Озеро Белое,45.781842,74.370865,,,,osm:w989792806
c13e49c7-62a0-4948-b971-08f24599f3ce,water_body,Озеро Белокаменное,53.701443,61.583816,,,,osm:w199357748
6480e79a-c798-49f1-afbd-286e970ab094,water_body,Озеро Белый дом,51.354672,72.033037,,,,osm:w162747200
f28b814f-011a-4ec3-8164-d2682d3f34db,water_body,Озеро Береке,50.277850,57.097549,,,,osm:w206259161
86d53cb3-d0e2-4397-96d7-53ae9e9fa23a,water_body,Озеро Бестобе,50.644684,70.478684,,,,osm:w275602782
d7ffb7b6-79f1-4e8b-884d-ef308c8d00b1,water_body,Озеро Билископа,51.754106,61.851397,,,,osm:w197677459
9c4dcece-1bbe-4bf1-8db0-092267d06a9c,water_body,Озеро Биргиз,52.911459,69.503661,,,,osm:w320751182
294455f7-14ab-4191-93dd-63eeb92fe871,water_body,Озеро Богетбай,51.424369,70.145550,,,,osm:w322693033
79c45a49-7694-4aed-bbf9-835ab7d90858,water_body,Озеро Бозайгыр,51.482599,71.196066,,,,osm:w59107008
282e92c8-2956-44a9-85b9-6d2917613383,water_body,Озеро Бозарал,54.418974,69.478923,,,,osm:w208763282
bf17e88d-4a8c-4696-95cc-7e97efac0187,water_body,Озеро Бозшаколь,50.296324,75.757164,,,,osm:w527878469
9e787003-d633-4e9e-80f4-018d179d1044,water_body,Озеро Большая Сарыоба,51.158356,72.094291,,,,osm:w56302884
1881fd68-5add-4145-8a8f-55ac18237854,water_body,Озеро Большое,50.763918,80.948679,,,,osm:w42343861
2e190061-9fff-40ea-9fad-d126c1d54ab4,water_body,Озеро Большое,50.724140,79.669618,,,,osm:r16251316
2288848b-517a-4a07-992c-2e00f68096b0,water_body,Озеро Большое Долгое,54.837325,69.583711,,,,osm:w174680610
b80a5893-ab22-480a-99a3-e33809193217,water_body,Озеро Большое Чебачье,53.116242,70.260851,,,,osm:r946588
560f6a8b-5127-4379-83da-9f70a643b96e,water_body,Озеро Большой Калман,52.022397,76.544656,,,,osm:w27168603
7364fa97-bad9-4d6b-a613-6a7fccb8f8d9,water_body,Озеро Большой Сарыколь,49.480217,73.699724,,,,osm:w96718111
42dfef62-0e5e-4f8c-91f9-27a34d359c4a,water_body,Озеро Большой Саряыгыр,54.425235,70.324926,,,,osm:w239629147
45634387-925e-49b9-bede-9f887795bfc8,water_body,Озеро Большой Чирок,54.959510,67.892306,,,,osm:w136895092
304d40b0-4f61-4e92-9a98-c0bb2054b086,water_body,Озеро Большой Шопиколь,53.024300,76.840012,,,,osm:w1190771516
fb170eec-bd45-422c-8bf1-269224153e3f,water_body,Озеро Борли,51.826305,77.981540,,,,osm:w524629425
8e491e2b-b76d-4216-ad44-c4751eb1332a,water_body,Озеро Боровое,53.079689,70.273554,,,,osm:r2293176
f620f607-2996-46d0-902d-19545ec7a8a9,water_body,Озеро Босага,49.726831,63.906574,,,,osm:w298531607
5b03fc00-7357-4457-946e-db7870792b6a,water_body,Озеро Бума,51.454687,52.812982,,,,osm:w302304106
6256143e-2932-47cb-97d7-2ae0a893b6c8,water_body,Озеро Бура,52.664002,78.491709,,,,osm:w721013616
2a259aa8-a48f-4dcf-a76b-fac3364c39dd,water_body,Озеро Буржар,42.427284,69.299390,,,,osm:w137652867
dda9f80f-e01f-4c03-9c9c-ee427284c495,water_body,Озеро в Трамбовке,52.855931,70.506268,,,,osm:w38415985
c987dbca-7ed4-4f79-a684-60fbf4fc2934,water_body,Озеро Варварино,54.623711,67.009052,,,,osm:w959145524
7cf0a237-34c0-4da4-99d7-fe99b162a977,water_body,Озеро Волково,55.167225,68.779905,,,,osm:w155025735
f2c224ee-fa23-4025-9469-b0faefb93ef1,water_body,Озеро Вшивка,53.202790,63.647147,,,,osm:w182648364
e08480d6-42a1-4005-8b1f-7a3a61b3324f,water_body,Озеро Глубокое,55.254961,68.746118,,,,osm:w220266641
27952969-463a-40cc-8c79-a2433cc47a24,water_body,Озеро Голубовка,53.140888,74.152476,,,,osm:w423585097
0f33d0cb-1193-4dfa-b641-28c81287f8cd,water_body,Озеро Горное,53.057111,70.240276,,,,osm:r3284955
06c7d24e-f374-4754-a59a-b48a93ed71bb,water_body,Озеро Горькое,53.664588,61.510986,,,,osm:w984009305
9e35d0b7-100d-427c-8ff8-92cdf325f313,water_body,Озеро Горькое,54.836005,69.660478,,,,osm:w174677439
a00a4279-32e9-42ae-8a9f-ddd326f425c7,water_body,Озеро Горькое,54.646197,66.960378,,,,osm:w961113738
d2e3462c-cb2a-41fd-956e-9ff880fa184d,water_body,Озеро Горькое,54.724553,66.956360,,,,osm:w252857915
d9e890d6-2b99-4174-8a6b-51ed74e9daad,water_body,Озеро Горькое,54.947135,68.951933,,,,osm:w117302203
da7f3869-553e-4156-8be7-0bf70265d405,water_body,Озеро Горькое,51.275742,80.864723,,,,osm:w672323090
dc7302fb-cb07-4bfa-8a41-09f1593c94a9,water_body,Озеро Горькое,54.683764,67.184325,,,,osm:w134726621
e69324ed-2c8e-4ed8-b95e-ef5b65b74d49,water_body,Озеро Горькое,54.821129,68.104761,,,,osm:w117417737
eb23a50e-fe5c-4ef4-acb3-6cf9eeae7b48,water_body,Озеро Горькое,51.740586,77.620479,,,,osm:w529505426
bf203d83-13ca-44b1-b7f7-bf1a09958afa,water_body,Озеро Грачиное,54.747051,68.623893,,,,osm:w117300106
1dc4f133-e273-4878-8328-086b96a54610,water_body,Озеро Гребенниково,51.174537,72.345096,,,,osm:w56314269
4ca9b400-c843-432f-a1b1-e74d903b03bb,water_body,Озеро Гусиное,55.033637,70.408321,,,,osm:w235959647
93c8869d-eb8d-40ee-8dc8-ebd3dafa430f,water_body,Озеро Гусиное,54.795096,69.134183,,,,osm:w27676714
eef07f9a-4ce2-4045-ad7c-57e560bacf74,water_body,Озеро Гусиное,54.809982,69.563557,,,,osm:w190653804
b027218a-04f5-486f-aeac-be9caeb7c336,water_body,Озеро Даулет,52.942443,69.593970,,,,osm:w320751183
95fba190-0a6c-4cc3-ad0b-731c74178f58,water_body,Озеро Двойное,54.455394,76.952482,,,,osm:w1419396269
42b6cb21-a37b-449c-b414-962abff8f027,water_body,Озеро Дед,53.254146,65.046322,,,,osm:w401714303
566c907f-5409-4e9c-89a1-3220cd5c8247,water_body,Озеро Деревянное,43.842738,79.416750,,,,osm:w745195676
e5eb57d2-7d07-4a1d-8095-fd88093d7ae0,water_body,Озеро Домалакколь,45.046127,64.636767,,,,osm:w1444258786
0f5ee048-09df-47cd-a8cd-a25c20925165,water_body,Озеро Домбай,50.668068,71.254191,,,,osm:w180051142
d8dd376a-b5b4-4c57-b918-dbfbd2df9cbf,water_body,Озеро Донгелекколь,53.022231,70.626684,,,,osm:w40922942
edc1ae0e-9dfd-4c00-aacb-dd1a19f0ac98,water_body,Озеро Досайкопа,51.946803,61.824603,,,,osm:w197677460
7b09feb4-7e9d-4ae6-affd-5d9bf7e03bd6,water_body,Озеро Дунай,53.260505,76.648181,,,,osm:w1190771530
bb640604-c3d7-4840-b333-21f7fc0f9a62,water_body,Озеро Егора Андреевича,54.683067,67.801392,,,,osm:w117398955
611a3619-e8a5-4476-9aca-4e369b6f9d75,water_body,Озеро Еспе,50.871146,76.420557,,,,osm:w256055444
0803e201-37bd-4909-b3a9-542465dd931c,water_body,Озеро Жайлау,53.731437,76.559093,,,,osm:r18940815
49db5908-18ab-4928-b5ca-26977f6433ca,water_body,Озеро Жайнак,53.149214,70.351123,,,,osm:w48902230
d16ae986-5b68-4e97-9359-48a82865ed52,water_body,Озеро Жаканколь,51.224831,72.053419,,,,osm:w162745450
a8113e4f-277d-4b57-a584-d7e11550cbdf,water_body,Озеро Жаксы-Жалгызтау,52.618786,68.160272,,,,osm:w150182434
5cfbc309-3b09-4287-b1a1-2a224e10aa08,water_body,Озеро Жаксы-Жарколь,53.821871,66.026356,,,,osm:w1378941119
c65e4918-0137-4eb5-a27a-e952ec047d84,water_body,Озеро жаксытуз,50.400558,77.954054,,,,osm:w39524044
e639a0de-e797-41fc-bfa3-43eab2702d53,water_body,Озеро Жаксытуз,52.700306,73.273863,,,,osm:w300998070
61113a6e-4612-4b86-8dc2-1a0861bdded7,water_body,Озеро Жаланаш,51.055286,71.007766,,,,osm:w150332434
33d9f2f5-20a6-4350-9ccb-a19dd01cde96,water_body,Озеро Жалгызколь,52.342762,78.653567,,,,osm:w1424046444
b8a4c61b-55e3-4948-b8ee-c9b8634c5640,water_body,Озеро Жалманкулак,50.960073,69.025577,,,,osm:w326909151
0452a49d-4db6-407b-8a81-658f192044df,water_body,Озеро Жалтыр,54.487052,68.962546,,,,osm:w191610200
2e09e2ec-fe50-4958-94dd-0e973b72b1f4,water_body,Озеро Жалтыр,53.603635,69.896017,,,,osm:w194119338
4f29c14a-d547-44ef-b1e5-811168fabc64,water_body,Озеро Жалтыр,54.615588,69.430793,,,,osm:w42200593
b1aa3603-cc16-41c9-8646-f7ad602686a3,water_body,Озеро Жалтыр,51.639341,78.256360,,,,osm:r12565699
1f4472f6-7223-4269-afc9-84b88e2eb34a,water_body,Озеро Жалтырколь,50.991696,71.827716,,,,osm:w23970587
9c064865-1683-49ac-8d40-aed9ed198f31,water_body,Озеро Жалтырколь,48.593446,52.354441,,,,osm:w329471076
d6e1e717-d164-4d34-847d-c66d153a3eb2,water_body,Озеро Жалтырколь,51.207356,72.024882,,,,osm:w162745451
06f971ad-436d-4fb0-af03-683ed8e9ea5d,water_body,Озеро Жаманколь,53.845181,68.576797,,,,osm:w114822363
489e098a-9ea0-46cb-9b79-f578e3b6604e,water_body,Озеро Жаманколь,53.042905,69.032620,,,,osm:w1485013775
a9424738-f5d5-468f-b8bb-68da60845ca1,water_body,Озеро Жаманколь,50.451363,75.807432,,,,osm:w525602809
883ad5b3-3312-4a35-ad99-fddab124ca8e,water_body,Озеро Жаманкулик,51.865302,69.759893,,,,osm:w150169935
c7b7956c-af2c-4377-8bb0-4e4dbb59f762,water_body,Озеро Жамантуз,53.060252,69.759264,,,,osm:w59527244
d3c4009d-8b09-4d9d-8f5d-48f954b3d760,water_body,Озеро Жамантуз,54.024420,69.241433,,,,osm:w157586712
e1e43eed-3947-4918-b93a-1eec6b04e059,water_body,Озеро Жамантуз,53.190837,76.833584,,,,osm:w1190771522
19743e2c-9431-4e38-a079-62fcf96fe703,water_body,Озеро Жанаконыс,50.871743,70.107223,,,,osm:w244818906
aae00237-42e5-4418-90dc-b2fc7b97c695,water_body,Озеро Жананшошка,52.278970,78.603446,,,,osm:r19528914
42b05f2f-4854-4801-a866-2bb8666ad5af,water_body,Озеро Жанасу,46.282776,77.225294,,,,osm:w1035246183
11a34549-4bc4-4740-b384-b0ffaeed3693,water_body,Озеро Жангула,51.193934,72.004964,,,,osm:w162745361
c40c88e5-63b1-4c71-ac9f-8e7ba02c1351,water_body,Озеро Жантеке,50.790668,70.162087,,,,osm:w244818907
e696217e-9d2e-4cd0-9885-13918dd518b1,water_body,Озеро Жаныбекшалкар,50.591346,70.288240,,,,osm:w275602783
80955c3e-649c-4caf-b01b-d0ec53596a64,water_body,Озеро Жарколь,53.194556,63.227296,,,,osm:w151688985
b0efde36-403a-46e2-bae4-ed5ca03142c9,water_body,Озеро Жарколь,53.620894,62.688179,,,,osm:w114562285
b84224ee-6a23-40fb-88ea-a20e7f07d092,water_body,Озеро Жарколь,53.996410,64.800165,,,,osm:w1529371203
d6844cfc-9412-4bac-a193-708ac650143e,water_body,Озеро Жарлыколь,50.605117,70.983051,,,,osm:w180051024
860304bf-5bc9-4b19-a491-c8a8b0d79fc9,water_body,Озеро Жартас,49.498160,75.239891,,,,osm:w24977996
a012f585-847b-43a0-a283-8a007af2d0f6,water_body,Озеро Жасыл,45.771922,81.049888,,,,osm:w292269318
a8303aec-d0f4-4de8-8706-16817f8b89fb,water_body,Озеро Жаткамбай,53.239744,63.228252,,,,osm:w151688986
2caea494-9f83-4555-bc91-fa2227400d6c,water_body,Озеро Жекеколь,54.361960,66.965039,,,,osm:w252858156
28794329-cf5c-48e5-86df-f5889936a42a,water_body,Озеро Желтенькое,55.157137,68.409344,,,,osm:w782595223
e5fd45ef-b028-4002-a3fb-755795de4d08,water_body,Озеро Жетикколь,53.927916,61.506218,,,,osm:w335035385
27774e5b-9d86-4102-adbf-430643d908ce,water_body,Озеро Жиланды,47.646330,80.270877,,,,osm:w38226195
ed34740f-0101-4727-a9ad-8fbe8c524f5e,water_body,Озеро Жиланды,53.905931,61.272115,,,,osm:w348212634
9f1c03a2-de00-47ef-96c5-4da60d62c714,water_body,Озеро Жолдыозек,54.392033,69.407020,,,,osm:w208763283
22a9d26a-dae6-49b0-90d5-5f5373c9609c,water_body,Озеро Жыландышалкар,50.662923,70.420741,,,,osm:w275602784
03298a56-19ce-4391-be81-1d84a76d1feb,water_body,Озеро Жылы,49.737564,86.677161,,,,osm:w334088921
26035cce-f75d-4b77-b108-7c6f392a6179,water_body,Озеро Жынгылды,51.866417,75.374135,,,Сайт: https://rybalku.ru/prognoz/kz/pavlodar%20region/ekibastuz%20g.%20a./ozero%20zhyngyldy,osm:w27167085
1c76f71b-ab38-4de0-9f8b-7c43ce9a4d89,water_body,Озеро Зайсан,48.079293,83.648238,,,,osm:r35913
2ded6187-cd34-40a6-b21c-219e9de3a2cb,water_body,Озеро Зарослое,55.064567,70.217352,,,,osm:w234171547
40dbee99-2b56-431d-a35f-423ab8d76dc5,water_body,Озеро Зелёное,49.126574,86.638672,,,,osm:w656610232
f1a28b10-7e6c-47f8-bbef-98b469ffa4c9,water_body,Озеро Зеренда,52.923556,69.114181,,,,osm:w35143868
15cec15f-67b5-4462-acff-ac787b2d1289,water_body,Озеро Ивана Васильевича,51.895914,69.990613,,,,osm:w279689847
bd0a554e-4fce-4b68-9a66-2dede9d7ad6a,water_body,Озеро Изколь,54.237485,65.020718,,,,osm:w1529160754
a4bcbc1f-655e-434e-beeb-baa1ed4ae8cb,water_body,Озеро Ильмень Сажанский,46.632710,49.390260,,,,osm:w389176293
d79c32c0-3c6a-4e31-ad3b-8d5a99067457,water_body,Озеро Ильчибек,54.238870,64.926883,,,,osm:w1529046856
22f00ab8-612c-49f9-bd13-f9fddd9c7b85,water_body,Озеро Имантау,53.022875,68.256560,,,,osm:r947706
1b510576-0134-4886-a08c-ec31d6ee71d1,water_body,Озеро Исей,50.496514,69.637346,,,,osm:w23099078
3c5008a8-bb97-46cf-b287-448c08f878d0,water_body,Озеро Иснал,54.457051,69.456106,,,,osm:w208763284
6db70fc0-63a7-4679-8c3f-e8ab76cf6145,water_body,Озеро Иссык,43.253496,77.485601,,,,osm:w27106049
7e3528c7-a77b-4e9e-a0d5-022272e75a25,water_body,Озеро Итемген,52.346297,71.102390,,,,osm:w304249142
6b48fc08-37c6-4ec8-bfef-6de3a4cc35d7,water_body,Озеро Итсары,53.905076,64.883414,,,,osm:r21014469
282f684a-69a8-4b0b-b20f-d817be99a857,water_body,Озеро Кабантакыр,52.621365,78.009822,,,,osm:w936461250
e45ed36a-b826-4720-b6f4-45ed32cbf19c,water_body,Озеро Кадык,53.584886,61.306093,,,,osm:w984019456
84f75efd-cc37-4863-8d04-b458dcde078b,water_body,Озеро Казацкое,50.406897,69.638803,,,,osm:w277032686
6e15050d-25d3-4635-8cbb-23ac54f82fb8,water_body,Озеро Казыбайсай,49.145806,50.384871,,,,osm:w1017960485
774ecc26-be67-49d3-a5f9-86abe781ef36,water_body,Озеро Как,53.582820,66.209254,,,,osm:w697576563
0417bb0b-0cc4-481e-9594-05d566bdc270,water_body,Озеро Какайгыр,54.611709,69.459671,,,,osm:w208763779
05a65842-53a9-49fe-9752-0b0332cc521f,water_body,Озеро Калибек,53.828816,70.623052,,,,osm:w87369302
d8eedb56-11af-4e75-b04f-25cd32680421,water_body,Озеро Калмыково,54.821174,68.590619,,,,osm:w117300124
4655f9d2-0ae1-4b83-91cb-a1c98ef0d46b,water_body,Озеро Каменное,54.973980,68.551497,,,,osm:w114647212
c17c259d-887f-41b7-b6ce-d445c74a8a81,water_body,Озеро Камылово,54.626096,67.206606,,,,osm:w702228513
9fa33b14-85df-4749-bb2f-742a6d412fa9,water_body,Озеро Камысколь,46.962227,53.956244,,,,osm:w39423610
876a2a78-a4c8-4c4d-8e90-7faf20891595,water_body,Озеро Камыстыколь,50.409393,75.791823,,,,osm:w539616572
bf700df0-8bae-4733-8d88-8c737b9517ec,water_body,Озеро камышки,50.989032,80.969728,,,,osm:w182492302
1662740b-45f2-4bfc-ae32-23c69ac8f084,water_body,Озеро Камышлово,54.848528,70.148094,,,,osm:w176424842
72c2d05e-8b03-4fed-b96b-abaa65f4d3fe,water_body,Озеро Камышное,51.285421,70.573551,,,,osm:w320080232
9075d922-2c77-4ac1-857f-d576708af6e9,water_body,Озеро Камышное,53.630739,60.930754,,,,osm:w126579422
20539eca-2ff6-41bd-8fab-8eb734218d1d,water_body,Озеро Камышовое,53.983945,65.198626,,,,osm:w1530977605
72a7d2a2-077b-40ac-a3d4-9680756ff015,water_body,Озеро Камышовое,51.703778,70.036300,,,,osm:w321321674
15bd5218-87c7-471d-8c0d-77705ff65250,water_body,Озеро Канжыгалы,51.984045,71.048385,,,,osm:w149717522
60632288-ef7b-4e10-80dc-a78b7983eb3f,water_body,Озеро Капральское,54.592925,67.663187,,,,osm:w962643873
67d55e7a-5b65-44d3-b00a-0cd50e4ee06f,water_body,Озеро Карабауыр,53.259091,69.200378,,,,osm:w1356962500
b1586a85-99d0-4932-81bf-49e8987d2f5e,water_body,Озеро Караегин,50.858737,70.382495,,,,osm:w1184229776
3322fe2c-0feb-4815-b7d1-7e85aa36a24d,water_body,Озеро Каракамыс,52.947277,65.039600,,,,osm:w190242387
7cc27034-beb0-4e48-9c69-5355df16daa8,water_body,Озеро Каракамыс,53.964056,64.816803,,,,osm:w1529371205
021ea4d9-9e28-4318-baf8-808c148a6d4f,water_body,Озеро Караколь,49.711080,76.249422,,,,osm:w190397688
69b93499-2ed9-418e-bc9e-b1646fdffc39,water_body,Озеро Караколь,48.738909,80.809440,,,,osm:w22661513
a3e589c9-f562-4c48-8322-7c6321fc7ce7,water_body,Озеро Караколь,49.362911,58.280350,,,,osm:w1467639215
d1083318-63e9-4e49-93d5-0ab5ea96f7ca,water_body,Озеро Карамырза,52.014208,76.963969,,,,osm:w529190579
a792f5d2-47bd-4387-8f73-95e754e61431,water_body,Озеро Карасу,51.873364,69.752126,,,,osm:w150169936
43e07402-9129-4106-9509-12d3d50c2882,water_body,Озеро Карасук,53.098782,76.424765,,,,osm:w124046004
74a09967-a1a5-485a-9f52-6f61f3fc624e,water_body,Озеро Карасук,53.511565,77.205881,,,,osm:w25879733
e8a79f07-d9de-419f-aee8-3175657d5dd0,water_body,Озеро Карашокы,49.834305,82.173184,,,,osm:w171266288
e19092fa-4ed8-448f-8cf1-b7f1c1ecb11f,water_body,Озеро Каретное,53.297875,65.098103,,,,osm:w310077970
758c1bbf-3ed5-48fa-b576-ad2fa3880c34,water_body,Озеро Карлыколь,53.131369,68.815049,,,,osm:w353280512
17d83533-5b69-46af-a2b8-09d261a9ea92,water_body,Озеро Карынколь,54.162520,64.995672,,,,osm:w1530564209
b14826c6-90ba-4d6c-b473-fed9fdd4b48c,water_body,Озеро Каскырколь,54.770918,68.006963,,,,osm:w962331100
c5bbe2cb-082f-4dc8-8eac-71ea8f048998,water_body,Озеро Катарколь,52.961896,70.408868,,,,osm:w38413793
099ffad6-3829-41cd-8b14-3f93a52d4be7,water_body,Озеро Кашукбай,53.801186,61.417958,,,,osm:w348212647
bffa859d-4cfc-45fd-94f6-3447e89c6b29,water_body,Озеро Кеноткель,53.107055,68.866805,,,,osm:w1483333766
d9c55f77-40d1-4a27-a6ba-5474324ea1e8,water_body,Озеро Кимдыколь,50.716221,75.073123,,,,osm:w122747719
206c2470-fc64-4bec-bb7c-804c00738d11,water_body,Озеро Киштибиш,54.954155,69.182918,,,,osm:w165630650
9328477e-b4ec-440c-b1c8-e55dd172bdee,water_body,Озеро Киштибиш второй,54.971381,69.178823,,,,osm:w165630649
347ee7ee-0270-4aa1-ad99-44040c14e2e2,water_body,Озеро Кияколь,50.603374,76.636659,,,,osm:w527878466
44c08fc6-c0bc-4fd7-a153-ecb32de28a2c,water_body,Озеро Ключи,51.440927,71.519569,,,,osm:w150333609
6b8bc0dc-91b9-4ab2-8374-2e66a607599c,water_body,Озеро Кобенкопа,52.029760,61.865752,,,,osm:w197694338
473a96e7-cafa-4654-95f4-17d11d46bed0,water_body,Озеро Коваль,55.047041,68.281324,,,,osm:w531607519
680d7488-2052-4566-8867-3a1f7815eb26,water_body,Озеро Кожа,52.563594,62.699758,,,,osm:w42178191
5202d940-0d26-43ad-9772-b04f78dfc9e4,water_body,Озеро Козявочное,52.764812,68.772791,,,,osm:w178047144
1eaf717f-867b-4bb5-8b2d-db3a81cc2b30,water_body,Озеро Койгельды,51.095187,71.942853,,,,osm:w56315672
c6cec3be-4a3e-4829-88d8-1c418f9e28ae,water_body,Озеро Койкопа,49.801349,63.903602,,,,osm:w298559830
3aa48a61-e07c-4baf-9aef-a99b76a78110,water_body,Озеро Койтас,49.593542,75.137966,,,,osm:w1183667675
4ffee8ca-b882-48fa-95d2-d2df952ec706,water_body,Озеро Кокай,50.441993,69.411444,,,,osm:w49748412
a058cdb9-2816-40b0-ba7d-ccd93cab506f,water_body,Озеро Кокколь,44.870793,79.911104,,,,osm:w895940519
6f8158c4-2303-46fc-836f-42919962021d,water_body,Озеро Колхозное,50.400112,80.470675,,,,osm:w42257767
d1c72ba8-6c4c-4377-91d4-3471d13e7daf,water_body,Озеро Кольаул,49.973994,72.666348,,,,osm:w123366804
8044bb81-e5d1-4864-a0e2-b3090758df7f,water_body,Озеро Кольбике,49.764435,63.969061,,,,osm:w298531608
a8060c56-b6c5-4469-bad9-3d0ce38d167c,water_body,Озеро Колькурык,53.950939,61.403824,,,,osm:w137572185
4bf06905-1327-416c-8b61-8b2237a1e2c3,water_body,Озеро Коныспай,51.693590,61.742334,,,,osm:w197477300
44a6a3c5-f40b-46dd-ad8c-d839ef8a0e98,water_body,Озеро Копа,54.142103,67.043396,,,,osm:w536812029
6baa5ea7-556d-4daf-ae06-ec72bf4cd0e2,water_body,Озеро Копа,53.309453,69.349846,,,,osm:w22498584
e77f6eba-43fe-4371-b60c-f3c42b7aebb4,water_body,Озеро Копарколь,50.419210,75.746947,,,,osm:w539616571
ebf4fb32-047b-4d8b-b718-ad60dc7efe77,water_body,Озеро Копытное,40.972755,68.474443,,,,osm:r5975931
26144fa1-6d14-4564-ad9a-56bd4e6dc8e9,water_body,Озеро Коржын,45.787301,81.038972,,,,osm:w292269316
94287010-f046-41c3-b4e4-1b159596f63f,water_body,Озеро Коровье,52.916176,69.004527,,,,osm:w38500131
1bfc4009-7492-4d39-8cd3-8a0f06f8b24d,water_body,Озеро Коряковское,52.409228,77.206055,,,,osm:w170205899
b17570c3-455d-4b25-99dc-267064e8f0cb,water_body,Озеро Косерин,52.925157,75.494739,,,,osm:w553409311
8acff862-edeb-44e5-a6fb-487a7e871a75,water_body,Озеро Косколь,54.314486,64.759867,,,,osm:w1529046817
6d7fda16-9247-490f-8163-e10a9ea86d63,water_body,Озеро Костомар,53.174692,63.193340,,,,osm:w151688987
7d6d23b7-bb2f-4de7-8842-4e47750ae5ab,water_body,Озеро Кояндыколь,52.564416,69.874009,,,,osm:w358449370
33bd3cf8-a120-499c-8e1a-a731d308862b,water_body,Озеро Кравиово,54.892682,69.647366,,,,osm:w174674149
7fafe6d4-53fa-40f3-99d8-7b0b6d3f61e6,water_body,Озеро Кривое,54.790037,67.846577,,,,osm:w117398962
a4bfb574-fc65-4f58-945b-80cbb4219dc1,water_body,Озеро Кривое,54.955445,68.541359,,,,osm:w117301273
fb4a4294-e26a-425f-ad97-55e1ec412c64,water_body,Озеро Круглое,54.299787,69.117037,,,,osm:w209166888
39ccaaf7-85c7-484f-bb05-c5a6cb654a7a,water_body,Озеро Куат,49.732294,63.995481,,,,osm:w298531609
04c5934d-84a9-4f03-bf4d-f65522ba1861,water_body,Озеро Кужи,54.501948,66.526665,,,,osm:w251776167
adfd11c4-f443-450e-b76b-8fb0ceed7de9,water_body,Озеро Кузлушкар,53.190993,76.662704,,,,osm:w1190771529
5de430ce-f55e-4b5f-ab96-de615ba3b4fe,water_body,Озеро Кулабие,54.424031,70.168930,,,,osm:w239631631
40455600-516d-4b2f-8213-9bbf3e8ab95c,water_body,Озеро Кулакколь,49.724630,63.796642,,,,osm:w298531610
428def5b-6cf4-4dcc-934d-1da7952a5cee,water_body,Озеро Кулыколь,51.356380,61.849347,,,,osm:w197476016
866a58b9-7bbe-4dee-bfa3-1a960ff918f9,water_body,Озеро Кумдыколь,53.147157,68.972405,,,,osm:w150167335
eabc67df-337a-40f4-8623-9374117e58e5,water_body,Озеро Кумдыколь,52.846523,69.907878,,,,osm:w122648946
cd59ebac-0d9a-4920-b2fd-f7e948120508,water_body,Озеро Кунайжарколь,53.125315,63.117799,,,,osm:w151688988
70c5ed85-a831-402e-aff5-be53ac5b7f59,water_body,Озеро Курай,53.665271,60.940929,,,,osm:w560672625
0145fd9e-3428-4614-b188-ad36c4c1c79a,water_body,Озеро Курайлы,47.795029,59.465564,,,,osm:w1467962754
237ce55a-9b8e-4548-83a6-dbb8b79b0f13,water_body,Озеро Курганка,54.635604,68.457621,,,,osm:w117300140
bcdd9d6f-33d0-4885-bb3c-fff898b3165b,water_body,Озеро Курейное,55.287135,68.784366,,,,osm:w220266642
bac556a1-30cd-45d1-91a5-a13ad4fff928,water_body,Озеро Курколь,53.088056,69.120576,,,,osm:w150167331
cb6c28c6-86e2-4cfd-a5f7-6881d65ea5a8,water_body,Озеро Курколь,54.133731,65.061439,,,,osm:w1530679954
6783a64a-7ac5-4473-b4be-5b04f1373edd,water_body,Озеро Курхацкое,47.485893,51.104867,,,,osm:w1086163923
a3abe50b-9fcd-4821-9caf-9cb5d341339b,water_body,Озеро Курья,54.643196,65.807429,,,,osm:w114639721
830e3fea-08a6-4aba-94ab-cc4491f8d943,water_body,Озеро Кызылколь,51.306193,72.169587,,,,osm:w162756286
9b6dc346-a271-4bc3-a3ec-9973734f6b1d,water_body,Озеро Кызылтуз,53.160758,76.913561,,,,osm:w1190771521
e52e6f98-5fda-44f3-a378-9f50f3c79190,water_body,Озеро Кызылтуз,53.783140,76.820975,,,,osm:w1374654777
43c503b2-e3c5-4af6-92f8-e56f943bbafe,water_body,Озеро Лагерное,54.684377,67.119217,,,,osm:w134726620
53a3a863-ff6a-498c-8118-a9712e260924,water_body,Озеро Лагерное,54.949064,68.574711,,,,osm:w343748594
8c3f6d3f-7751-44aa-bfdd-5597c1607616,water_body,Озеро Лебедёнок,55.193167,68.667250,,,,osm:w155025744
9c43967d-ea08-492a-9443-881fca4629f9,water_body,Озеро Лебединое,53.054339,70.273798,,,,osm:w38413851
67c5ddc5-c41d-487e-8bb8-cc46771a772d,water_body,Озеро Лебяжье,55.215689,68.648344,,,,osm:w155025748
8c6c9930-77f9-4a60-9fc6-2578dfcd4023,water_body,Озеро Линевое,50.456733,80.129219,,,,osm:w451589834
2bf7398d-230b-4cf0-be00-0186dbed1e81,water_body,Озеро Ляга,54.354039,68.507441,,,,osm:w524307457
f5a67370-6981-4520-a887-f69fcc687e53,water_body,Озеро Магнай,53.890202,61.290339,,,,osm:w348212616
3448dd87-aac4-4814-981a-e111c3ffed64,water_body,Озеро Майбалык,54.292309,70.488503,,,,osm:w237740561
d0c4b8b8-ec19-4faa-bc21-02b36acaff2c,water_body,Озеро Майбалык,53.113850,70.180474,,,,osm:r15012796
9014a7aa-eb28-49a3-bdb9-4b543ac9da31,water_body,Озеро майла,54.277378,76.555960,,,,osm:w1122521431
4eb163b5-6995-4561-8139-f2eab30a2f32,water_body,Озеро Майликоль,44.714565,79.731572,,,,osm:w896071546
be04506c-b24f-4096-ab14-7ab527561829,water_body,Озеро Малая Оймаша,43.652179,51.196888,,,,osm:w22491864
e64a2e1e-f38e-461d-85a3-3cea282cd23b,water_body,Озеро Малая Сарыоба,51.185725,72.199791,,,,osm:w56302883
64dfa286-fcdc-49cd-ba9e-b126c46af82c,water_body,Озеро Малое,50.731094,79.638785,,,,osm:w40260951
214b682c-9eaa-4744-bed6-a5e89cd67afe,water_body,Озеро Малое Белое,54.949875,69.326644,,,,osm:w176683488
d6bf64bb-6e31-48c6-94eb-4cdb61e63ff8,water_body,Озеро Малое Тюктинское,52.838878,69.566987,,,,osm:w320751184
01daea31-5b43-40a6-aca8-8d61bb81ac28,water_body,Озеро Малое Чебачье,53.096864,70.153555,,,,osm:w25846811
460c7342-d6d6-4057-8ecf-260848f118ae,water_body,Озеро Малыбай,51.625702,78.378051,,,,osm:w256057208
275ac257-24a3-4d83-bd22-e8d8091fe0e7,water_body,Озеро Малые Бурли,53.623316,61.852289,,,,osm:w199357749
929eb389-c88f-4972-9f64-fbece21abf1a,water_body,Озеро Малый Калман,52.067597,76.506791,,,,osm:w27168600
1a75738c-0ed7-448e-82b3-9d1108f4263f,water_body,Озеро Малый Косколь,53.903072,64.848949,,,,osm:w1531248187
361f0967-3038-4d94-99f0-ac1695a01bfa,water_body,Озеро Малый сарыколь,50.726853,71.199960,,,,osm:w345717976
1e855722-b4b0-4a82-af31-abb3967021ba,water_body,Озеро Малый Чирок,54.943260,67.885022,,,,osm:w136895070
32168bd2-90ff-4e16-984f-94da30d0e0cd,water_body,Озеро Малый Шоптиколь,53.014282,76.794542,,,,osm:w1190771515
5ad37c42-363a-499a-b4a1-9bedae6d458e,water_body,Озеро Мамай,52.554134,71.212812,,,,osm:w40723216
5ecc1c16-c9f9-4b5a-885a-22519c4dd72d,water_body,Озеро Мамбетколь,52.429947,78.650149,,,,osm:r19456586
25e6b979-9e8b-4eb0-9c52-1ecff8fa7d0b,water_body,Озеро Маншук Маметовой,43.079176,77.100751,,,,osm:w229195776
bf2174c9-78de-4585-b55d-44244e2a0b9f,water_body,Озеро Маралье,49.441392,85.989694,,,,osm:w169868235
0a3fdc5b-f222-4011-b548-72cb327861de,water_body,Озеро Маркаколь,48.793797,85.815112,,,,osm:w23150388
a8af5e09-c574-40ea-81ce-e74c9302cb19,water_body,Озеро Марташи,47.232098,51.198315,,,,osm:w640503944
a7f83a88-128e-40fc-b757-35038b7acb96,water_body,Озеро Матай,52.623706,63.274820,,,,osm:w184550895
e824c481-971f-42d0-a945-b6b13d676cc3,water_body,Озеро Медвежье,54.886586,70.593999,,,,osm:w62153820
ea22423c-d88a-4124-a8f5-5eecae029268,water_body,Озеро Медвежье,55.087056,70.984986,,,,osm:w62153829
b2ed306e-56e4-4b3b-8de7-d5ba4e069e47,water_body,Озеро Мельничное,54.933505,68.559932,,,,osm:w343748599
a968ebb4-2bb6-4b7f-8fa0-5fbb59d0803b,water_body,Озеро Мойылды,52.400924,77.069184,,,,osm:w25880012
aa994a96-fc68-41b2-b1e9-d67bed5070e2,water_body,Озеро Мортык,51.277290,70.780166,,,,osm:w322700730
14171603-2c69-42d9-bf9e-653b6fe72660,water_body,Озеро Моховое,51.768951,71.066919,,,,osm:w324505782
1702ed60-cdb5-4c8f-ae01-9904a266b8ed,water_body,Озеро Моховое,54.687404,66.999731,,,,osm:w527748099
918b5123-e65a-4c58-b57a-05e3ff4b33a6,water_body,Озеро Моховое,54.183870,64.984675,,,,osm:w1530555822
95bbaf10-79fc-489f-b7d4-79dde5637209,water_body,Озеро Моховое,51.925994,69.890905,,,,osm:w279689848
a004ba1a-22c0-4fcb-b632-844356ab9b8b,water_body,Озеро Мочище,54.900326,69.907925,,,,osm:w222809224
4bffab4f-1f58-40bb-921a-419b958ff522,water_body,Озеро Музколь,52.866608,78.120523,,,,osm:w1420713209
9177abc3-c408-46e8-9202-4b854fea856d,water_body,Озеро Мураш,55.021343,68.323680,,,,osm:w531608206
9c6aa255-a2d9-4dce-8d07-e25c9e544aad,water_body,Озеро Мусино,54.365001,68.484064,,,,osm:w117298244
8be4dae6-f84d-4b2e-a223-e7966f070dbf,water_body,Озеро Мырзакольсар,53.445598,69.653179,,,,osm:w194138697
b1cba304-8232-463c-a4f6-b6cb308be027,water_body,Озеро на кордоне Акылбай,53.039346,70.123786,,,,osm:w40726027
514938b5-cc87-4c72-9297-e596561415a5,water_body,Озеро Найза,52.830549,78.212568,,,,osm:w1420804589
a879bad3-245f-4f72-8dd6-5d4192d5d3d2,water_body,Озеро Нияз,52.067370,78.307269,,,,osm:w525396194
36071cfe-adff-45d4-ac77-e77db5ed22bf,water_body,Озеро Новое,55.205993,68.813820,,,,osm:w220266643
e648fedf-953a-42e8-9631-c903f04d516b,water_body,Озеро Овчинникова,50.585301,82.058323,,,,osm:w460079708
b986d39c-70d7-4566-8410-6c906d038636,water_body,Озеро Огаркино,54.210482,65.046182,,,,osm:w1529160763
2c9ca448-d7e2-4602-a247-fcae7a2ae923,water_body,Озеро Омутки,55.057865,69.049525,,,,osm:w363915244
ec260f27-f69b-4f71-ba1e-8399720a4a55,water_body,Озеро Оразкопа,51.819042,61.909663,,,,osm:w197674315
bbe8f314-a326-4c9e-8c3a-3664979929a2,water_body,Озеро Орлёнок,55.203589,68.290266,,,,osm:w782595227
c41ca252-8ee1-412e-8746-032f78b96e90,water_body,Озеро Орловка,44.981796,75.170140,,,,osm:w812934466
b3bf5bce-8458-440d-b71e-da71e8ddbf9b,water_body,Озеро Орманик,53.171157,76.719680,,,,osm:w1190771519
68a6c4a6-5ffa-4816-93eb-78ccebcb7c1b,water_body,Озеро Орманши,53.161036,76.745362,,,,osm:w1190771520
e21d2999-bd38-49b4-9809-8e1b98673d3d,water_body,Озеро Павлово,48.245808,51.555665,,,,osm:w1086499212
84b118c3-35c1-47a0-b0e4-f9e24ed31eb0,water_body,Озеро Палевское,50.290706,83.970856,,,,osm:w166154184
d53dccb5-f351-47ce-83d0-809014fc532f,water_body,Озеро Пеньковское,54.960633,69.259511,,,,osm:w176683476
db474d80-5786-4dc6-adac-630549e08d6d,water_body,Озеро Першино,51.121593,81.164492,,,,osm:w955975866
f734258b-d773-4ee7-97a2-0f531e16770d,water_body,Озеро Пестрое,54.838128,68.217235,,,соленое.,osm:w527433619
0f9484fe-f5a5-4580-9377-7f5d937bc360,water_body,Озеро Песчанка,54.533046,66.231585,,,,osm:w251776040
0c9a2ce3-6d93-47f7-ac3c-bd54a8061cfd,water_body,Озеро Питное,54.635293,66.964454,,,,osm:w961113737
a765aeee-d530-45fa-976a-1659d0a1627f,water_body,Озеро Питное,54.663976,67.120229,,,,osm:w702231142
bd6921db-93eb-44ae-b2b7-dffce5b9c590,water_body,Озеро Питное,54.823941,69.915511,,,,osm:w222808916
cb47aa2e-0a64-4685-9a39-e7e543fee2ef,water_body,Озеро Питное,54.766867,67.820355,,,,osm:w117398954
5a29f3cc-ac0d-401e-9bb9-7ab8f2db6173,water_body,Озеро Плоское,54.763170,69.495591,,,,osm:w233297826
5337cd08-6be6-41c1-a771-8902129d649b,water_body,Озеро Пнево,54.930868,68.777651,,,,osm:w205108064
e31e49b7-480c-49cd-8db4-a0313165c2ac,water_body,Озеро Пнево,55.171150,68.822403,,,,osm:w155025738
2f1a81f5-1a6b-4338-b12e-34e9aa63bba2,water_body,Озеро Поганка,54.823395,69.140006,,,,osm:w27676738
d6150c58-3a4a-4de1-adb0-22ff526f54d7,water_body,Озеро Поганка,54.924619,69.044223,,,,osm:w42201410
b54cfba4-59d0-4fc6-b454-82aace68bb93,water_body,Озеро Половинное,54.853885,70.021662,,,,osm:w184273331
585a1d94-b591-484f-a393-e2c09cf94d74,water_body,Озеро Поповское,50.592675,82.038116,,,,osm:w460079709
5a82a4f2-f2a9-40c3-b559-908dfe63a6a6,water_body,Озеро Правдино,55.095962,70.300459,,,,osm:w236001614
6ae7c67c-4502-4976-bbfb-6c217f50c622,water_body,Озеро пресное,50.956370,80.974590,,,,osm:w942420824
b1fd0816-5c8f-4710-95cf-93bc5da12c7d,water_body,Озеро Пронькино,54.764516,70.483386,,,,osm:w722175343
143c98a8-f7c8-4dec-ae53-eab499288d2f,water_body,Озеро Прудок,55.341802,69.562409,,,,osm:w224093868
2f84bf66-e3f5-4778-a8c4-1f9cfd148444,water_body,Озеро Рыбное,54.884332,69.372038,,,,osm:w176683489
ac1982f6-5e46-4bb4-a9ce-85dcd1b2ef46,water_body,Озеро Рыбный Сакрыл,49.612289,49.344109,,,,osm:w193160975
61f4f7e2-d566-4f24-8eeb-d5ec6855a646,water_body,Озеро Рявкино,54.974638,70.076585,,,,osm:w222361709
53e3fa7d-ad9f-463c-89f2-51cd2c26303c,water_body,Озеро Сабынды,50.497793,67.183523,,,,osm:w283874246
10f67a03-0d2d-4e0c-b7c9-9a874d342ab8,water_body,Озеро Садковская Ляга,52.897135,76.513973,,,,osm:w124309631
eaf64fd1-910d-4615-b53f-80319b02e9d7,water_body,Озеро Садырколь,49.768335,50.168067,,,,osm:w1416956725
346f7ece-b435-4800-af05-c03ba460c94b,water_body,Озеро Санкабай,53.346870,76.440289,,,,osm:w1190771525
570cd936-44a0-4d51-853a-675b87bf2e94,water_body,Озеро Саркус,53.874252,76.633483,,,,osm:w520995019
4cc01bcd-1840-4897-a533-e925d0abf72c,water_body,Озеро Сарыбалык,54.263639,70.443486,,,,osm:w237740562
9537e468-82a0-4950-8473-c563819a893a,water_body,Озеро Сарыколь,49.565356,76.889527,,,,osm:r2402339
9c81ea74-f4f0-4fe3-b7f8-c5888041ef8d,water_body,Озеро Сарыколь,49.626353,73.933261,,,,osm:w68579991
d4f6b6b4-fbfd-4d37-810a-86b1a6d760ea,water_body,Озеро Сарыколь,53.332361,65.610289,,,,osm:w114823468
d5ed4329-d3da-4181-a2df-582f7d6015dc,water_body,Озеро Сарыколь,53.821826,61.724248,,,,osm:w335183009
0ec79d38-784f-4e7f-bb44-5ba85502dabe,water_body,Озеро Сасык,49.988659,79.285285,,,,osm:w40425220
1ee3a45d-fa26-4fe9-ad7d-b376ffee775b,water_body,Озеро Сасыкколь,54.538920,70.218567,,,,osm:w239632533
581778f0-65f0-4b8b-9f3a-621255ce3888,water_body,Озеро Сасыкколь,53.770746,61.608899,,,,osm:w199357750
782707c5-1e63-40d4-8660-252b9acff6f2,water_body,Озеро Сасыкколь,52.217702,75.328699,,,,osm:w527570604
c3492ee2-4486-409a-9b80-be956e683e30,water_body,Озеро Сасыкколь,49.185953,63.148529,,,,osm:w1203853481
1a366838-5bd3-4a0e-a0b0-6cc9681fc0a1,water_body,Озеро Сасыколь,49.632000,72.488660,,,,osm:r15410178
6680217c-d993-4b15-8fcc-506ef78665a5,water_body,Озеро Саты,43.049681,78.402736,,,,osm:w183158003
cbc04504-246f-4905-872a-327638e90479,water_body,Озеро Сауле,52.754926,70.741492,,,,osm:w40723025
44e7a3a4-35c3-498e-a936-17634b8ff51a,water_body,Озеро Саумалколь,53.272967,68.162141,,,,osm:w141030968
9ff73591-156f-482e-a6cd-c897eaf8401e,water_body,Озеро Саумалколь,49.812625,74.990475,,,,osm:w24977915
b19e49ce-2450-4b83-8f5f-17878b398b96,water_body,Озеро Светлица,53.145148,76.968272,,,,osm:w529519841
5df92f23-9bc1-45fc-97fe-95abf419a4c2,water_body,Озеро Светлое,53.662450,61.684706,,,,osm:w1052543926
a9f9547d-cc23-4611-a02b-e4efc46d1bfe,water_body,Озеро Светлое,53.041528,70.189234,,,,osm:w176847834
44016786-f467-4dca-b44a-6b7342914ac2,water_body,Озеро Сейтен,51.936746,78.117871,,,,osm:w524629426
bc8b0eb6-baa4-485c-ba85-b0a71e251d16,water_body,Озеро Сербай,51.282740,80.652150,,,,osm:r9349294
1b80612d-a0f3-4882-acac-fb17a9f5e98d,water_body,Озеро Сетово,54.920269,69.712032,,,,osm:w232466297
f61fb4d2-990a-44c8-8a7e-da6c705072a5,water_body,Озеро Сиваш,54.251931,69.369691,,,,osm:w157587413
5f965623-3b98-4bbf-b188-00eab5e87aa7,water_body,Озеро Сиверга,55.397725,68.730801,,,,osm:w146447463
465463dd-0b91-4d3e-bb32-6db33044dccb,water_body,Озеро Сивково,55.220099,69.102385,,,,osm:w155025742
7f4badd4-4546-4465-9930-f3c02b8c6d69,water_body,Озеро Синакколь,43.042476,68.546288,,,,osm:w138215667
b583ea26-69e4-4510-ae78-ca094e4819df,water_body,Озеро Сирень,53.355717,62.405182,,,,osm:w247062612
c0df5cf6-ab98-42ab-85e6-99c9f06b859f,water_body,Озеро Ситово,54.611893,68.726627,,,,osm:w117063060
87524864-2582-4192-b232-33f32f74501e,water_body,Озеро Сладкое,54.411203,76.915374,,,,osm:w1419401671
2faf0d3f-ff67-4242-bc88-be583acb1ca4,water_body,Озеро Сливное,53.238206,65.004491,,,,osm:r6026528
e9a961e0-8339-4c9d-9e99-5eb78922304e,water_body,Озеро Сливное,55.126786,68.243607,,,,osm:w504189180
c95d10dd-76e1-413e-a473-d3a2a21743fb,water_body,Озеро Сорайдын,48.920795,49.675591,,,,osm:w398770364
637dbe73-b805-4e56-8aa1-81eb6124144e,water_body,Озеро Сорколь,48.423754,61.336553,,,,osm:w625570790
2c9c7efd-b0d5-4b73-86fc-f9141a48e668,water_body,Озеро Становое,54.747318,68.335273,,,,osm:r12893039
1cbc6127-4504-428e-a175-ee4e46751023,water_body,Озеро Старый Шалкар,47.765333,59.518900,,,,osm:r3670655
70c6ff19-0a8f-4d4b-8517-eacf1376d764,water_body,Озеро Степное,51.076038,51.025605,,,,osm:w329284963
7eaf654e-05a0-440b-8533-ff461dcdaaa2,water_body,Озеро Степное,55.159050,68.318518,,,,osm:w782595222
e771974f-14a2-4fa0-8d20-dc88d7d6d922,water_body,Озеро Стерхово,55.227763,68.864576,,,,osm:w220266644
ee2dac35-d871-449f-845c-bda1e1b13338,water_body,Озеро Сузыколь,53.779633,64.954545,,,,osm:w1388729574
ff73be00-45b3-420c-bc1a-52d2fd71ecbb,water_body,Озеро Сулекты,53.903179,61.780457,,,,osm:w348215245
ec76a11e-af20-45b6-8805-c8e9047541d7,water_body,Озеро Суликти,54.299665,64.925784,,,,osm:w1529046849
ef765b48-a82c-491b-a0fe-d567d4b4d2a2,water_body,Озеро Сухое,53.369036,76.633056,,,,osm:w1190771524
37ad2e97-fb6d-4457-86c5-e63f76572191,water_body,Озеро Табан,50.458490,69.581927,,,,osm:w23099079
59934063-dcfb-4ce0-8990-cb25f03ef69a,water_body,Озеро Табан,49.744247,63.801494,,,,osm:w298531611
a8b4368b-e368-4b04-97a1-f40d41fc2fec,water_body,Озеро Тайбай,51.559426,72.980882,,,,osm:w62049667
70d4bf93-b161-4276-9e18-049e0caef94f,water_body,Озеро Таймас,51.748241,79.112634,,,,osm:w256055863
16898703-8a4f-4d82-b85e-7cbb832889af,water_body,Озеро Тайынша,54.146352,70.252529,,,,osm:w237738320
0c037b08-b049-4944-affb-460261265bf5,water_body,Озеро Талдыколь,51.191251,72.352552,,,,osm:w56314268
b67a820d-aaf6-4296-8ff1-0db4a64148b5,water_body,Озеро Талдыколь,54.405795,70.325202,,,,osm:w239631632
952b8a40-c902-4070-bc4e-e23e85fffcb2,water_body,Озеро Талдярал,54.474988,69.544811,,,,osm:w208763280
0055b83e-92ff-4808-88c4-430aad0e092f,water_body,Озеро Талы,53.292924,65.014957,,,,osm:w401714293
bf121afd-752d-49a6-985a-8743f15c6fcd,water_body,Озеро Тамдыколь,51.734329,73.143159,,,,osm:w179393110
d482aed6-7ba7-4cb6-805b-5547b252d7b0,water_body,Озеро Танаколь,51.131791,71.899178,,,,osm:w53160613
48d97bd5-481f-4524-bc9e-b243afdcb23b,water_body,Озеро Тангизколь,52.953921,65.000736,,,,osm:w190242388
1ed1650e-75dc-44f2-9d8e-97d4b13c13dc,water_body,Озеро Тарангул,53.700695,67.793193,,,,osm:w378236794
605d226b-2d89-41ef-98d4-f9254c65d814,water_body,Озеро Тасшалкар,53.005469,70.709604,,,,osm:w40924235
a1835336-a510-443b-8483-d8c5ba865d20,water_body,Озеро Таттыколь,51.622793,75.183336,,,,osm:w27167019
64de0e7c-7b95-47dc-8f8e-fb11de6c8769,water_body,Озеро Ташыр,50.015458,63.885311,,,,osm:w220557246
7f807a2a-9c6a-4018-9a83-e3f8137aae24,water_body,Озеро Тебиз,48.208371,59.681313,,,,osm:w602665537
1b522524-456e-4e88-8d3a-27140ec11232,water_body,Озеро Текеколь,53.140663,70.271894,,,,osm:r2298759
661fa5ca-1ed3-405f-9a08-b731bfed5253,water_body,Озеро Телекей,50.990269,68.675749,,,,osm:w150332438
808b09bb-889e-45da-a088-78a889dee00a,water_body,Озеро Телесколь,51.581419,73.319461,,,,osm:w62049730
74ee18f5-2b85-4792-8617-69f853c70349,water_body,Озеро Тенгиз,50.524225,68.949593,,,,osm:r403288
8d6f0159-b155-4f40-a266-2957e23bc5c5,water_body,Озеро Тениз,54.085858,64.543247,,,,osm:w120543636
98c31124-644d-41eb-a2e6-61d023324945,water_body,Озеро Тениз,51.746055,73.425656,,,,osm:w183130941
f21193b5-00b2-4d8f-b53c-654bf7a0cd35,water_body,Озеро Терескен,43.881466,67.262094,,,,osm:w138320183
70f90914-d171-4e02-8983-69f44abb2d9d,water_body,Озеро Токсары,51.026614,72.366578,,,,osm:w56313433
1957a115-23ba-48d1-ae48-bbf8002e7164,water_body,Озеро Токтас,53.719238,62.916325,,,,osm:w199166557
9582c555-d094-45c3-9652-cccde9cea847,water_body,Озеро Толтыр,46.497658,54.218710,,,,osm:w627570558
b18b07be-8517-46cf-b0b0-85b0c4173cd1,water_body,Озеро Торайгыр,50.866497,75.655339,,,,osm:r1111289
3d027e34-0765-424e-a5b7-0ef20c4c57dd,water_body,Озеро Третье,55.113020,68.257793,,,,osm:w504189182
72003fcc-dce1-4f7a-9a25-f20a43dd55ab,water_body,Озеро туманное,47.186839,51.438828,,,,osm:w977035414
bcb7da66-f1ad-43a0-ab90-1546e37252bd,water_body,Озеро Тышканколь,51.237508,71.785691,,,,osm:w162742862
2e929c46-434e-4eca-abd9-6a4a46e25390,water_body,Озеро Тюгульбай,52.730281,77.871096,,,,osm:w1420917319
21bc2edb-ceae-4001-a7ff-92f4d807fbf1,water_body,Озеро Узынкамыс,52.436173,77.228842,,,,osm:w1113545230
23c763ce-4e43-4be3-82e8-0c234cd6585b,water_body,Озеро Узынколь,53.328586,65.090862,,,,osm:w219299237
39b8b3b5-b3d2-4c63-bc3c-aba106dd3d8f,water_body,Озеро Узынколь,54.222977,65.013361,,,,osm:w1529160764
43d7ee97-b2e5-43a8-bd5e-17453810cd62,water_body,Озеро Узынколь,54.189818,66.998890,,,,osm:w536812035
5a66ea23-14cc-4e0b-a1c8-f83dd6f5e698,water_body,Озеро Узынколь,53.048708,68.975989,,,,osm:w1484615171
b2257153-4182-431d-8ec1-72b8001c053c,water_body,Озеро Узынколь,53.274002,66.661210,,,,osm:w192705218
fb4bfb56-80bd-45fd-87de-c1957dbf72ec,water_body,Озеро Узынколь,50.573578,70.884221,,,,osm:w180051047
47f7836c-9917-4c36-ae90-dae275a43140,water_body,Озеро Улуколь,54.124408,65.088683,,,,osm:w1530679955
a892d3d8-c825-46ec-8047-4cd3051d5766,water_body,Озеро Улькен Бурли,53.573519,61.927341,,,,osm:w199357751
33202312-7041-4f7a-956e-60aa2296b029,water_body,Озеро Улькен-Исы,44.721790,79.893965,,,,osm:w896073814
63d9bf76-a629-41ab-97e7-b1d21e8b2388,water_body,Озеро Улькентуз,50.775456,76.832860,,,,osm:w527578156
633bb9cd-562b-470e-afd2-c169ea6b7a15,water_body,Озеро Урманга,53.205912,76.587311,,,,osm:w1190771527
0814752d-ed6d-4941-937c-a966152fa6ba,water_body,Озеро Урумкай,52.713083,70.024428,,,,osm:w314036083
fb1a503b-f7fb-4daf-b7e2-db5d641feeda,water_body,Озеро Утеген,49.173606,50.499688,,,,osm:w329475096
4d3261d0-6ad3-424b-b17d-42ed062d6808,water_body,Озеро Утиное,54.747462,66.971992,,,,osm:w527748102
febc756b-a47d-4039-93a3-e16dac282ea3,water_body,Озеро Ушкайын,53.899757,65.060100,,,,osm:w1531064644
7fe54972-2189-41e6-b9d5-81969b72054a,water_body,Озеро Ушколь 2-е,45.666963,78.087036,,,,osm:w781505714
f828ee98-6eeb-44f2-b857-7073d87e8853,water_body,Озеро Уялышалкар,50.621096,70.364239,,,,osm:w169435715
1b9fda0f-b4d7-4359-89bb-00579056d9c9,water_body,Озеро Хайрюзовое,49.407669,85.916320,,,,osm:w170773384
f7bb299e-4c63-489d-b5f1-6d066edc43a1,water_body,Озеро Цыганка,46.600784,48.891733,,,,osm:w1084905245
0214e172-b506-4325-885e-5c319447ead3,water_body,Озеро Чаган,49.935520,79.008474,,,,osm:w172385354
72ec178b-619b-4261-9d41-2716d7aedd83,water_body,Озеро Чаган,53.467600,77.610042,,,,osm:w117907846
577fc3f4-7423-41a9-8035-02d0e5f6e799,water_body,Озеро Черепково,54.982444,69.358185,,,,osm:w176687302
83ead0ff-789b-4cb6-bc04-36df4861b8c2,water_body,Озеро Черненькое,51.724661,78.951704,,,,osm:w524652168
e6fa0769-23ff-459a-a643-2a6dc7198857,water_body,Озеро Черновое,49.437291,86.135855,,,,osm:w169868236
edd3345e-2263-42ce-9d5f-73e024164702,water_body,Озеро Чёрное,49.197926,86.921964,,,,osm:w1145012496
bc0b10ac-1219-44f1-8cb7-7f9d211e98f2,water_body,Озеро Чистовод,51.221909,71.784521,,,,osm:w162742863
7c25bc91-c5c6-4be9-b044-7cf88cf5c7f4,water_body,Озеро Чистое,55.109234,68.341895,,,,osm:w504181120
cb65aaf1-797a-4151-a34a-071f0bbd5334,water_body,Озеро Чистое,53.934231,61.530464,,,,osm:w335035394
0c29d631-7144-4138-914d-dad0c4c3a17a,water_body,Озеро Шаглытениз,54.127132,69.892030,,,,osm:w193913001
97dc8981-a05c-4ef7-96f5-98a0baea4f57,water_body,Озеро Шайтанка,54.786911,68.098950,,,,osm:w708402502
5c4dda40-f5d6-4cce-a001-fa5d3b3c33b2,water_body,Озеро Шалкар,50.535906,51.678449,,,,osm:r7193718
741a05f9-d8b8-4727-975d-d33926bf212a,water_body,Озеро Шалкар,50.443098,69.959213,,,,osm:r3940824
bcab357a-d77d-4c07-aed6-8a1a63ce8319,water_body,Озеро Шалкар,47.799376,59.576877,,,,osm:w39369589
e3f37db1-f11b-4363-a377-6c83a1d4f2a1,water_body,Озеро Шалкарколь,50.270299,75.714699,,,,osm:w527878470
53302e01-c147-416e-9203-d5ea7d8cd147,water_body,Озеро Шамшурино,55.188791,68.436945,,,,osm:w782595224
26e886c6-43dd-4605-94c1-b1da1d0b4a3a,water_body,Озеро Шанкан,51.109189,72.240255,,,,osm:w124683670
eac4a996-1dab-41f2-aa0f-0ae9657bdf1b,water_body,Озеро Шарбакты,51.386134,78.257631,,,,osm:w169854652
7d67668d-420d-4305-a477-e3c7d0715284,water_body,Озеро Шахринка,53.192500,63.633294,,,,osm:w182649777
d63461f4-6310-4d48-903b-7c4688a8baaa,water_body,Озеро Шеген,53.884778,65.000265,,,,osm:w1531068906
2516d46e-e107-4390-932c-b42775f1e5f6,water_body,Озеро Шелтей,46.924369,53.537195,,,,osm:w1086727511
5bac92c0-8aea-4990-8e0a-5bb17fb5e5e0,water_body,Озеро Шенгель,49.523757,75.159016,,,,osm:w24978053
8eff2c3d-0f8d-4917-86a6-8348b07b10f8,water_body,Озеро Шеркал,51.139107,72.431864,,,,osm:w56313260
a6d6b549-3e90-47a7-ad06-b86d4c8f47b3,water_body,Озеро Шийшалкар,50.681097,70.465079,,,,osm:w275602785
d64da03e-6c88-48c2-804d-82cc715db27e,water_body,Озеро Шикылдак,51.589058,74.477324,,,,osm:w527568490
1dd08c99-d56e-4248-9083-447d42d4931d,water_body,Озеро Шитово,54.668819,67.188595,,,,osm:w134726622
6b5edeed-72cc-4efd-b276-54a72e0cef21,water_body,Озеро Шоптиколь,51.714449,73.171117,,,,osm:w179391820
f4ab47b0-4efa-4a1a-b8dd-be8775128170,water_body,Озеро Шоптыколь,48.701641,86.061869,,,,osm:w401033922
f649ff71-c4b5-482e-a9ab-3eced2d516d0,water_body,Озеро Шоптыколь,48.757460,80.834648,,,,osm:w298743944
3c4f2fb8-7072-49fd-9577-0f324a546e6c,water_body,Озеро Шораякколь,45.848633,77.894218,,,,osm:w781506825
0b71c541-4425-4117-afab-26d27d69ecb2,water_body,Озеро Шорман,51.747290,70.046964,,,,osm:w321320816
e0b7bc1c-dd36-4832-9c96-4f9c22e864fa,water_body,Озеро Шошкалы,52.392589,70.847941,,,,osm:w281149358
2ad1324c-8457-4c33-9356-46037b490950,water_body,Озеро Шубарколь,53.847816,61.629159,,,,osm:w199357752
d27fa6c2-f5a4-4345-803b-25017e21cc16,water_body,Озеро Шубаркунан,45.753430,74.338907,,,,osm:w309863377
749e2a1a-a5ad-4f58-88d0-6fd70b504b2c,water_body,Озеро Шубартерек,53.096540,76.588082,,,,osm:w1190771518
5eeab1f8-aa86-4d6d-9e10-660965cca0f6,water_body,Озеро Шукайынды,53.921886,65.000111,,,,osm:w1531064604
7fcb61a5-f8e1-400b-b329-8103fb30ec13,water_body,Озеро Шукырой,43.885605,67.419528,,,,osm:w249859566
b4c49e75-1d2b-4ee8-93d5-bb66fa2dc33d,water_body,Озеро Шулан,53.759128,61.221548,,,,osm:w984079880
5402b788-738e-401a-847d-96a181db7475,water_body,Озеро Шушкала,51.251940,78.768977,,,,osm:w40261041
41d51305-fb00-4df1-b071-e69f020308f0,water_body,Озеро Шыбындыколь,52.534257,69.703015,,,,osm:w150168778
baf68cd8-d56c-4880-ae2c-f0b8d84cf006,water_body,Озеро Шыганак,52.654807,74.372336,,,,osm:w423392173
41932402-eedb-4829-93c1-52db7dbcb5fb,water_body,Озеро Щуакбай,49.672704,63.843557,,,,osm:w298531612
6e42c111-6495-4223-aeb8-b6c809aaa24f,water_body,Озеро Щучье,52.982227,70.212064,,,,osm:r953632
5f68b29b-4fa5-4696-b6f0-04ec68c9b5a9,water_body,Озерцо,52.048759,78.807616,,,,osm:w884020348
49b5afbd-d1dd-4d33-abcf-6fdddda0fdde,water_body,Олжаколь,50.421909,64.726915,,,,osm:w1191601258
9dac0c31-5522-4087-9eee-d7e0efb9f177,water_body,Орта-кара,51.353228,79.050521,,,,osm:w256058078
ef2892d5-b5a3-4faa-b50e-31b9648dece8,water_body,Ортаколь,51.869533,69.984636,,,,osm:w279689843
4c5999c5-9afa-413b-92f3-de062621c340,water_body,Орыскопа,49.235789,50.379840,,,,osm:w412363029
e57ea635-a649-4566-8df6-a03555dcb0e2,water_body,Отегенколь,53.362517,62.881652,,,,osm:w148974348
5c2d56be-8fc0-4344-90ee-00e58fdc34f5,water_body,Палочное,55.139149,68.969295,,,,osm:w155426660
201e7e35-3501-488b-9f7d-fa508c19847f,water_body,Парковое озеро,49.805434,73.076057,,,,osm:r1272414
4a57e527-335c-4bc5-a07c-7f8a818d4f14,water_body,Первое озеро,46.688341,80.798175,,,,osm:w758889039
be9eeddb-a915-4f83-9716-73189319e8d6,water_body,Первомайские озера,43.380682,76.887585,,,,osm:w23647280
43a5ad08-71c3-4637-aade-3343f55f4c44,water_body,Пестрое озеро,54.442836,68.511737,,,,osm:w536681266
92d75763-acfd-494f-b125-657ca3829dd2,water_body,Пестрое озеро,54.839995,69.108388,,,,osm:w42200616
a254e015-aada-4fc5-a369-7ff0a072d79f,water_body,Песчаное озеро,54.523234,66.490148,,,,osm:w252857252
ed98740f-6e0f-491f-9f1c-a0f7d50e11e0,water_body,Песчаное озеро,54.725364,66.671948,,,,osm:w555866791
f1af65de-c5ba-4cc0-aea8-d5534478ab8b,water_body,Побочень,50.343638,51.061684,,,,osm:w302476623
5c4e675e-5ce4-403d-ae59-059c4ab71b1a,water_body,Погребки,52.204803,76.958436,,,,osm:w1432331882
8d1bce6f-55e4-4b17-9c14-aa766095d70c,water_body,Подбелковое,50.315131,83.844591,,,,osm:w166154177
fb6ce6f7-1628-49c9-8ad1-ab2021893585,water_body,Покровский пруд,53.860799,64.236713,,,,osm:w151688978
6cfb2750-4ca4-421d-99ea-261a656ae99d,water_body,Половинное,54.809422,68.190759,,,,osm:w117398947
556ab30a-1a66-4d84-a4dc-19dd061dd436,water_body,Приютские озёра,43.411705,76.901729,,,,osm:r19120221
896472e0-361a-46b7-9819-f9b24a347a90,water_body,Пруд Жарык,49.933663,64.071846,,,,osm:w1137797674
c092c806-ce8e-456e-8778-9a3bfe5196a2,water_body,Пруд Мантык,51.656141,52.152316,,,,osm:w144707406
bc3f0789-6531-4808-b4f0-4ba152148b1d,water_body,Пятнистое,42.918967,76.314519,,,,osm:w397783295
b18af734-4e27-48f8-86ee-f73d0f87892e,water_body,Равновесия,49.700680,86.668543,,,,osm:w840045439
07c324c9-c486-450e-ba7d-600c2975c63b,water_body,Разливанское,50.308620,83.945394,,,,osm:w166154153
13c4d4b1-3669-4a20-bd46-4ad99eea2d34,water_body,Разливанское,50.314524,83.937381,,,,osm:w191438667
4f97b9ec-01c6-4398-a60f-a192a6419aa9,water_body,Разливанское,50.307482,83.935756,,,,osm:w166154171
bb975d1d-b53a-497e-a086-6f77f4d02bc8,water_body,Разливанское,50.323503,83.933904,,,,osm:w191438666
470a77d7-86a4-4bcc-b4fb-308999ffd276,water_body,Райское озеро,46.031920,78.126141,,,,osm:w1181805809
d6bae8cd-dc49-4f00-a5ee-6d9a7e24b768,water_body,Райхан,46.036803,78.122461,,,,osm:w1181805808
09e1ccd3-9f3d-430d-a295-b5d0bec99321,water_body,Рассыпное,50.281140,83.841680,,,,osm:w166154154
e546d9c2-eb3c-47a6-8212-66e39e851c23,water_body,Рахмановское,49.520808,86.536717,,,,osm:w117813624
430b898a-a8d0-4b22-8cf7-8d3bc9aedb6c,water_body,Речное озеро,54.095800,65.756066,,,,osm:w285455252
fa560933-149c-40fd-a528-13a2e9d1c4cc,water_body,Рудничное,50.229390,74.858159,,,,osm:r5992325
700f5f08-4f8f-4628-8d1e-4ae7a64dc11a,water_body,Рыбное,50.289608,83.855986,,,,osm:w166154141
f58fe5ee-6010-4ec1-a732-abe4b8823e4d,water_body,Рыбцех,51.222352,51.247543,,,,osm:w172479894
ce88e8d8-a52e-4531-9eff-b8fb8501626f,water_body,Сабакты,51.556936,69.380628,,,,osm:w274957834
519e3352-bf63-44f8-a822-bc163df306c7,water_body,Сабындыкөл,50.779673,75.709843,,,,osm:w30434304
bb5d878c-21e7-450e-881b-b92f3a12c9df,water_body,Сагырбай,49.384397,50.312499,,,,osm:r15666390
5758aaeb-541b-4bbd-b39e-292cb2d8db0d,water_body,Садырколь,49.451064,82.591815,,,,osm:w24949285
a6830b77-0966-4eab-88f0-365949ac8c92,water_body,Саздинское водохранилище,50.221389,57.124562,,,,osm:w203340613
0b916712-48e4-4d86-ab0b-940cd4aadfcf,water_body,Сайран,43.243409,76.864801,,,,osm:w208488825
cde3e506-6536-43d0-9df3-ae2628b76cd1,water_body,Самарбай,51.021825,69.999394,,,,osm:w320376755
1b8916a5-f2fa-43da-be0b-f452e42b1959,water_body,Сангасы,52.182769,73.425751,,,,osm:w321246397
efc12277-2b88-4314-8bcd-a54e3fbb6c45,water_body,Саранколь,51.556106,79.144524,,,,osm:w256057674
29ba27c1-8ff3-4354-a2f2-e31e4d2e4cdf,water_body,Саршыганак,49.435261,49.841909,,,,osm:w328428581
113f412f-9e31-4ccb-b1f6-470cdbceee70,water_body,Сарыколь,45.298613,78.365542,,,,osm:w1513661099
30c4bf43-27b1-4c3c-a9cf-db33adaebfeb,water_body,Сарыколь,54.157306,68.529320,,,,osm:w536697821
8376f46f-7ddc-487d-a38a-ff473ce2015a,water_body,Сарыколь,49.255020,86.857735,,,,osm:w1073045985
9344a303-6bef-44dc-94e8-9cf0c63e7c0f,water_body,Сарыколь,51.174918,75.756995,,,,osm:r6044705
a0d8d030-90d0-43ca-a0a9-b7b57488d567,water_body,Сарыколь,51.346951,75.873355,,,,osm:w403343906
a82a6551-5b61-4f6a-a6cd-5758611482d1,water_body,Сарыколь,51.705449,69.816728,,,,osm:w321325707
ef934427-baec-4043-ad12-f729f903a550,water_body,Сарыколь,52.520016,69.364242,,,,osm:w320693842
13e65870-6467-4821-83bc-e9bf873518a5,water_body,Сарыкопа,50.374567,64.167377,,,,osm:r284031
0c870c0d-be3e-42af-870a-10e638508e8d,water_body,Сарымойын,51.668202,64.437721,,,,osm:r7283333
dc43302e-20fa-4132-9608-f762155bc229,water_body,Сасыкколь,43.918097,66.578583,,,,osm:w810642322
feee8214-6268-4681-9e3b-30931a547b6a,water_body,Сасыкколь,46.620169,80.927078,,,,osm:r1660939
02e45564-2970-42ea-aac5-6905ecb30f98,water_body,Сасыкпай,43.239101,76.281543,,,,osm:w409304070
b4560375-7f14-4814-ac61-f0db32243f52,water_body,Сасым,49.499956,75.516246,,,,osm:w428379341
0e6b0b9b-292d-4ac6-9b0c-74d1bff1d23c,water_body,Саумалколь,50.706830,74.351204,,,,osm:w424950248
62f8ede8-14a4-4ce3-9e02-32de3e3b2e08,water_body,Сауманколь,50.051617,75.989046,,,,osm:w154698116
e0dd6ef9-0956-40c1-8979-3cb9d2ef9367,water_body,Селетинское водохранилище,52.136840,72.718081,,,,osm:r3546733
6e9fa76a-e63e-4266-942b-49221dadd35a,water_body,Селетытениз,53.342331,73.203310,,,,osm:w44884982
8c46023b-21e5-4a03-910c-e923bede8505,water_body,Семиозёрка озеро,54.628742,66.380659,,,,osm:w1221006179
8751e034-c74e-4eee-93a4-3786063ec4c9,water_body,Сергеев бөгені,53.697766,67.258169,,,,osm:r5446880
0e21d087-96c8-4034-ba03-deec769a958f,water_body,Сергеевское Водохранилище,52.946086,63.095665,,,,osm:r2024171
1582eaed-5415-4f66-8a0f-4a22ec9a986f,water_body,Сладкое,54.187156,75.916613,,,,osm:w515861838
198f2166-153c-4340-8fbe-9e4870329bee,water_body,Сладкое озеро,54.632719,66.346550,,,,osm:w1221006178
6a30a467-761f-4cac-bd85-d2d3b1e01aa8,water_body,Солдатколь,53.120803,69.553486,,,,osm:w320755260
63b3371f-6be1-46dd-9ee3-3c290d390f42,water_body,Солдатское озеро,43.249345,76.706551,,,,osm:r19207564
ad9254b3-cadf-469e-8ae4-5bccd771e066,water_body,Солянка,51.070674,52.248770,,,,osm:w329470825
00df7b98-61ba-4759-9c37-9f16ad92fc28,water_body,Соналы,52.025953,62.426096,,,,osm:w361990588
6a2fbd1d-c1d2-4cbe-a851-ec3694c354ba,water_body,Сорколь,50.273084,54.188113,,,,osm:w39344432
6bfd29fb-9549-449d-9e66-083c53775712,water_body,Сорколь,49.247389,50.241604,,,,osm:w287057462
7c399f05-03de-4143-83cb-8927de5d9d5e,water_body,Сорколь,45.997137,61.305506,,,,osm:w307419404
ad9f6282-9101-4522-be90-174b23ff02b4,water_body,Сорколь,48.560132,70.280005,,,,osm:w257783468
ce754905-7b4e-4776-ab41-7aa1ab1363eb,water_body,Сорколь,53.363380,62.786774,,,,osm:w247062614
ff0a4527-7e2a-4ab8-8dce-7be44de1b271,water_body,Сорколь (сол.),49.733180,75.459015,,,,osm:w428432200
b69995de-9008-420e-ab58-d0551414ad74,water_body,Сорсенбай,52.071560,62.383788,,,,osm:w151353001
dd6beeef-eb17-435d-8e5f-966d3e8c526e,water_body,Сорсенбай,52.069097,62.402569,,,,osm:w361990589
3f9ed71d-1db8-40fa-a863-f1514eda5f47,water_body,Су қоймасы,46.071185,61.092553,,,"Адрес: Карашалан, улица Карашалан, 85.",osm:w1433213526
39ec8e8c-d813-40cf-9767-70c64868745e,water_body,Суколь,53.082402,69.605366,,,,osm:w320755261
b45e9e88-7582-47da-a603-fc5b24df369c,water_body,Суликты,50.249462,65.102553,,,,osm:w1192005911
1160f441-5916-4bfb-b0c8-a5d297239a5c,water_body,Султан озеро,53.746213,66.404739,,,,osm:w553240038
74d53bf6-ecda-4051-b0c0-ee4c7e4ca385,water_body,Султанкельды,50.491568,69.510654,,,,osm:w23099077
56baaeb7-f9ae-4fad-bec8-cd3e2875b45f,water_body,Сулуколь,50.484856,54.286783,,,,osm:w269802590
b4ed9e76-79ba-42a6-b82c-3728ca422d49,water_body,Сункаркия,52.159226,73.616412,,,,osm:w321246399
d2b5ca87-f3d1-4bf1-a3d2-dfcbc1ee1885,water_body,Сфагновые озера,43.158241,77.635113,,,,osm:r16918875
a2dc13b6-880a-452c-b594-312464600fc4,water_body,Сүлүколь,52.954870,73.899489,,,,osm:w423577432
9560baf8-f098-4f23-b640-0e9963bb6627,water_body,Табанказы,50.430900,69.599840,,,,osm:w49748423
c5c81959-2dfd-4d3e-9afa-8b6212ee3170,water_body,Тазловановское озеро,52.084149,67.701864,,,,osm:w1383763669
cabe6cf1-73e9-484b-af48-e1935638d1a9,water_body,Талап,43.630851,76.310077,,,,osm:w22742200
ca25261b-ed7d-436f-b9d7-6fc328e6af11,water_body,Талапское,51.949863,70.003827,,,,osm:w322684139
35a30eac-a94f-47f7-854b-6010e921af68,water_body,Талдыколь,51.266723,75.929806,,,,osm:w123700935
b592e90b-f0d6-4661-becc-cbae15e01f00,water_body,Талдыколь,51.893778,69.863099,,,,osm:w150169938
a50ccfc2-315f-409d-bd33-48c342994cb0,water_body,Талкынколь,51.626672,69.475329,,,,osm:w322720293
f5b71806-63ab-4fdb-b312-755d9b8623d6,water_body,Таран,43.342738,76.266666,,,,osm:w22742196
4b02a880-dc59-4793-94fe-d58a0b6fe019,water_body,Тарелочка,53.220658,63.563544,,,,osm:w118446698
edbaab09-b688-4fb9-bffe-6967947addf0,water_body,Тасколь,49.547559,75.324590,,,,osm:w199776320
1d652db3-b7ff-49a5-9736-860021472b96,water_body,Тасонгар,49.333524,50.407853,,,,osm:w1017960479
849726b9-b5b7-483d-8c29-5c23b7474754,water_body,Тасоткельское водохранилище,43.365169,73.961240,,,,osm:w38857985
28ebdd21-0495-4238-9054-7596ac383547,water_body,Теплое,51.318215,51.728454,,,,osm:r15506935
07f4c775-af80-4695-b955-cd94aad1cfb2,water_body,Теренколь,53.514999,68.560366,,,,osm:w536296152
8e87e059-231f-419b-a349-f64c4a27fb2d,water_body,Теренколь,53.772989,76.585801,,,,osm:w615321985
751768d2-0f3b-4f3c-8157-fab4dd397141,water_body,Территория водокачки,51.971044,61.789247,,,,osm:w453452441
9464a9bb-5e72-4ce7-938b-55f0e9c9fbc0,water_body,Терс-Ащыбулакское водохранилище,42.685454,70.890013,,,,osm:w22377317
2da83e65-398a-4645-8bb1-e8f8f793804c,water_body,Тимофеева,43.011202,77.064373,,,,osm:w1064846059
5c6b7c62-ee69-47c2-897d-a4550700f2e4,water_body,Тогай,49.628865,82.121608,,,,osm:w45181762
b7542792-911a-466e-a8e8-7d90c6d93988,water_body,Тойганколь,51.849488,73.202155,,,,osm:w183130936
f1fc8dfe-4d52-4307-a824-eb90e17033b0,water_body,Топкое Селитровое озеро,52.038996,78.858385,,,,osm:w884022117
08f2e5fe-9e1b-47ca-a180-8867d8a14b61,water_body,Торткара,49.448015,82.619054,,,,osm:w24949284
0beb1fec-f556-4895-b22e-83c14979fbca,water_body,Торткулак,45.910898,62.127140,,,,osm:w698505855
6760f656-5fb0-4873-bc67-3cfff916160a,water_body,Торыат,51.491928,76.187166,,,"Вода солёная, но не горькая - с фильтром можно было бы ей воспользоваться - на берегу много следов косуль, которые сюда приходят на водопой.",osm:w403244532
5b2b6669-f94b-4f6b-8ab3-ca216f5e4fe6,water_body,Тоғай,49.627916,82.097064,,,,osm:w1547587895
c31efe27-0e05-4e2e-b858-50dec3abf437,water_body,Травное озеро,54.731403,68.938022,,,,osm:w117063069
00f180fb-2c3e-4926-8693-c723d061e793,water_body,Троицкое водохранилище,54.018477,61.688534,,,,osm:w105999264
ad936c04-5718-4c5d-a16d-f0d2da4e9fcf,water_body,Тузколь,43.002777,79.986931,,,,osm:r6334199
0526b623-218e-4220-8087-93e771f788e5,water_body,Тулькиколь,50.513438,64.979111,,,,osm:w1192694708
acd0c543-2343-4849-9c90-c5ee5be28654,water_body,Тульколь,54.459785,66.686878,,,,osm:w536824765
b7d692d4-48fd-4770-a620-b7c212c0bfe2,water_body,Тургусунское водосховище,49.959533,84.056353,,,,osm:r20122900
bb493ec1-fd35-428f-b257-2c52627785c5,water_body,Тызтыгын,53.378969,62.723942,,,,osm:w247062616
b44eca93-afd5-4078-9ac2-440586cc2330,water_body,Угловое,52.763399,63.162435,,,,osm:w411273677
58d2c7a0-6f77-4bfb-9810-e796ffe18657,water_body,Узунколь,51.520649,69.358766,,,,osm:w274957842
54590882-6d36-4fdb-b677-20a9c6423534,water_body,Узынколь,50.951778,69.945137,,,,osm:w320375717
f3ed4c0c-a72e-47ef-923f-72229534f345,water_body,Узынколь,52.986988,64.090859,,,,osm:w219561312
e154fca1-0013-4b4e-b01b-44e65d3b5674,water_body,Уйдененское водохранилище,47.371005,84.779653,,,,osm:r3120715
0432a4b1-52a5-4816-a083-8182f1aef75d,water_body,Улекты,51.213037,51.961354,,,,osm:w337350796
25d71805-6e31-4756-9ac0-4e28994af350,water_body,Улкенкопа,51.796294,61.503325,,,,osm:w1458043922
e91cc82a-7d50-4d76-8019-4090e68bfaf7,water_body,Улькен-Караой,53.993234,71.953649,,,,osm:w61462773
5a656bee-d6d7-4792-b916-42095cbd1e90,water_body,Усек,43.931304,80.041885,,,,osm:w39372327
b64a27e0-ebbb-453d-ba9f-57626a5d6f7a,water_body,Усть-Каменогорское водохранилище,49.709978,82.965822,,,,osm:r2087409
26e9283c-92bf-4e99-9cab-9d05f759d00d,water_body,Утиное,52.477074,69.505877,,,,osm:w150168784
06e0e162-af3f-4281-8bd7-8977fc7e8837,water_body,Ушколь,51.439471,69.511642,,,,osm:w322997958
cde7fb2b-576c-4edd-b36c-5344228c783c,water_body,Ушколь,49.544295,86.617459,,,,osm:w842373163
a94b5c07-a34a-42c1-9dca-64acd17d11d0,water_body,Ушконыр,43.040950,76.490272,,,,osm:w182958493
0a1c2c94-6e86-41f4-a8b4-f192afbc45bb,water_body,Ушкулын,51.433191,75.639912,,,,osm:w403343907
952d2d98-b276-447f-b04b-e112f03b4e02,water_body,Уштаган,51.606900,69.460390,,,,osm:w322720539
e7fc7c45-4592-46c6-a91b-add2b6cbfbe5,water_body,Уштаган,50.090407,79.337206,,,,osm:w533951028
2c6e8af3-6172-4970-9b89-0bd2813bd9c7,water_body,Уялы,51.318219,78.262579,,,,osm:w344114708
504c2212-ad81-4f06-a37f-63ba6cccb1c6,water_body,Фёдоровское водохранилище,49.754728,73.086382,,,,osm:r14975947
1f232236-eff4-499b-bf1d-ec95109719b5,water_body,Хвостохранилище,49.701903,81.629013,,,,osm:w670160628
482fabb0-cff0-4b95-9c55-e56a1a113b4b,water_body,Хвостохранилище ЖГОК,50.932082,81.290945,,,,osm:w88448512
873c1e75-0a7f-486a-bb9f-b0ca3e87eec6,water_body,Хвостохранилище ЖГОК,50.926909,81.291074,,,,osm:w35797804
a551db46-e24c-4e20-bccb-ca37c730eefe,water_body,Хвостохранилище ЖГОК,50.937860,81.290968,,,,osm:w88452473
dd0ecd04-d895-444a-9e36-9228a5ec0ed3,water_body,Холостое,50.708081,49.218981,,,,osm:w405096999
525dedbf-f512-4b13-aeb1-4146310f1961,water_body,Хомутина,52.229036,76.968180,,,,osm:w527888388
578a87f4-64c8-4ab6-bb6a-3ca303f557ac,water_body,Центральное озера,45.791504,81.146002,,,,osm:w1232428643
cba3114a-de64-45b3-a5e8-77afd1842024,water_body,Церковное озеро,54.511633,66.350087,,,,osm:w251775879
a6a5d7bd-c05b-49c3-8867-ad01eaac1458,water_body,Чапурино,51.171712,51.428073,,,,osm:r10978218
db8babc8-0df3-44ef-8672-ef6e6113629c,water_body,Чардаринское водохранилище,41.094155,68.181250,,,,osm:r2860201
e80b1c79-8bda-42b2-be07-314f97b880c7,water_body,Чарское водохранилище,49.240453,81.813756,,,,osm:w22751250
d36956c3-b6fa-45be-b0e7-b5583a0e5ce9,water_body,Чаша Армакай,43.236725,77.311643,,,,osm:w1328188170
8a4a0cb2-2d03-43bb-bd82-5a2331d0b175,water_body,Чёрненький Ярок,50.269673,51.101426,,,,osm:w334279531
b047ea04-84a2-43df-818d-564d51733eb3,water_body,Чигири,52.188600,76.997754,,,Подпитывается от подземных источников (ключей).,osm:w1448196909
0a3e4139-ccd6-4928-8b78-2370d1661183,water_body,Чистое озеро,49.960811,79.759695,,,,osm:w533951029
c8bf0308-1baf-476b-8b7e-60b70bb60324,water_body,Чистое озеро,53.402917,63.679146,,,,osm:w235536224
cb79e998-3efa-4156-8fea-c941dd519ed3,water_body,Чкаловское водохранилище,49.928559,72.960685,,,,osm:w537459035
ca8141bc-c14a-42c9-b7a3-6430d1dbf2b7,water_body,Шагалакколь,52.205222,62.584771,,,,osm:r5388167
f054438f-314e-47c8-81c5-8b1d125c16f9,water_body,Шагырколь,51.683340,62.656995,,,,osm:w295998420
3adc122c-5c71-448f-9c55-51eff6ea311c,water_body,Шайтанколь,49.396928,75.393510,,,Сайт: http://www.karakumi.ru/nashi/kent/fokent_37.htm,osm:w194260610
8e42bd15-072c-46e4-8043-e9c37ac435cf,water_body,Шалкар,49.442780,82.637952,,,,osm:w24949281
b41f7ef0-5221-4350-88ec-125f6568f9ed,water_body,Шалкар,53.194250,68.399812,,,,osm:r947707
9aa17787-da7c-4a95-839f-c8b13eac179a,water_body,Шалкар-Карашатау.,50.468620,61.097590,,,,osm:w206225907
a5c5a34f-eb6a-47a6-bbaf-21a2ffcaeb75,water_body,Шалкарбай (сол.),49.509003,75.412927,,,,osm:w424760536
b5483fb9-72ff-48c6-a711-297ecdc80bba,water_body,Шалкарколь,50.235739,74.899656,,,,osm:w398895822
94ee6a0b-ba7a-4329-97fe-31ce263bc157,water_body,Шандыколь,51.076784,69.667825,,,,osm:w322713931
cfcf1a2b-46f4-486b-ac07-3a15361410b6,water_body,Шетекен,49.211209,50.329828,,,,osm:w287057555
87f5955b-1e37-460b-9a7b-c5c8a434abc6,water_body,Шидертинское водохранилище,51.725481,74.659489,,,,osm:r9627209
e02f117c-5e17-49e8-8e86-48bb8f002825,water_body,Шиликты,51.181458,69.229671,,,,osm:w326910113
87758c97-1ff7-469e-90cb-f15f61d96317,water_body,Широкая Ляга,52.680116,76.612786,,,,osm:w124683068
6154d84f-0e54-4114-ba7b-6668b3dc2c77,water_body,Шобан,50.230248,63.982125,,,,osm:w1191613269
c3822788-90d1-42a8-8fd0-04f03fd2c585,water_body,Шоиндыколь,50.451806,67.325151,,,,osm:w283874244
62b4145e-ba43-4e86-956f-7fa4b9c56fbf,water_body,Шокпартас,49.345623,75.309593,,,,osm:w427967414
0450961f-cc1d-4c63-b3e9-a4c282f4a451,water_body,Шомишколь,45.909560,61.657902,,,,osm:w39208963
63c73c11-aec9-4fc8-8481-fa615c71bf42,water_body,Шоптыколь,51.385513,69.881808,,,,osm:w323008583
7845d19d-eb14-47b6-9ee7-27825ff06085,water_body,Шортанды,49.373633,75.559025,,,,osm:w427768500
d4751eb1-6735-44cf-92e4-dc726917dbe1,water_body,Шортанколь,51.849219,71.219882,,,,osm:w270539436
3ba4ff71-9434-4eb5-9d35-4a74641aa42e,water_body,Шотландия,42.986492,76.921860,,,,osm:w1064801873
f02faa9a-8427-4f91-a32f-24030a672e2d,water_body,Шошка,53.438343,62.362048,,,,osm:w247062617
962b09b9-aefe-4d33-b660-dafbd8dcf345,water_body,Шошкалы,51.683745,70.228095,,,,osm:w321317923
6ce39cad-1bb6-4c09-b23c-99274e60614a,water_body,Шуакколль,52.645171,71.465622,,,,osm:w304249148
e8cc335c-1ebb-4607-9411-cfb46c205e98,water_body,Шубарколь,49.754173,76.374753,,,,osm:w190397686
7bc17e9a-4ce7-4b9f-a6a6-a776f15c43a7,water_body,Шубное озеро,54.495288,66.222966,,,,osm:w252857738
f69e8203-62d8-4c83-88a8-a621bd33ed57,water_body,Шукырганколь,43.120128,77.729380,,,,osm:w1064835941
f49eeedf-dd0b-477c-93f1-73a146bc3798,water_body,Шукырколь,51.624916,69.763106,,,,osm:w27678926
566ca4f7-7f00-4bdf-a436-b594a3a08f49,water_body,Шульбинское водохранилище,50.329803,81.349611,,,,osm:r2083103
7f50f2ea-1630-483d-b702-9df938721297,water_body,Шумурма,47.360592,49.656580,,,,osm:w1076998168
12f4270d-ec7c-47d9-8d69-80db5fb9d884,water_body,Шункырколь,51.160986,69.946609,,,,osm:w313285802
9fa46ce9-c66f-498c-8fb0-798ec48cf5c8,water_body,Шункырколь,49.514751,75.277370,,,,osm:w424760540
27e3f598-63e9-4880-9b2d-272760693660,water_body,Шыбындыколь,49.368632,83.030803,,,,osm:w59901304
232d7cbe-183a-4dc6-a860-404a001dadbf,water_body,Шыганак озеро,53.743543,66.467076,,,,osm:w541321838
f35fc5cc-20cb-4563-806b-c90cd36781a0,water_body,Шыганбай,51.812021,70.599667,,,,osm:w691607937
ac83c870-f4e8-4100-87a5-f8ce9723598a,water_body,Шырайколь,49.617615,75.334110,,,,osm:w428379346
0719ece3-53bf-4d7e-bf96-88611933137a,water_body,Щучье,52.160436,76.966118,,,,osm:w298614965
d7f3e387-d815-4b61-893c-5009c8f0577e,water_body,Щучье,55.147116,68.510945,,,,osm:w155025736
600ceb00-7062-476e-9081-4b91dd00d6ac,water_body,Экибастузское водохранилище,51.821882,75.213445,,,,osm:r5374818
78b9e3be-59e4-4961-a0fc-16e7d006c498,water_body,Ягодное озеро,54.519237,66.765441,,,,osm:w536824767
dad4cca6-e9bc-41be-9cb2-d0e68488ef12,water_body,Язовое озеро,49.568853,86.315476,,,,osm:w76832863
b31575a6-c126-40d2-91b9-5348c32f51ee,water_body,Қанбақкөл,47.727181,60.799686,,,,osm:w1273809352
5abdc825-0e4e-4372-847b-88348b75121d,water_body,Қарасу,54.136753,67.713403,,,,osm:w1457427799
20e51a27-4767-4767-9de9-71205b38e9f1,water_body,Қарақұс көлі,49.597206,86.389111,,,,osm:w183349030
c8a9d823-7858-476a-a2f0-a708e9a23d5a,water_body,Қауынды ойысы,42.921309,52.889086,,,,osm:w327222344
62edf4b5-c9db-4e68-81ba-abd25d821fe5,water_body,Үлкен көлі,49.381242,75.516665,,,,osm:w27448141
74d8542d-2b48-4e5a-9c1e-3189c6441c97,water_body,Үлкен Қобыл көлі - озеро Большое Кобылье,54.707829,66.387237,,,,osm:w121101961
582d7f57-4894-4a9f-8cc7-755020ec9a1c,campsite,Beach camping,43.905786,77.254327,,,Часы работы: 7:00 - 23:00.,osm:n6755425449
4b2638fa-9b22-416a-a33e-38289c897fb5,campsite,Eco-Park Charyn Canyon Tourist Complex,43.350497,79.081198,,,,osm:w437956305
36b10762-74f5-4318-b7fc-f3e3e747abb6,campsite,Kazakh Camping,45.405326,79.967494,,,,osm:n4397815390
b32918aa-c484-472d-98ec-7443727bd6bb,campsite,Shepherds Camp,42.590497,79.895874,,,,osm:w1486206137
5464dab8-f6d8-4d3e-81d9-5de71fec8532,campsite,Альпинград,43.079419,77.090187,,,Питьевой воды нет (по данным OpenStreetMap).,osm:w1553910650
bdd9dbc2-8173-4442-bc1f-a99ac620776f,campsite,Альпинистская база «Тау Намыс»,43.113360,77.075651,,,,osm:w1323202653
7871e9e3-8dde-4be4-8fbe-5fcac820ecd4,campsite,Березовая роща,44.597318,78.957180,,,,osm:n6744960428
84db25bf-d6c9-4ec0-b7a5-fc9fd11ca83e,campsite,Вертолётка,43.176097,77.005969,,,Питьевой воды нет (по данным OpenStreetMap).,osm:n7895724785
824afae4-3527-4182-9c74-58ebfba37e0a,campsite,Волчий котел,43.149686,77.569729,,,Есть питьевая вода (по данным OpenStreetMap).,osm:n13121357426
6ded8e14-0447-4ee1-9e17-a0fec3326bac,campsite,Династия,43.929456,77.289026,,,,osm:n7864383160
985dae7f-08e2-4563-9fed-1f034cc6bb61,campsite,Землянка,43.139958,77.015903,,,,osm:n13357181317
ce76b2e6-bb34-4797-85b5-5d4506f50823,campsite,КазПИ,43.134257,77.151538,,,Поляна названа так в 1948 году студентами-туристами Казахского педагогического института имени Абая во главе с Зиминым В.М. Есть питьевая вода (по данным OpenStreetMap).,osm:n12172686657
4e1b6728-cb69-4a25-888f-734d82dfc28c,campsite,Кемпинг-зона «Казачка»,43.125929,76.971344,,,Есть питьевая вода (по данным OpenStreetMap).,osm:w1389747247
b2b32356-bb45-477c-830f-4519c64a1b9d,campsite,Кемпинг-зона «Солнечная поляна»,43.080635,77.164987,,,Есть питьевая вода (по данным OpenStreetMap).,osm:w1447915202
e12e8593-aef8-422a-9bce-74f3c1063c64,campsite,Кемпинг-зона «Ущелье Левый Талгар»,43.039711,77.155073,,,Есть питьевая вода (по данным OpenStreetMap).,osm:w1435069996
26dba373-0fde-4275-bba8-e52fd425c698,campsite,Кок-Жайляу,43.142820,77.003942,,,Питьевой воды нет (по данным OpenStreetMap).,osm:n6638544392
0f9dbe95-d2ee-4c3e-8a99-f145e8f5d09c,campsite,Красная поляна,43.108962,77.160753,,,Есть питьевая вода (по данным OpenStreetMap).,osm:w1435044806
27bf8828-aac6-4abe-95b9-c068b125c411,campsite,Кресты,43.065757,77.091478,,,,osm:n14039010508
a0d9de68-2edf-4120-ae72-8a7f10971b0b,campsite,Лунная поляна,43.067368,76.999630,,,,osm:n6638561785
2d5e7001-02be-4c67-bcd5-40da822a6e7c,campsite,Мынжилки,43.081158,77.078701,,,Есть питьевая вода (по данным OpenStreetMap).,osm:n11659583428
43db074a-cfec-4bbf-95cf-339250ac5756,campsite,Нунатак,43.095002,77.105297,,,Питьевой воды нет (по данным OpenStreetMap).,osm:n12804607166
9d42ae3d-fdb0-460c-8130-0c19418025f6,campsite,Озеро Иссык,43.251746,77.479209,,,Есть питьевая вода (по данным OpenStreetMap).,osm:n4866071021
78f8b6c1-d171-4ad8-8a92-db7eceef44c4,campsite,Пирамида,43.035942,77.003134,,,Есть питьевая вода (по данным OpenStreetMap).,osm:n5867415386
374031dd-58fa-4402-abeb-106456a95d27,campsite,Поляна Высоцкого,43.042321,76.913698,,,Питьевой воды нет (по данным OpenStreetMap).,osm:n11511301891
50b8425e-a4b8-4aa4-9ddc-33a7fca4d8d0,campsite,Поляна Горностаев,43.002688,77.120366,,,Есть питьевая вода (по данным OpenStreetMap).,osm:n12199154039
5edbdae7-2909-4be8-ad64-53a1c78c121a,campsite,Поляна Сновидений,42.902151,76.465518,,,Есть питьевая вода (по данным OpenStreetMap).,osm:n13097972773
9d692d54-9ecd-4cd1-b15a-e11aee5e13b2,campsite,Поляна Терра,43.046027,76.913301,,,Есть питьевая вода (по данным OpenStreetMap).,osm:n6717722180
c6e2cbb3-d5f5-4828-9526-e5a1e6279c0c,campsite,Поляна Энтузиастов,43.155530,77.113985,,,Питьевой воды нет (по данным OpenStreetMap).,osm:n9888790178
04c4f946-5649-4e05-93d3-4cbb3e1b0f97,campsite,Пятипалая ель,43.121547,76.979185,,,Есть питьевая вода (по данным OpenStreetMap).,osm:n12864197219
fb68f50f-d0d3-4058-8de2-96fe15c1d32f,campsite,Райская поляна,43.099031,77.407871,,,Есть питьевая вода (по данным OpenStreetMap).,osm:n12182467080
d447e89a-fba6-48df-aa73-d4649f5edd6d,campsite,Рафт-сервис,43.440901,78.407391,,,"Адрес: Алматы, кубеева, 70. Часы работы: Mo-Su 08:00-22:00. Сайт: https://raft-service.kz/ Платно.",osm:n10744085208
08ce8d13-bc7d-48c7-b3e0-e0dd21370436,campsite,Синегорье,43.312190,77.636913,,,,osm:n2883164710
440ef234-0193-41da-b84b-bd4437df731f,campsite,Синий домик,43.111928,77.074320,,,,osm:w255904837
8128f6e8-13b6-48f3-8e66-8e4f5a871151,campsite,Солнечный,43.788887,77.145798,,,,osm:n7770031947
53fc0acd-00e4-4cc3-b82f-9046b05528ac,campsite,«Тарелка» поляна,43.158259,77.014940,,,Питьевой воды нет (по данным OpenStreetMap).,osm:n14121738849
5afbdc64-d6d5-4d3c-b7b7-3bbce2949f28,campsite,Тау-Тургень,43.353895,77.611300,,,,osm:n2883164711
94c8abce-94d8-4a24-8804-625639eea53d,campsite,Ташкентские ночёвки,43.061936,77.082370,,,Питьевой воды нет (по данным OpenStreetMap).,osm:n12804560090
63dbe759-60d5-4a8b-b095-1078e3b8ac18,campsite,Текес,42.721488,79.463102,,,,osm:n4922140724
250d39ab-636a-4d63-88c5-ceae9c600822,campsite,Тимерлик орта,43.257526,79.218049,,,,osm:n6467593885
0b9c2c4e-cc16-433a-b13e-1ae9dce65b21,campsite,Топарские озёра,45.018625,75.148888,,,,osm:n11981195869
6ac18d11-6bd9-42eb-b0c8-0a5ba5a8d7b0,campsite,Туранга,43.954303,79.588975,,,,osm:n6984558001
a6cf1f6f-5409-4f4a-bce5-e73c7b6a6b99,campsite,Туристическая база «Черкасай» в ущелье Черкасай,44.775548,78.933445,,,,osm:n9082263917
182fd219-3d64-4c05-9465-0dc3786ebbef,campsite,Хижина БАУ,43.002898,77.018750,,,Есть питьевая вода (по данным OpenStreetMap).,osm:n10016063867
7a891592-2baf-4404-b052-c3722b051da2,campsite,Хижина Бозколь,43.158040,77.466895,,,,osm:n11533425030
8cbb93d3-2b07-41da-8893-956772affeb4,campsite,Хижина Букреева,43.171172,77.132430,,,,osm:n11180468840
953c94df-dd21-466e-a1e0-f7f23430eb56,campsite,Хижина Верхний Горельник,43.091275,77.048940,,,,osm:n9892863378
9820e8a7-bbc8-4edf-b7e6-651ad591e3a2,campsite,Хижина КазСелезащиты,43.013153,77.174042,,,Есть питьевая вода (по данным OpenStreetMap).,osm:n12942273789
139ed780-fb60-48c7-8283-6ea42a45b83b,campsite,Хижина Кумбель,43.115976,77.032877,,,Питьевой воды нет (по данным OpenStreetMap).,osm:n10951183195
6241535e-bcb2-4060-9144-4427e8177573,campsite,Хижина Кызылсай,43.016715,77.060437,,,Есть питьевая вода (по данным OpenStreetMap).,osm:n10016062231
25f5c835-df1a-42e4-8581-7451d5e2cb6e,campsite,Хижина Левый Талгар,43.040573,77.155960,,,Есть питьевая вода (по данным OpenStreetMap).,osm:n10016058824
84e93d5f-eff3-434f-9d02-95d2a75897d6,campsite,Хижина ледник Корженевского,43.097782,77.408816,,,Есть питьевая вода (по данным OpenStreetMap).,osm:n11533425029
3434b978-a6a9-4be4-a36b-b4aa10aa5570,campsite,Хижина Панорама,43.147172,77.117836,,,Питьевой воды нет (по данным OpenStreetMap).,osm:n9860370617
64d685bf-469c-4570-a5a3-f2c8aea43746,campsite,Хижина Поляна Терра,43.045541,76.913536,,,Есть питьевая вода (по данным OpenStreetMap).,osm:n12771600707
78029111-ebc4-4a26-aa3e-95f4900900cc,campsite,Хижина Проходная,43.012991,76.912896,,,Есть питьевая вода (по данным OpenStreetMap).,osm:n10016051515
ce6b06e4-f399-446a-94f9-0602b9ed3e5e,campsite,Хижина Солнечная поляна,43.082694,77.164418,,,Есть питьевая вода (по данным OpenStreetMap).,osm:n11471968130
3b94981a-58f1-4759-808d-02c34a9af94b,campsite,Хижина Средний Талгар,43.120004,77.285277,,,,osm:n11533425027
71a28370-e1c9-4972-8925-1ef91219b888,campsite,Хижина Туйыксу,43.061149,77.082879,,,Питьевой воды нет (по данным OpenStreetMap).,osm:n11247553596
682a1e7e-db35-4215-b422-98622ab4c7b2,campsite,Хижина Тургень,43.172899,77.670783,,,Есть питьевая вода (по данным OpenStreetMap).,osm:n11212093347
2f8b54cb-308e-4f33-a63d-c5ca680d84e0,campsite,Хижина Шентургень,43.188809,77.619665,,,,osm:n11533425031
9e4221e2-34d3-4467-ab17-a25c89e2b849,campsite,Хижина Шубарарша,43.009214,77.396262,,,,osm:w1342073243
983914a8-6edf-4451-9ead-5edab487b022,campsite,Хижина Шукыр,43.067054,77.001162,,,,osm:n11149348771
4dcddd8d-c461-48e4-aa57-3c02d82800a0,campsite,Чарын,43.350544,79.081589,,,,osm:n7296624786
23edc1b9-695b-4a33-8eee-0c8082deada1,campsite,Шлюзавая,42.964966,76.508362,,,Есть питьевая вода (по данным OpenStreetMap).,osm:n13103427748
fa4b4cd0-b7af-41e1-9b04-c2677dd6c84c,paid_pond,Иссыкское форелевое хозяйство,43.303426,77.498863,,,,osm:w1317418047
6e73abcf-97bc-4805-a815-7425c3591dff,paid_pond,Рыбацкая усадьба,43.448992,76.709295,,,"Платная рыбалка, 8 000 тенге в сутки (по данным OpenStreetMap). Сайт: https://lake.kz/",osm:w1144388332
f6875740-187b-4639-a544-ba4d21220236,paid_pond,Форелевое хозяйство,43.327263,77.626912,,,,osm:n10554088330
b6c53891-f17b-4011-9401-d27d8b5de555,base,Alakol Resort,45.941362,81.578899,,,,osm:w615316859
bb5fa179-4229-4d0a-a970-bedce2efc11a,base,Armanda,45.869653,81.649821,,,Телефон: +7 7012210181; +7 7024896648. Сайт: https://www.instagram.com/armanda.alakol,osm:n12088602704
35fb3fe7-d2b7-41e9-a26b-43caec4933f6,base,Askartau,43.038151,76.609673,,,,osm:r15520011
935c4e3d-f5cc-4ffd-9861-00edf3c8c4cd,base,Baiterek Resort (Байтерек Резорт),45.957421,81.556348,,,,osm:w867248176
cb42d5b4-7669-42fd-8060-c0765bd173b2,base,Ecohouse,43.008206,78.337531,,,Телефон: +7 775 18 139 12. Сайт: ecohouse.kolsay,osm:w1516167188
10b6b94c-ad10-476e-a7cb-e029dcc6f87f,base,Fresh,43.947633,77.325736,,,,osm:n2386392829
6a79315a-b51c-478d-a4e1-08bf219d2be0,base,Glamping Kolsay,43.009789,78.339651,,,Телефон: +7 776 008 91 34. Сайт: @glamping_kolsay,osm:w1516194695
0eef549e-64ee-4cc6-b2a2-4488b401176a,base,Green House,45.967636,81.544532,,,,osm:w496688642
233676ab-37c0-44f0-b2dd-7f7c581dc793,base,Kolsay lakes,43.006750,78.336511,,,,osm:w1516167140
4d5f18f5-4d34-40c9-8551-14655a40211a,base,Kolsay Lakes Town,42.992352,78.326832,,,Часы работы: 24/7.,osm:w538940424
8c969462-fd37-42d2-888a-60e21e02a531,base,Kölsay Nomads,42.988608,78.330530,,,,osm:w538940211
9a185270-87df-453d-8362-7dc6304a0068,base,La Dolce Vita,43.898379,77.205994,,,"Адрес: Станция Боктер, Зелёная улица, 3. Сайт: https://dolcevita-resort.kz/",osm:w1185950606
06b47987-9ee8-4db0-97f5-1ba10de65881,base,Picnik park,43.946476,77.339765,,,,osm:w1065487807
55dd8b74-80cf-4f67-b0f9-dd5b2ebd3845,base,Qazaq Auyl,43.162695,77.059925,,,,osm:w1491867083
918b01a8-0ba3-4f58-b700-77edaa53b064,base,Relax,43.652421,80.151041,,,,osm:n8379500917
a2e75f6e-e376-49cd-aeb4-9130378de834,base,Sakura,43.641387,80.098983,,,,osm:n14180194109
baa65338-aaee-4d43-bdd5-a61a3d103158,base,Айала,45.968269,81.544897,,,,osm:w496688647
1f382c6a-a02b-4090-9b5d-6c4360571721,base,Ак-Ерке,43.157411,76.390178,,,Сайт: http://akerke.net/,osm:w312908808
645679e4-eae7-4c2d-8c01-f25f59c56ff5,base,Алаколь,45.957188,81.558998,,,,osm:r6526083
999c5524-4d2a-42a5-95d7-a257b900156f,base,Алаколь Sunrise,45.945093,81.576495,,,,osm:w615310355
ca86a1d3-f5d3-48f6-82ba-bf4da5958957,base,Аласу,45.927488,81.597801,,,,osm:w496688648
fcbab251-52fb-4018-a8d8-3fcb993c1c73,base,Алатау,45.962885,81.546947,,,,osm:w496688649
1633b6f0-5599-458e-9c20-34411119147d,base,Алатениз,45.957373,81.561222,,,,osm:w438784864
b9f6f78c-2bd3-4616-87e0-353d85763ba7,base,Алма-Ата,45.966628,81.546993,,,,osm:w438789387
3689ea8d-9889-4967-a5d8-c78a549f1ac3,base,Алма-Ата ЭКО,43.271779,77.334537,,,,osm:w1306899477
88a628b0-dc92-415a-961d-f9e0d639c7dc,base,Алмас,45.951914,81.571323,,,,osm:w496688650
64d55361-0d2f-4642-9dcf-e5b5936b264d,base,Алмас Бриллиант,45.950258,81.572837,,,,osm:w438789379
64731994-9b5d-44ee-b011-5b71517937fe,base,Алтын ебi,45.949333,81.576636,,,,osm:w496688651
09755a4e-10f9-43ea-be1b-ce6294f8ab93,base,Алтын Су,43.644110,80.100516,,,,osm:n1502644221
617dd346-1f71-405f-aac9-0d1296aa1d88,base,Амина,45.952621,81.570609,,,,osm:w438789378
89fbc036-e93a-4319-b229-922883ce952e,base,Аралтобе,45.958455,81.557262,,,,osm:w438789388
56a16667-e284-4de1-a7df-5a1bb6190c29,base,АруАна,45.948261,81.576187,,,,osm:w496688652
3ff309ba-eabd-412b-bc19-b3947f0f7ee3,base,Африкана,45.946512,81.578546,,,,osm:w615312309
95b3a124-8629-4af3-87a4-36c5c641055d,base,"База отдыха «Сияющий», горячий источник",43.636746,80.051081,,,,osm:w404275340
df89ce85-e502-4cd2-8b85-a2b4ba4971c1,base,Баксы,43.190060,76.411869,,,,osm:w1198401825
f0e63096-e283-48ba-aad6-1fce143bfcb4,base,Балсулу,45.968120,81.545383,,,,osm:w438789389
08568ff0-6f07-49b5-b936-6acc44c857a3,base,Батан,43.241541,77.763199,,,,osm:n12423617016
62796609-7bba-4c15-a57d-a83ec11199a3,base,Бриз Алаколь,45.931084,81.593161,,,,osm:w496689942
5d57d487-e4f8-4c97-9b93-3acf7e8f834a,base,Горное солнце,43.170047,77.031862,,,,osm:w1340544031
19ab0257-343a-4c6c-8c46-cdf3227f38c1,base,Деревушка,43.637129,80.054908,,,Сайт: https://www.derevushka.kz/,osm:w503403905
685a2c93-ce12-49a7-bfc6-360d31fd7a1a,base,Домашний клуб,43.898263,77.180517,,,,osm:w618290526
3cf6a0c9-c519-46ad-9a88-89d17b5030dd,base,Елик-Сай,43.192507,77.121109,,,,osm:n4796667717
f68ae174-9992-4b48-b183-465c991265a2,base,Жансулу,45.868843,81.650080,,,,osm:n12088602703
7d741a6b-ad34-4769-8fca-e99f5ea935fa,base,Жемчужина,43.630761,80.012118,,,,osm:n13235892370
3849408d-3b02-4f0a-9108-f099a6fda9dc,base,Жетысу,45.967567,81.545760,,,Зона отдыха Жетысу. Часы работы: 24/7. Телефон: 8 (701) 756 1237. Сайт: https://www.mir3d.kz/jetysu-alakol,osm:w438789390
b1c54642-5338-4c60-ab4e-658ad84803a4,base,Зона Отдыха Фламинго,45.861481,81.654162,,,"Адрес: Коктума, улица Бектурова, 97A. Сайт: Flamingos.kz",osm:w824614332
cc66e64f-8e66-4326-aa56-f3e2349a126b,base,Камария,45.945676,81.572634,,,,osm:w437466458
a7f2a0b4-c3e3-4040-a9d5-4c510e419d93,base,Каратас,43.384160,77.856448,,,,osm:w1217988300
169bb2e2-1075-440f-988b-b137936a3fe6,base,Керуен,43.336749,76.284670,,,,osm:w1175525702
b566c932-eb70-46bb-8516-5d61edb92cc1,base,Комфорт,45.944131,81.576678,,,,osm:w496688653
ca010097-91cd-4919-8b5b-daa325615c98,base,Люкс,43.633948,80.045575,,,,osm:n1326909269
64f9ee21-dc7a-4cf7-be13-98a65926fb98,base,Мандарин,45.943066,81.580341,,,,osm:w1000211330
196b4649-a956-4a66-9286-5c6f61f35551,base,Маралсай,43.245274,77.192031,,,Сайт: https://maralsay.kz/,osm:w1086488009
71e89680-d28c-45f7-8372-8841b530aa87,base,Мерей,45.944378,81.577738,,,,osm:w615308799
f845d401-cca3-4e7b-a155-dce5cf0fc45e,base,Мерей,43.900204,77.134607,,,Часы работы: Mo-Su 09:00-21:00. Телефон: +7 705 700 7071;+7 707 312 1113. Сайт: https://instagram.com/baza_merey,osm:n11007841524
71858956-d4ad-498b-9716-92ec6be3a834,base,Меруарт,45.968586,81.545689,,,,osm:w438789391
378b2c3d-e63c-49cb-8b8e-9a10c923a445,base,Мираж,43.624041,80.020928,,,,osm:n1774814941
d3434651-ac51-4d0d-8887-c84aef06cca5,base,Оазис,45.951459,81.571850,,,,osm:w496688654
056058a6-fa66-434e-b592-c392fee3292f,base,Омир Су,43.652261,80.153634,,,Телефон: +77019105270. Сайт: https://realkz.com/page.php?page_id=1440,osm:n9345941616
fddbb699-f1ba-4151-8049-1aefe64b4bc8,base,Пеликан,45.953422,81.569887,,,,osm:w398183850
bd57fc10-e0df-4f7e-9175-1d55aec2fcb8,base,Радуга,43.630490,80.042550,,,,osm:n1502644230
0e2c88c9-8b6d-46d9-b4b9-d0250e38d89f,base,Рахимджан,43.648855,80.111667,,,,osm:n4730163589
64074485-e454-44d8-8695-45db670e7957,base,Ривьера,45.945724,81.580335,,,,osm:w615312310
0df672c5-8c69-4628-a8f1-20e00cde3c40,base,Рыбацкая деревня,43.946919,77.327669,,,,osm:n2386392831
b33ba1a4-68cf-4c43-b153-1583afed8fd9,base,Самрук,45.945325,81.573013,,,,osm:w437466459
8dff74b2-4c98-4a23-adf0-a1268985c156,base,СофДарья,46.359259,78.873255,,,,osm:w1097474478
cb7d7008-a435-4d01-a6f6-9611fd8e4e8f,base,Спутник,43.236585,77.256137,,,"Адрес: ​Улица Маралсай, 1/1.",osm:w1086491214
270ced13-1c32-458a-af4b-57cfb4816d30,base,Сулу-султан,45.868874,81.650671,,,,osm:n12088602690
f7723d44-6c68-4398-8b1b-5daa9fb541d2,base,Сухраб,43.629140,80.041450,,,,osm:n1502644232
84739e6b-e1af-4433-a571-4160948651dd,base,Тау-Дастархан,43.118348,76.913354,,,"Адрес: улица Алма-Арасан Ущелье, 1/3. Часы работы: Mo-Su 10:00-23:00. Телефон: +7 727 313 2605;+7 727 313 2609. Сайт: https://tau24.kz/",osm:r18434697
12359eb1-fe48-476b-822a-3f3f85cdfb64,base,Тау-Самал,43.204592,77.115251,,,,osm:n10065738944
7e579636-6597-486f-8311-d140ab4aeb4a,base,Тумар,43.643984,80.099689,,,,osm:n1502644233
89d7093f-dd10-4215-b580-87d4a52a8222,base,Турбаза «Балхаш»,46.365109,78.912269,,,Вместимость 400 Вход 3 000 кзт. Сайт: https://www.onyxtour.kz/content/init/311/,osm:w360098905
37ea235a-00a1-4de0-9dbe-4a24842206e7,base,Уют,45.943002,81.577472,,,,osm:w683483541
b79a0eb9-52a0-46cf-9598-635dbd61b2c5,base,Черный Камень,45.929473,81.595611,,,,osm:w496688655
7864a432-6008-4ee9-8191-72264b1c02fe,base,Шагала,45.949699,81.571893,,,,osm:w518883957
7db88416-2e39-4dd7-a93b-2a4630808256,base,Шипалы,43.629040,80.043290,,,,osm:n1502644234
d593ff8e-8c98-463e-826c-9fce5b21b6b9,base,Эко Парк,43.631652,80.046026,,,Телефон: +77772000320. Сайт: http://ecoparktour.kz,osm:n5124144642
dd8f7bf2-e4fd-4ef3-955b-409332dee2a5,base,Элина,45.947346,81.578140,,,,osm:w496688656
843076c0-dbb2-4b0f-9c31-5881137c6a4b,base,Этно-аул Гунны,43.273585,77.331275,,,,osm:w1306896621
56d621a8-7b90-48c7-b173-5de3ee8a67c1,spring,9 родников,44.295910,78.189579,,,,osm:n10828574366
b8dc0fcb-0ed9-4f73-b5da-98a60d9b0be0,spring,Krasnaya Niva,50.041478,72.523055,,,,osm:n13909290436
95506d96-5f2a-4d2a-b8df-a4c74cded3a2,spring,Азамат,50.924419,51.267553,,,Горячий источник.,osm:n7954716785
f5bdaab6-402c-4819-ba43-b49859a0d476,spring,Акеспе,46.790743,60.522534,,,Горячий источник.,osm:n13713315482
4a452973-fc72-496b-af2d-8b10377d03a6,spring,Алма-Арасан,43.083148,76.906157,,,Горячий источник.,osm:w1239563809
a845a279-0631-442e-a510-e4236983259a,spring,Аман-Булак,44.161823,51.914640,,,Вода питьевая (по данным OpenStreetMap).,osm:n4177959454
93fb084c-c4a0-4155-93ec-dc0eeb4685db,spring,Атыгай,51.746358,75.633021,,,,osm:w1113546461
fc388398-e674-4dbd-8c98-9d15cc5fd336,spring,Аулие Булак,51.691126,72.603913,,,,osm:n6717714457
c9488807-d99b-46d4-9883-706b1e4deb3b,spring,Аяк-Калкан,43.858376,78.421157,,,Горячий радоновый источник.,osm:w1446952549
36056131-ffe9-4a09-ab54-dd7ac2aeae09,spring,Белый Ключ,49.997423,72.978206,,,,osm:n13907512567
9be38a67-6955-45ef-b37f-32e7a411a268,spring,Берегиня,50.297059,83.492486,,,Вода питьевая (по данным OpenStreetMap).,osm:n9042492042
30e3d42c-34d9-4d93-a11f-4391dad6ccee,spring,Береке,43.643586,80.082267,,,Горячий источник.,osm:n11768420121
6ec11f8d-fe57-496d-87f9-f38a5a3c968f,spring,Вода среди камней,50.922368,58.314049,,,,osm:n13774197502
67c11693-ac80-4512-9817-2f24c0e26b55,spring,Водопроводная колонка,49.846188,73.186529,,,,osm:n2036039683
634b6dc4-18d0-4d16-b91a-e1381aa87c39,spring,Восток-5,49.846798,73.181161,,,,osm:n1116850383
aa9f1fd6-de74-4639-b122-ba46d38da053,spring,Горный ручей,49.046902,58.655337,,,,osm:n13807668101
7607a424-ab3b-4fad-a4f3-9c8e6d143422,spring,Городской родник,52.557958,62.484560,,,Вода питьевая (по данным OpenStreetMap).,osm:n3260077967
e38a93c1-e553-4eed-bebd-0c85635107f1,spring,Горячий источник,42.544384,67.953141,,,Горячий источник.,osm:n11898482369
f23cab89-2b73-4511-b363-c369596c42b7,spring,"Горячий минеральный источник с высокой трубой (около 40°, без купели).",44.591738,50.288431,,,Горячий источник.,osm:n11768323469
4c1b6c8a-b153-4c77-83ee-fd51cd2364ac,spring,Жендели Кыз,47.322087,84.620587,,,,osm:n9946236295
c2824afb-1688-4bd6-b4c9-d1f96919b5bc,spring,Живоносный источник,43.533867,77.236688,,,,osm:n4595831292
34e75261-d0c7-4020-a874-3269d8aa5422,spring,Жылыбулак,42.965397,70.912134,,,питьевая вода вытекает из под кладбища. Вода питьевая (по данным OpenStreetMap).,osm:n12847625716
3265714e-d74a-486d-a39e-319d467d2b54,spring,Золотой,49.033179,83.084152,,,Вода питьевая (по данным OpenStreetMap).,osm:n8777802366
4685ef2d-bea4-494f-a30d-bc80516748d0,spring,Исток реки Кия,50.919938,57.760878,,,,osm:n5528374265
4ae39e1a-d558-490b-ad9f-ec588995529b,spring,Калдыбулак,47.801076,77.627650,,,,osm:n12595796843
e0b7a28d-af4b-406c-8014-f3d40927d736,spring,Канжыгабулак,48.983468,83.878855,,,,osm:n3633753129
7c32d33d-ffa9-4cf4-a274-942ff54b5060,spring,Карабулак,50.895990,74.551180,,,,osm:n4243078022
0f222687-83e7-4302-a43a-9b0a9b6f985b,spring,Каскелен,43.222990,76.718412,,,Горячий источник.,osm:n13140256779
747d990a-13ce-41d8-a5cf-fedac494f680,spring,Кербулак,44.169595,77.329801,,,,osm:n10984192687
b05435a0-3db8-48a5-9227-53ebf0e55dbb,spring,Киелі Жылқайдар бұлағы,49.715395,82.035240,,,,osm:n13142274222
fde1e2d7-8b94-45c3-879e-01d6224040e6,spring,Кирпич,49.691042,86.554483,,,,osm:n6755546786
debe4bc3-0b06-42ac-9987-1872585fe801,spring,Ключ Актастау,49.763056,82.669444,,,,osm:n534091071
d3c0bd94-3c49-4632-bcea-dc2a4dadc58d,spring,Кокбастау,43.154273,77.133799,,,,osm:n2491877193
a1415a37-9484-4ada-b337-f69c87b24dcb,spring,Кумыс Тау,43.159460,77.035656,,,,osm:n9924581790
f97da09e-a0f7-46c9-8dc9-0f72710077eb,spring,Кұрбатан бастауы,43.245199,77.763519,,,Вода питьевая (по данным OpenStreetMap).,osm:n12823550031
affa0701-4a1c-4174-97ab-f40a3c94d570,spring,Минеральная вода (Функционирует непостоянно),48.071561,84.131338,,,,osm:n2048609563
15705de9-8e47-4a1a-a7e0-4f3e6d14f346,spring,Молдир Булак,48.679610,55.880158,,,,osm:n13190924719
e21a098e-2544-42c3-b100-c8585e5f2ca1,spring,Озеро Атыгай,51.747235,75.628083,,,Вода не питьевая (по данным OpenStreetMap).,osm:n10187709090
e60d4f7d-8a42-4c10-b55c-1f5425343d49,spring,Озеро Балыкты,42.567081,70.157259,,,,osm:n6986711185
45568c63-c9a9-4b42-86e9-b35d0d13f587,spring,Олень,43.113373,76.913856,,,,osm:n2436806554
55b0b8fc-a1f0-4bf0-b5f6-ab9ce63bca7d,spring,Прямой ключ,49.275833,84.087500,,,,osm:n534092761
a579bfe3-fda7-4295-86fe-7f58cb7ec9ce,spring,Радоновый источник,43.922421,78.793991,,,Горячий источник.,osm:n6744981218
3ea4e91a-d56e-473a-b213-ad8a902e127c,spring,Радоны,43.350601,51.337596,,,Горячий источник.,osm:n4403343892
c53f7e67-3899-4c56-8873-adedd0cef089,spring,Род.Шоклар,42.750079,73.403558,,,Вода питьевая (по данным OpenStreetMap).,osm:n11750415028
53ce8baf-5b07-4b55-8422-d2d73a8e0499,spring,Род.Шокпанды,42.755487,73.400032,,,Вода питьевая (по данным OpenStreetMap).,osm:n11750389286
14084485-615b-43a6-993b-761f39ecad83,spring,Родник «Ведьмин ручей»,43.046582,76.912631,,,Вода не питьевая (по данным OpenStreetMap).,osm:n8977682849
2cf5c633-7683-4739-ae30-09a63de698d7,spring,Родник и пруд,50.000689,58.157006,,,,osm:n5693475121
5c03d3be-4d26-440f-8ade-7c40104f898b,spring,Родник на 133 километре,49.136352,83.337057,,,Вода питьевая (по данным OpenStreetMap).,osm:n3624571266
a3217b3d-c958-4b31-ace3-51c3981d09df,spring,Родник на Широкой сопке,52.347709,69.170772,,,,osm:n2451994605
bcc84044-c487-4f5d-b25b-ba231e24a273,spring,Родник с питьевой водой,49.910360,73.016262,,,,osm:n7551334585
bf2bbd61-1222-4e9d-a0a6-7975bbd21f80,spring,Родник саукабай,48.685833,84.564444,,,,osm:n534093890
306c6208-e581-46dc-8f49-c8b72f719025,spring,Родник светлый ключ,49.764964,82.546368,,,,osm:n534090853
6c4ec570-1ceb-4f5b-a819-5402492d1d5f,spring,Родник Тамшыбұлақ,45.128727,79.046385,,,Горячий источник.,osm:n8267501317
71ad2e66-bf1a-4358-9975-11356bac4866,spring,Родник Торайгыр,50.860789,75.639605,,,,osm:n846218871
30f376e4-b6b3-4132-8484-9d7b7df6829b,spring,Родник у стоянки,49.208536,75.947222,,,,osm:n10940167016
6d2ef195-8445-4ca0-bd1b-e66197271acf,spring,Родник Шалгия - родоновая вода,47.627131,70.640529,,,,osm:n1383964974
c295a6e8-90d9-4b1b-91df-574bff3e0d8c,spring,Родник Шокана Валиханова,43.893765,78.558202,,,Вода питьевая (по данным OpenStreetMap).,osm:n6755420269
b5c3a424-42b6-4433-9685-657bb8f09179,spring,Свинячий ключ,49.037118,83.404643,,,,osm:n5817450477
7d0f3cb5-7286-490d-aaf4-fd21b3327349,spring,Святой ключ,45.826687,80.735863,,,,osm:n3284574738
1df4d16c-29e1-4175-852f-7f8ac1422264,spring,Серебрянный ключь,50.248852,82.064475,,,,osm:n4761508624
40e41df3-68db-4277-a4f5-ee7e536fc7c9,spring,Серик Булак,43.117999,69.922701,,,,osm:n10124892617
9a15d306-88f2-4ad5-b3ab-702cfcf93d54,spring,Соленый родник,44.200168,79.746879,,,,osm:n10996330307
c8fc676c-bca6-47c2-944d-87be1f127a66,spring,Солёный родник Онере,42.605007,54.150992,,,,osm:n12201173701
dfac02a6-6c35-4e00-914c-0d39913bcab7,spring,Султан-Эпе,44.474300,51.014612,,,,osm:n9171823171
70d22bc9-a594-4351-b6ec-29e1ef759dc9,spring,Султан-Эпе (верхний),44.471712,51.010926,,,,osm:n9171823173
da7795fd-7eac-4e7d-961a-f8dd7ece6169,spring,Таза Су,51.235349,51.433771,,,,osm:n4450515490
bf39edd4-4cad-4376-9cf1-790fbf427923,spring,Тамшалы,44.586266,50.593788,,,,osm:n6472056519
f0af0108-9c8b-4f1b-b3dc-241d17b917b9,spring,Тасбулак,48.658802,66.995330,,,Вода питьевая (по данным OpenStreetMap).,osm:n12756750141
3dc7584f-eb25-4354-9858-10509ffd3d7f,spring,Тату-Бастау,43.948528,75.980522,,,,osm:n11007717867
8e108893-a94e-4ca8-bfcc-a734d5c5ff8e,spring,Ташлибулак,41.633981,69.572700,,,,osm:n2259970956
b401b11e-1325-4d63-bba0-15fe5c82783a,spring,Термальный источник Горельник,43.141721,77.066584,,,Сероводородный термальный источник.,osm:w1239564555
abbbd669-5fe5-4789-a560-563759e22c97,spring,Три берёзы,50.561843,81.969718,,,Вода питьевая (по данным OpenStreetMap).,osm:n4536301851
73b4c93d-cc08-4cdc-a7d9-cedf6b1bf1a6,spring,Уснкебулак,43.606984,79.009706,,,,osm:n11008630541
8b8747b9-ddc1-49a4-8af3-cdd1649754e8,spring,Хамза,49.923820,77.553670,,,,osm:n8895246044
035fd300-9cb4-4c45-a5f8-9637c3b9da2d,spring,Холодный ключ,49.918056,82.036667,,,,osm:n534090598
aad4d575-31e4-4f6a-b16e-c24c61c10966,spring,Холодный ключ,53.096491,70.236356,,,Самая чистая вода в Боровом.,osm:n4353998494
9022f83f-bc43-4dfb-8245-2e1a684dc5b3,spring,Шиннет Ата Тумасыодник,48.303826,85.571528,,,,osm:n9948600804
117e9aeb-a9e8-4be1-9145-3c131280cbae,spring,Шыган,44.116223,78.702180,,,,osm:n12239588887
a7120ab1-e61a-4fbd-9997-1232dc678f71,spring,Шүмек Бастау,43.279983,77.690154,,,Вода питьевая (по данным OpenStreetMap).,osm:n9945507683
37bca6c7-1ccb-43e9-b11a-bac6f18206c9,spring,Эмбулак (лечебный источник Гульсара),48.651634,66.985610,,,,osm:n12759196840
89fef0fb-71fc-42d1-9559-0f150efa12f8,spring,Қауынды Қорғанбай,42.932602,52.877104,,,,osm:n9588450617
358e08b7-af0d-442b-bdb0-9b350ea8ac64,spring,Қоштанбек бұлағы,48.684292,55.873057,,,,osm:n13229769891
9c05e9ba-8fc7-4439-9457-f49ca6b1a0d6,spring,Әулие Бастау,43.275013,77.715827,,,Вода питьевая (по данным OpenStreetMap).,osm:n12823550040
e91e55a0-b35b-427d-8c88-ba2f7c715d68,tackle_shop,Big Fish,52.284818,76.973414,,,,osm:n13821185124
917b2666-2a4f-4e76-a911-5cf7ffa63be6,tackle_shop,Fish Dream,43.204485,76.891339,,,"Адрес: улица Абиша Кекилбайулы, 38a/1. Часы работы: Mo-Su 10:00-21:00. Телефон: +77073330162. Сайт: https://opt.fishdream.kz/",osm:n12056861969
0e404dc6-771f-48a3-8752-5d54382a1830,tackle_shop,Fishmania,52.287233,76.968549,,,,osm:n13536805774
4a23cd54-53bb-4b23-a2e7-839c48e16d26,tackle_shop,Region Fish,52.275547,76.951380,,,,osm:n13624727887
1be00922-6079-43c5-a5f5-ed907bf4398d,tackle_shop,Seledkin,43.245197,76.908873,,,"Адрес: Алматы, Жамбыл көшесі, 180.",osm:n9782504593
c2aec315-38c5-4cde-a365-49b71a90d297,tackle_shop,Волна,45.017400,78.374296,,,,osm:n4335012589
6793ec0c-453a-4e2d-a337-2cd30a16ec46,tackle_shop,Исток,52.262281,76.954657,,,,osm:n13167192633
84fb3613-97a8-4392-be54-a91ba6ad80b9,tackle_shop,Клёвое место,50.623285,81.910562,,,,osm:n4437752057
5ed289b5-3d62-435a-9304-73e59f34f787,tackle_shop,Лавка рыбака,51.163830,71.458195,,,"Часы работы: Mo-Su,PH 10:00-22:00.",osm:n13148681568
eda4359a-328b-4336-932f-80d424e2fddb,tackle_shop,Поплавок,49.808691,73.089546,,,,osm:n1024969831
0cdf9686-3010-44c2-a2ec-06313501daa8,tackle_shop,Рыболов,49.209952,84.510375,,,"Адрес: Улкен Нарын, улица Абылайхана, 77.",osm:n9941470668
40d52d39-65bc-49f1-9168-5e32972547a1,tackle_shop,Рыболов,50.623412,81.916399,,,,osm:w446524308
c2ec25c8-5dcc-4f55-a0f4-dc47e9082b17,tackle_shop,Рыболов,51.242757,51.374103,,,,osm:n4450525989
df33ca24-f562-49f8-9e06-0c07db559d90,tackle_shop,Сакура,50.285518,57.165373,,,"Адрес: Актобе, 101 атқыштар бригадасы көшесі, 7.",osm:n5318924257
d09009cc-4627-4fbd-8d50-9d6dfefefdc1,tackle_shop,Улов,51.184082,71.408345,,,,osm:n12096264960
c43cd854-31d9-4dc7-a674-6e517853175d,landmark,Алатас,43.151466,77.078363,,,,osm:n10963583505
606deb9d-afbb-43cc-a748-3d6fa14287ee,landmark,Арасан,49.535537,86.488221,,,,osm:n7800014141
92485445-a653-47cb-b756-bdd09a47b8dc,landmark,Аюсай 1,43.096230,76.943978,,,,osm:n5061298381
def5aebc-981b-47a0-82fd-a2cb1fe8aa04,landmark,Аюсай 2,43.095627,76.945562,,,,osm:n9739879536
093ba0b4-822f-40c5-9127-a1633f2223f8,landmark,Аюсай 3,43.086825,76.945114,,,,osm:n9044108817
cceb846a-2d71-481b-a64e-c5705ca1af00,landmark,Батарейка,43.140188,77.007782,,,,osm:n4999671223
24935995-870d-429f-ba17-1432558b539d,landmark,Бестобе,49.318488,62.498647,,,,osm:n8024436985
0ab0de4b-6ba3-425b-9f7d-1472bdabcf16,landmark,Бурхан-Булак,45.008097,79.208324,,,,osm:n2445583108
2f731269-0802-4188-8fa5-907ada3e0841,landmark,Бурчало,52.357884,69.051129,,,,osm:n1387195297
6a7d048b-7f29-498e-9095-a48a2b74d1fc,landmark,Бутаковский водопад,43.172306,77.114007,,,,osm:n1843570839
2e91bc30-7bdd-4e95-8f2a-b6bfbdf6bc2d,landmark,Верхний бутаковский водопад,43.155881,77.121444,,,,osm:n10951332884
6d9fb987-edd2-4b4a-9847-b476c2c5ee82,landmark,Верхний водопад Горельника,43.120511,77.053985,,,,osm:n4339984191
03511330-9ad5-48bc-99ed-554e9a21ebf1,landmark,Весенний,43.118125,77.013503,,,,osm:n12138034522
d44242a7-b56e-475b-9292-d8a4364f8109,landmark,Водопад Большетюктинский,52.556212,69.278743,,,,osm:n5589119649
a8f32c7a-ed06-44d0-a914-d30633a7596c,landmark,Водопад «Большой Шымбулак» (Узын-Каргалы),43.085898,76.414504,,,,osm:n2677311606
ed8ca362-493c-4b13-9ed3-a54e44a8de5c,landmark,Водопад реки Киши-Каинды,42.402345,70.581587,,,,osm:n12201061301
29aca794-149f-4740-8775-e4ed1f6afbe9,landmark,Водопад Ульгулинский,52.928888,68.762368,,,,osm:n5592571722
ba50f830-2d6b-4237-a328-85292061e972,landmark,Водопад Хоббита,43.076564,76.983093,,,,osm:n1843664605
6011c9b8-6f17-4580-a6d4-9efbedd39c3d,landmark,Водопад Язевый,49.524733,86.289770,,,,osm:n12201155401
f31c5a09-f1bf-4155-bc6e-8405659a8084,landmark,Волчий водопад,50.872599,58.287074,,,,osm:n4937660023
e066ea6e-6269-4231-aa6e-cecfb6758061,landmark,Девичьи слёзы,43.082262,76.907757,,,,osm:n1826532293
1c09088c-361b-4590-8e59-bbee286c99c0,landmark,Джунгар водопад,44.779345,78.943244,,,,osm:n11868171169
ac4326f3-cce8-4900-88d4-35862588306a,landmark,Жилак Ата,42.186513,70.026969,,,,osm:n10088371122
f3c5e53e-f016-4a89-81dc-a23589a56774,landmark,Кайракский водопад,43.185682,77.733360,,,,osm:n2440155576
8da3840f-d505-47fc-8ec2-ab53d464ccc0,landmark,Кайынды,42.184845,70.429215,,,,osm:n2946988401
6200f310-ca31-46a6-a965-8b2b73f63562,landmark,Кимасар,43.158096,77.098250,,,,osm:n11985152042
f66b0d47-1f7f-4e8d-bf94-41e78a4e3f80,landmark,Кладбище Смерти,46.816182,75.015919,,,,osm:n7506132985
a01fc235-3a77-4fe2-94d0-7056ae502750,landmark,Кокколь,49.719258,86.662323,,,,osm:n5741487823
e75198be-1d19-42df-b35d-9130a0891591,landmark,Красный водопад,41.461705,69.433883,,,,osm:n12171829544
53e1efa0-e590-4348-a93a-a03605976c3f,landmark,Медвежий,43.281445,77.715439,,,,osm:n1843530729
68222433-8dbe-4da0-ab3e-5e3c7171a0c8,landmark,Нижний водопад Горельника,43.121265,77.053406,,,,osm:n9889534511
ea864005-a072-474d-a4c7-5d5a08220d96,landmark,Озеро Лосинное,50.407533,82.416879,,,,osm:n2931441004
0f5021f1-674f-4580-8e04-4538600333ad,landmark,Родина,51.294563,70.474651,,,,osm:n7684368785
5daaccb9-13ca-4982-ab99-5ce59244dddf,landmark,Сабындыколь,50.773053,75.711126,,,,osm:n8521626617
072f3ce2-3781-44fa-b2fc-0f364d6f5d2e,landmark,Скалистый,43.262148,77.705924,,,,osm:n12880789984
d2ab2505-b08b-4d38-9dc4-cf2e0b0ca6b0,landmark,Талгарский,43.118546,77.149171,,,,osm:n2491876922
fa3b0fc1-1c68-4d9c-ab9d-8f3005d0c46d,landmark,Текес,42.698796,79.469488,,,,osm:n4922140725
93aaf16b-ee25-4fe9-8811-a3346cb7a7fd,landmark,Черный водопад,43.104984,77.069426,,,,osm:n4541761389
7dc3a999-5b8e-4e52-9e59-e321ac42cfe5,landmark,Шукыр,43.060463,77.009712,,,,osm:n2436578672
